id,timestamp,weight_kg,t_o,t,h,p
1,"2026-04-18 17:37:43",40.5234,21.2,35.1,63.0,990.6
2,"2026-04-18 17:42:43",40.5318,21.2,35.2,62.0,990.7
3,"2026-04-18 17:47:43",40.5473,21.2,35.3,61.0,990.6
4,"2026-04-18 17:52:43",40.5431,21.0,35.4,61.0,990.6
5,"2026-04-18 17:57:43",40.5441,20.9,35.4,61.0,990.5
6,"2026-04-18 18:02:43",40.5544,20.8,35.4,59.0,990.5
7,"2026-04-18 18:07:43",40.5577,19.7,35.4,57.0,990.5
8,"2026-04-18 18:12:43",40.5629,18.8,35.5,57.0,990.6
9,"2026-04-18 18:17:43",40.5738,18.2,35.5,57.0,990.5
10,"2026-04-18 18:22:43",40.5806,17.6,35.6,59.0,990.5
11,"2026-04-18 18:27:43",40.5809,17.1,35.6,58.0,990.5
12,"2026-04-18 18:32:43",40.5854,16.7,35.6,59.0,990.5
13,"2026-04-18 18:37:43",40.5836,16.4,35.4,59.0,990.6
14,"2026-04-18 18:42:43",40.5756,16.3,35.5,59.0,990.5
15,"2026-04-18 18:47:43",40.572,16.3,35.4,60.0,990.5
16,"2026-04-18 18:52:43",40.5694,16.1,35.4,58.0,990.5
17,"2026-04-18 18:57:43",40.5676,15.9,35.5,59.0,990.5
18,"2026-04-18 19:02:43",40.5644,15.6,35.5,60.0,990.5
19,"2026-04-18 19:07:43",40.5592,15.1,35.7,60.0,990.5
20,"2026-04-18 19:12:43",40.553,14.8,35.8,56.0,990.5
21,"2026-04-18 19:17:43",40.5473,14.5,35.7,57.0,990.5
22,"2026-04-18 19:22:43",40.5435,14.1,35.7,57.0,990.5
23,"2026-04-18 19:27:43",40.9005,13.4,35.7,58.0,990.5
24,"2026-04-18 19:32:43",40.8954,12.9,35.7,58.0,990.5
25,"2026-04-18 19:37:43",40.8902,12.8,35.6,56.0,990.6
26,"2026-04-18 19:42:43",41.3032,12.0,35.7,62.0,990.6
27,"2026-04-18 19:47:43",40.8797,11.6,35.7,57.0,990.6
28,"2026-04-18 19:52:43",40.875,11.2,35.6,58.0,990.7
29,"2026-04-18 19:57:43",40.869,10.9,35.7,60.0,990.7
30,"2026-04-18 20:02:43",40.865,10.6,35.8,58.0,990.7
31,"2026-04-18 20:07:43",40.8614,10.3,35.8,58.0,990.8
32,"2026-04-18 20:12:43",40.858,10.1,35.7,60.0,990.7
33,"2026-04-18 20:17:43",40.855,9.9,35.7,60.0,990.8
34,"2026-04-18 20:22:43",40.8806,9.8,35.6,61.0,990.8
35,"2026-04-18 20:27:43",41.3429,9.6,35.5,62.0,990.8
36,"2026-04-18 20:32:43",41.341,9.6,35.5,62.0,990.8
37,"2026-04-18 20:37:43",41.338,9.2,35.5,58.0,990.9
38,"2026-04-18 20:42:43",41.3343,9.1,35.5,58.0,990.9
39,"2026-04-18 20:47:43",41.3316,9.2,35.5,61.0,991.0
40,"2026-04-18 20:52:43",41.3298,9.0,35.5,60.0,990.9
41,"2026-04-18 20:57:43",41.326,8.5,35.6,58.0,991.0
42,"2026-04-18 21:02:43",41.3238,8.4,35.6,58.0,990.9
43,"2026-04-18 21:07:43",41.3211,8.4,35.7,60.0,991.0
44,"2026-04-18 21:12:43",41.3193,8.2,35.8,60.0,990.9
45,"2026-04-18 21:17:43",41.3174,7.7,35.7,57.0,990.9
46,"2026-04-18 21:22:43",41.3158,7.8,35.6,59.0,990.9
47,"2026-04-18 21:27:43",41.3143,7.4,35.7,59.0,990.9
48,"2026-04-18 21:32:43",41.3113,7.1,35.7,59.0,991.0
49,"2026-04-18 21:37:43",41.3096,6.9,35.7,60.0,990.9
50,"2026-04-18 21:42:43",41.3056,6.8,35.7,58.0,990.9
51,"2026-04-18 21:47:43",41.3037,6.8,35.6,59.0,990.9
52,"2026-04-18 21:52:43",41.3013,6.4,35.6,59.0,990.8
53,"2026-04-18 21:57:43",41.299,6.3,35.6,56.0,990.8
54,"2026-04-18 22:02:43",41.2966,6.4,35.6,57.0,990.8
55,"2026-04-18 22:07:43",41.2959,6.2,35.5,57.0,990.8
56,"2026-04-18 22:12:43",41.2938,6.0,35.5,58.0,990.7
57,"2026-04-18 22:17:43",41.292,5.9,35.6,59.0,990.7
58,"2026-04-18 22:22:43",41.2908,5.9,35.6,56.0,990.6
59,"2026-04-18 22:27:43",41.289,5.8,35.6,57.0,990.6
60,"2026-04-18 22:32:43",41.2877,5.6,35.7,59.0,990.7
61,"2026-04-18 22:37:43",41.2857,5.4,35.7,60.0,990.7
62,"2026-04-18 22:42:43",41.2848,5.3,35.6,58.0,990.6
63,"2026-04-18 22:47:43",41.2846,5.2,35.6,58.0,990.6
64,"2026-04-18 22:52:43",41.2835,5.3,35.6,56.0,990.6
65,"2026-04-18 22:57:43",41.2833,5.4,35.5,57.0,990.6
66,"2026-04-18 23:02:43",41.2816,5.4,35.5,52.0,990.5
67,"2026-04-18 23:07:43",41.2802,5.6,35.4,55.0,990.5
68,"2026-04-18 23:12:43",41.2801,5.8,35.5,55.0,990.5
69,"2026-04-18 23:17:43",41.2806,5.6,35.5,57.0,990.5
70,"2026-04-18 23:22:43",41.2806,5.4,35.6,59.0,990.4
71,"2026-04-18 23:27:43",41.2809,5.4,35.7,58.0,990.4
72,"2026-04-18 23:32:43",41.2804,5.4,35.6,61.0,990.5
73,"2026-04-18 23:37:43",41.2811,5.3,35.5,58.0,990.4
74,"2026-04-18 23:42:43",41.2807,5.3,35.5,58.0,990.5
75,"2026-04-18 23:47:43",41.2796,5.4,35.7,53.0,990.5
76,"2026-04-18 23:52:43",41.2793,5.2,35.8,58.0,990.6
77,"2026-04-18 23:57:43",41.2792,5.2,35.8,58.0,990.5
78,"2026-04-19 00:02:43",41.2792,5.2,35.7,54.0,990.5
79,"2026-04-19 00:07:43",41.279,5.2,35.7,57.0,990.5
80,"2026-04-19 00:12:43",41.2783,5.2,35.7,57.0,990.5
81,"2026-04-19 00:17:43",41.2788,5.2,35.7,55.0,990.5
82,"2026-04-19 00:22:43",41.2787,5.2,35.6,58.0,990.5
83,"2026-04-19 00:27:43",41.2794,5.3,35.7,58.0,990.6
84,"2026-04-19 00:32:43",41.2792,5.2,35.7,56.0,990.5
85,"2026-04-19 00:37:43",41.2793,5.2,35.6,59.0,990.5
86,"2026-04-19 00:42:43",41.2803,5.1,35.7,58.0,990.5
87,"2026-04-19 00:47:43",41.2803,5.0,35.6,56.0,990.5
88,"2026-04-19 00:52:43",41.2803,4.9,35.6,56.0,990.4
89,"2026-04-19 00:57:43",41.2797,4.9,35.6,58.0,990.4
90,"2026-04-19 01:02:43",41.2802,5.3,35.6,56.0,990.4
91,"2026-04-19 01:07:43",41.2798,4.8,35.6,57.0,990.4
92,"2026-04-19 01:12:43",41.2798,4.8,35.5,58.0,990.5
93,"2026-04-19 01:17:43",41.2799,4.8,35.5,57.0,990.5
94,"2026-04-19 01:22:43",41.2794,4.6,35.5,57.0,990.5
95,"2026-04-19 01:27:43",41.2793,4.7,35.7,57.0,990.5
96,"2026-04-19 01:32:43",41.2778,4.4,35.6,61.0,990.5
97,"2026-04-19 01:37:43",41.2771,4.4,35.7,59.0,990.4
98,"2026-04-19 01:42:43",41.2759,3.9,35.6,54.0,990.3
99,"2026-04-19 01:47:43",41.2752,3.7,35.6,57.0,990.3
100,"2026-04-19 01:52:43",41.2743,3.6,35.5,54.0,990.3
101,"2026-04-19 01:57:43",41.2739,3.6,35.5,56.0,990.2
102,"2026-04-19 02:02:43",41.2731,3.5,35.5,55.0,990.2
103,"2026-04-19 02:07:43",41.2725,3.5,35.3,59.0,990.2
104,"2026-04-19 02:12:43",41.272,3.6,35.3,59.0,990.2
105,"2026-04-19 02:17:43",41.2715,3.6,35.5,59.0,990.1
106,"2026-04-19 02:22:43",41.2705,3.9,35.4,57.0,990.1
107,"2026-04-19 02:27:43",41.2722,4.2,35.5,57.0,990.1
108,"2026-04-19 02:32:43",41.2731,4.2,35.5,55.0,990.0
109,"2026-04-19 02:37:43",41.2741,4.6,35.5,58.0,990.0
110,"2026-04-19 02:42:43",41.2758,4.4,35.5,54.0,990.0
111,"2026-04-19 02:47:43",41.277,4.3,35.5,55.0,990.0
112,"2026-04-19 02:52:43",41.2782,4.2,35.4,57.0,989.9
113,"2026-04-19 02:57:43",41.2797,4.2,35.4,57.0,989.8
114,"2026-04-19 03:02:43",41.2809,4.4,35.5,56.0,989.8
115,"2026-04-19 03:07:43",41.281,4.4,35.5,56.0,989.8
116,"2026-04-19 03:12:43",41.2831,4.4,35.6,57.0,989.7
117,"2026-04-19 03:17:43",41.2842,4.5,35.6,58.0,989.7
118,"2026-04-19 03:22:43",41.2853,4.5,35.6,57.0,989.7
119,"2026-04-19 03:27:43",41.2869,4.5,35.6,56.0,989.7
120,"2026-04-19 03:32:43",41.2879,4.5,35.7,58.0,989.7
121,"2026-04-19 03:37:43",41.2885,4.4,35.8,60.0,989.6
122,"2026-04-19 03:42:43",41.2886,4.4,35.8,57.0,989.7
123,"2026-04-19 03:47:43",41.2893,4.4,35.7,57.0,989.7
124,"2026-04-19 03:52:43",41.2892,4.4,35.7,56.0,989.6
125,"2026-04-19 03:57:43",41.2895,4.5,35.6,55.0,989.6
126,"2026-04-19 04:02:43",41.2893,4.5,35.6,56.0,989.6
127,"2026-04-19 04:07:43",41.2899,4.4,35.5,58.0,989.5
128,"2026-04-19 04:12:43",41.2898,4.4,35.6,60.0,989.5
129,"2026-04-19 04:17:43",41.2894,4.2,35.6,58.0,989.5
130,"2026-04-19 04:22:43",41.2879,3.9,35.6,58.0,989.5
131,"2026-04-19 04:27:43",41.2859,4.1,35.7,58.0,989.4
132,"2026-04-19 04:32:43",41.2855,4.4,35.8,56.0,989.3
133,"2026-04-19 04:37:43",41.2844,4.2,35.8,57.0,989.3
134,"2026-04-19 04:42:43",41.2829,4.2,35.8,57.0,989.2
135,"2026-04-19 04:47:43",41.2817,4.1,35.8,54.0,989.2
136,"2026-04-19 04:52:43",41.2824,4.3,35.6,57.0,989.3
137,"2026-04-19 04:57:43",41.2828,4.4,35.6,55.0,989.3
138,"2026-04-19 05:02:43",41.283,4.4,35.6,56.0,989.2
139,"2026-04-19 05:07:43",41.283,4.6,35.6,54.0,989.2
140,"2026-04-19 05:12:43",41.2832,4.6,35.7,57.0,989.1
141,"2026-04-19 05:17:43",41.2835,4.4,35.8,56.0,989.1
142,"2026-04-19 05:22:43",41.2825,4.2,35.8,59.0,989.0
143,"2026-04-19 05:27:43",41.2823,3.9,35.8,56.0,989.0
144,"2026-04-19 05:32:43",41.2808,3.9,35.7,56.0,989.0
145,"2026-04-19 05:37:43",41.281,3.9,35.7,57.0,988.9
146,"2026-04-19 05:42:43",41.2803,3.8,35.6,56.0,988.9
147,"2026-04-19 05:47:43",41.2799,3.7,35.6,56.0,988.9
148,"2026-04-19 05:52:43",41.2796,3.6,35.6,53.0,988.9
149,"2026-04-19 05:57:43",41.2789,3.5,35.7,53.0,988.9
150,"2026-04-19 06:02:43",41.2784,3.5,35.7,57.0,988.9
151,"2026-04-19 06:07:43",41.2776,3.4,35.7,59.0,988.9
152,"2026-04-19 06:12:43",41.2778,3.3,35.7,57.0,988.9
153,"2026-04-19 06:17:43",41.2762,3.6,35.7,57.0,988.8
154,"2026-04-19 06:22:43",41.2755,3.4,35.6,55.0,988.9
155,"2026-04-19 06:27:43",41.2746,3.2,35.5,57.0,988.9
156,"2026-04-19 06:32:43",41.2742,3.2,35.6,60.0,988.9
157,"2026-04-19 06:37:43",41.273,3.6,35.6,58.0,988.9
158,"2026-04-19 06:42:43",41.2742,4.2,35.6,61.0,988.9
159,"2026-04-19 06:47:43",41.276,4.6,35.7,59.0,988.9
160,"2026-04-19 06:52:43",41.2777,5.0,35.7,60.0,988.8
161,"2026-04-19 06:57:43",41.2791,5.2,35.7,54.0,988.9
162,"2026-04-19 07:02:43",41.2816,5.6,35.6,55.0,988.9
163,"2026-04-19 07:07:43",41.2847,5.9,35.6,57.0,988.8
164,"2026-04-19 07:12:43",41.2877,6.8,35.7,58.0,988.7
165,"2026-04-19 07:17:43",41.2895,7.0,35.7,59.0,988.7
166,"2026-04-19 07:22:43",41.292,7.3,35.7,59.0,988.7
167,"2026-04-19 07:27:43",41.2943,7.7,35.7,58.0,988.7
168,"2026-04-19 07:32:43",41.2976,8.2,35.9,58.0,988.7
169,"2026-04-19 07:37:43",41.2994,8.9,36.0,60.0,988.7
170,"2026-04-19 07:42:43",41.3039,9.4,36.0,60.0,988.7
171,"2026-04-19 07:47:43",41.3071,9.8,35.9,58.0,988.7
172,"2026-04-19 07:52:43",41.3102,10.1,36.0,58.0,988.7
173,"2026-04-19 07:57:43",41.3112,10.4,36.0,56.0,988.7
174,"2026-04-19 08:02:43",41.3102,10.9,35.9,53.0,988.6
175,"2026-04-19 08:07:43",41.3085,11.2,35.8,57.0,988.6
176,"2026-04-19 08:12:43",41.3087,11.7,35.8,61.0,988.5
177,"2026-04-19 08:17:43",41.3002,11.7,35.9,62.0,988.5
178,"2026-04-19 08:22:43",41.2866,12.1,35.8,60.0,988.4
179,"2026-04-19 08:27:43",41.2721,12.8,35.9,60.0,988.4
180,"2026-04-19 08:32:43",41.2488,13.4,35.9,59.0,988.4
181,"2026-04-19 08:37:43",41.2207,13.9,36.0,56.0,988.4
182,"2026-04-19 08:42:43",41.1888,13.9,36.0,57.0,988.4
183,"2026-04-19 08:47:43",41.1573,13.9,36.1,54.0,988.4
184,"2026-04-19 08:52:43",41.1254,14.5,36.0,60.0,988.3
185,"2026-04-19 08:57:43",41.0987,15.0,36.1,59.0,988.3
186,"2026-04-19 09:02:43",41.0751,15.6,36.1,55.0,988.3
187,"2026-04-19 09:07:43",41.0573,15.8,36.2,55.0,988.2
188,"2026-04-19 09:12:43",41.0496,16.1,36.2,57.0,988.2
189,"2026-04-19 09:17:43",41.0531,15.7,36.3,56.0,988.1
190,"2026-04-19 09:22:43",41.0519,16.6,36.3,54.0,988.0
191,"2026-04-19 09:27:43",41.0522,16.8,36.4,55.0,988.1
192,"2026-04-19 09:32:43",41.0504,17.2,36.4,57.0,988.0
193,"2026-04-19 09:37:43",41.0522,17.4,36.3,55.0,988.0
194,"2026-04-19 09:42:43",41.0758,18.1,36.4,56.0,987.9
195,"2026-04-19 09:47:43",41.0856,18.6,36.4,55.0,987.9
196,"2026-04-19 09:52:43",41.0963,18.1,36.4,56.0,987.9
197,"2026-04-19 09:57:43",41.115,18.2,36.5,55.0,988.0
198,"2026-04-19 10:02:43",40.7022,18.1,36.5,49.0,987.9
199,"2026-04-19 10:07:43",40.705,17.8,36.5,52.0,987.9
200,"2026-04-19 10:12:43",40.713,18.4,36.5,51.0,987.8
201,"2026-04-19 10:17:43",40.7073,19.2,36.4,53.0,987.8
202,"2026-04-19 10:22:43",40.7219,19.7,36.3,57.0,987.8
203,"2026-04-19 10:27:43",40.7309,19.1,36.3,59.0,987.8
204,"2026-04-19 10:32:43",40.7349,19.3,36.4,56.0,987.7
205,"2026-04-19 10:37:43",40.7445,19.2,36.2,55.0,987.7
206,"2026-04-19 10:42:43",40.7585,19.4,36.4,55.0,987.7
207,"2026-04-19 10:47:43",41.1819,19.4,36.4,48.0,987.7
208,"2026-04-19 10:52:43",41.1938,19.4,36.5,53.0,987.7
209,"2026-04-19 10:57:43",41.1894,19.1,36.4,46.0,987.6
210,"2026-04-19 11:02:43",41.196,19.8,36.4,53.0,987.7
211,"2026-04-19 11:07:43",41.1934,19.6,36.4,54.0,987.6
212,"2026-04-19 11:12:43",41.205,20.0,36.3,47.0,987.6
213,"2026-04-19 11:17:43",41.2197,19.6,36.2,50.0,987.6
214,"2026-04-19 11:22:43",41.2389,20.1,36.2,49.0,987.6
215,"2026-04-19 11:27:43",41.2529,19.8,36.2,48.0,987.6
216,"2026-04-19 11:32:43",41.257,19.7,36.1,47.0,987.5
217,"2026-04-19 11:37:43",41.266,20.0,36.2,54.0,987.5
218,"2026-04-19 11:42:43",41.2762,19.6,36.2,53.0,987.5
219,"2026-04-19 11:47:43",41.291,19.7,36.2,51.0,987.5
220,"2026-04-19 11:52:43",41.2907,19.6,36.2,50.0,987.4
221,"2026-04-19 11:57:43",41.3067,19.6,36.3,55.0,987.4
222,"2026-04-19 12:02:43",41.3221,19.6,36.2,60.0,987.4
223,"2026-04-19 12:07:43",41.3223,20.4,36.3,54.0,987.4
224,"2026-04-19 12:12:43",41.3226,20.3,36.3,54.0,987.3
225,"2026-04-19 12:17:43",41.3321,20.2,36.2,50.0,987.3
226,"2026-04-19 12:22:43",41.3466,20.1,36.2,54.0,987.2
227,"2026-04-19 12:27:43",41.3616,21.1,36.1,57.0,987.1
228,"2026-04-19 12:32:43",41.3672,21.4,36.2,59.0,987.0
229,"2026-04-19 12:37:43",41.3735,21.3,36.4,56.0,986.9
230,"2026-04-19 12:42:43",41.3933,21.6,36.3,56.0,986.8
231,"2026-04-19 12:47:43",41.3797,21.4,36.4,48.0,986.8
232,"2026-04-19 12:52:43",41.3909,21.6,36.5,60.0,986.7
233,"2026-04-19 12:57:43",41.4066,21.9,36.3,56.0,986.6
234,"2026-04-19 13:02:43",41.4021,21.3,36.4,52.0,986.6
235,"2026-04-19 13:07:43",41.4188,21.2,36.3,60.0,986.5
236,"2026-04-19 13:12:43",41.4211,21.5,36.3,60.0,986.5
237,"2026-04-19 13:17:43",41.4365,22.1,36.3,56.0,986.4
238,"2026-04-19 13:22:43",41.4262,22.0,36.2,60.0,986.3
239,"2026-04-19 13:27:43",41.4231,21.6,36.2,53.0,986.2
240,"2026-04-19 13:32:43",41.4222,21.9,36.2,53.0,986.1
241,"2026-04-19 13:37:43",41.4383,22.6,36.3,54.0,986.1
242,"2026-04-19 13:42:43",41.4281,21.8,36.3,43.0,986.0
243,"2026-04-19 13:47:43",41.432,22.6,36.2,54.0,985.9
244,"2026-04-19 13:52:43",41.4304,22.6,36.3,53.0,985.8
245,"2026-04-19 13:57:43",41.4385,22.2,36.2,56.0,985.9
246,"2026-04-19 14:02:43",41.4226,22.8,36.2,59.0,985.7
247,"2026-04-19 14:07:43",41.4224,22.0,36.2,60.0,985.7
248,"2026-04-19 14:12:43",41.4149,21.8,36.2,49.0,985.7
249,"2026-04-19 14:17:43",41.4245,21.1,36.2,52.0,985.7
250,"2026-04-19 14:22:43",41.4407,22.1,36.4,57.0,985.6
251,"2026-04-19 14:27:43",41.4418,21.8,36.3,52.0,985.6
252,"2026-04-19 14:32:43",41.4395,21.1,36.1,56.0,985.7
253,"2026-04-19 14:37:43",41.4712,20.6,36.0,53.0,985.6
254,"2026-04-19 14:42:43",41.4913,20.3,36.1,61.0,985.6
255,"2026-04-19 14:47:43",41.5139,20.4,36.1,58.0,985.4
256,"2026-04-19 14:52:43",41.5261,20.0,36.1,56.0,985.5
257,"2026-04-19 14:57:43",41.5409,19.9,36.1,63.0,985.4
258,"2026-04-19 15:02:43",41.567,19.8,36.1,60.0,985.4
259,"2026-04-19 15:07:43",41.5722,19.6,36.1,60.0,985.3
260,"2026-04-19 15:12:43",41.6033,19.2,36.1,62.0,985.3
261,"2026-04-19 15:17:43",41.6431,18.8,36.1,59.0,985.2
262,"2026-04-19 15:22:43",41.6631,18.6,36.0,55.0,985.2
263,"2026-04-19 15:27:43",41.6708,18.5,36.1,57.0,985.2
264,"2026-04-19 15:32:43",41.6504,18.4,36.0,54.0,985.2
265,"2026-04-19 15:37:43",41.638,18.4,36.0,51.0,985.1
266,"2026-04-19 15:42:43",41.6413,18.4,35.9,55.0,985.2
267,"2026-04-19 15:47:43",41.6635,18.2,35.9,57.0,985.2
268,"2026-04-19 15:52:43",41.6677,18.1,35.8,56.0,985.3
269,"2026-04-19 15:57:43",41.6749,17.7,35.8,55.0,986.0
270,"2026-04-19 16:02:43",40.8319,15.3,35.8,54.0,986.2
271,"2026-04-19 16:07:43",40.8148,14.0,35.8,57.0,986.3
272,"2026-04-19 16:12:43",40.8491,13.4,35.8,58.0,986.5
273,"2026-04-19 16:17:43",40.8316,13.1,35.8,54.0,986.5
274,"2026-04-19 16:22:43",40.8492,12.8,35.8,53.0,986.6
275,"2026-04-19 16:27:43",40.8612,12.7,35.8,56.0,986.6
276,"2026-04-19 16:32:43",40.8801,12.6,35.9,54.0,986.6
277,"2026-04-19 16:37:43",40.8936,12.2,35.8,55.0,986.7
278,"2026-04-19 16:42:43",40.9068,11.9,35.8,56.0,986.7
279,"2026-04-19 16:47:43",40.9319,11.8,35.7,49.0,986.6
280,"2026-04-19 16:52:43",40.9427,11.7,35.7,51.0,986.6
281,"2026-04-19 16:57:43",40.9445,11.7,35.6,58.0,986.6
282,"2026-04-19 17:02:43",40.9606,11.7,35.5,55.0,986.6
283,"2026-04-19 17:07:43",40.9642,11.8,35.6,58.0,986.6
284,"2026-04-19 17:12:43",40.9723,11.9,35.5,54.0,986.6
285,"2026-04-19 17:17:43",40.9688,12.1,35.4,56.0,986.5
286,"2026-04-19 17:22:43",40.9625,12.0,35.5,56.0,986.3
287,"2026-04-19 17:27:43",40.9674,12.1,35.5,60.0,986.3
288,"2026-04-19 17:32:43",40.9711,12.1,35.4,60.0,986.3
289,"2026-04-19 17:37:43",40.9756,12.0,35.5,52.0,986.1
290,"2026-04-19 17:42:43",40.98,12.1,35.6,61.0,986.1
291,"2026-04-19 17:47:43",40.9778,12.2,35.7,59.0,985.9
292,"2026-04-19 17:52:43",40.9789,12.2,35.6,53.0,985.8
293,"2026-04-19 17:57:43",40.976,12.1,35.6,56.0,985.8
294,"2026-04-19 18:02:43",40.9656,12.3,35.4,55.0,985.9
295,"2026-04-19 18:07:43",40.9601,12.1,35.5,55.0,985.9
296,"2026-04-19 18:12:43",40.9555,12.1,35.5,56.0,985.9
297,"2026-04-19 18:17:43",40.9517,12.1,35.5,52.0,985.8
298,"2026-04-19 18:22:43",40.9484,12.1,35.5,56.0,985.7
299,"2026-04-19 18:27:43",40.9469,12.1,35.5,56.0,985.6
300,"2026-04-19 18:32:43",40.9444,12.0,35.6,54.0,985.6
301,"2026-04-19 18:37:43",40.9459,11.9,35.6,55.0,985.6
302,"2026-04-19 18:42:43",40.9466,11.9,35.5,58.0,985.5
303,"2026-04-19 18:47:43",40.9484,12.1,35.6,55.0,985.5
304,"2026-04-19 18:52:43",40.9472,12.1,35.7,57.0,985.5
305,"2026-04-19 18:57:43",40.9466,12.1,35.7,59.0,985.6
306,"2026-04-19 19:02:43",40.9465,12.0,35.6,57.0,985.6
307,"2026-04-19 19:07:43",40.9442,11.9,35.6,55.0,985.5
308,"2026-04-19 19:12:43",40.9424,11.9,35.4,53.0,985.5
309,"2026-04-19 19:17:43",40.9395,11.8,35.4,55.0,985.5
310,"2026-04-19 19:22:43",40.9376,11.7,35.5,54.0,985.5
311,"2026-04-19 19:27:43",40.9352,11.6,35.4,54.0,985.5
312,"2026-04-19 19:32:43",40.933,11.6,35.5,54.0,985.6
313,"2026-04-19 19:37:43",40.931,11.5,35.5,54.0,985.6
314,"2026-04-19 19:42:43",40.9291,11.4,35.5,51.0,985.7
315,"2026-04-19 19:47:43",40.9268,11.4,35.5,53.0,985.7
316,"2026-04-19 19:52:43",40.9255,11.4,35.5,54.0,985.7
317,"2026-04-19 19:57:43",40.9254,11.4,35.4,55.0,985.6
318,"2026-04-19 20:02:43",40.9264,11.4,35.4,56.0,985.7
319,"2026-04-19 20:07:43",40.9265,11.4,35.5,59.0,985.8
320,"2026-04-19 20:12:43",40.9248,11.4,35.5,52.0,985.9
321,"2026-04-19 20:17:43",40.9234,11.2,35.5,56.0,985.9
322,"2026-04-19 20:22:43",40.9227,11.2,35.6,54.0,985.9
323,"2026-04-19 20:27:43",40.9222,11.1,35.6,55.0,985.9
324,"2026-04-19 20:32:43",40.9213,11.2,35.5,57.0,986.0
325,"2026-04-19 20:37:43",40.9203,11.1,35.5,52.0,986.0
326,"2026-04-19 20:42:43",40.9201,11.1,35.5,57.0,985.9
327,"2026-04-19 20:47:43",40.9208,11.1,35.5,60.0,986.0
328,"2026-04-19 20:52:42",40.9195,11.1,35.5,53.0,986.0
329,"2026-04-19 20:57:43",40.9192,11.0,35.5,57.0,985.9
330,"2026-04-19 21:02:43",40.9199,10.9,35.6,55.0,986.0
331,"2026-04-19 21:07:43",40.9185,10.8,35.6,56.0,986.0
332,"2026-04-19 21:12:42",40.9176,10.9,35.5,51.0,986.0
333,"2026-04-19 21:17:43",40.917,10.8,35.6,51.0,985.9
334,"2026-04-19 21:22:43",40.9164,10.6,35.6,52.0,985.9
335,"2026-04-19 21:27:43",40.9154,10.7,35.7,53.0,986.0
336,"2026-04-19 21:32:43",40.9139,10.8,35.6,52.0,986.0
337,"2026-04-19 21:37:43",40.9132,10.8,35.6,55.0,986.0
338,"2026-04-19 21:42:43",40.9126,10.8,35.6,55.0,986.0
339,"2026-04-19 21:47:43",40.9108,10.8,35.6,51.0,986.1
340,"2026-04-19 21:52:43",40.9048,10.8,35.5,49.0,986.2
341,"2026-04-19 21:57:43",40.9072,10.9,35.5,55.0,986.4
342,"2026-04-19 22:02:43",40.8983,10.8,35.4,51.0,986.5
343,"2026-04-19 22:07:43",40.9037,10.6,35.5,55.0,986.5
344,"2026-04-19 22:12:42",40.9031,10.4,35.5,52.0,986.5
345,"2026-04-19 22:17:43",40.9055,10.4,35.6,53.0,986.5
346,"2026-04-19 22:22:43",40.9014,10.2,35.6,54.0,986.5
347,"2026-04-19 22:27:42",40.905,10.1,35.5,57.0,986.4
348,"2026-04-19 22:32:42",40.9016,9.9,35.5,54.0,986.4
349,"2026-04-19 22:37:42",40.8983,9.9,35.5,49.0,986.3
350,"2026-04-19 22:42:42",40.8963,9.9,35.5,54.0,986.5
351,"2026-04-19 22:47:43",40.8847,9.9,35.5,53.0,986.4
352,"2026-04-19 22:52:42",40.8887,9.9,35.6,55.0,986.4
353,"2026-04-19 22:57:43",40.8841,9.8,35.5,55.0,986.4
354,"2026-04-19 23:02:43",40.8798,9.7,35.5,55.0,986.5
355,"2026-04-19 23:07:42",40.8787,9.6,35.4,51.0,986.5
356,"2026-04-19 23:12:43",40.877,9.5,35.4,52.0,986.6
357,"2026-04-19 23:17:42",40.8703,9.6,35.4,55.0,986.7
358,"2026-04-19 23:22:42",40.8708,9.6,35.4,58.0,986.8
359,"2026-04-19 23:27:43",40.8639,9.4,35.4,56.0,986.8
360,"2026-04-19 23:32:42",40.8639,9.1,35.5,55.0,986.8
361,"2026-04-19 23:37:43",40.8611,9.0,35.5,53.0,986.8
362,"2026-04-19 23:42:42",40.8598,8.6,35.5,53.0,986.8
363,"2026-04-19 23:47:43",40.856,8.1,35.5,55.0,986.9
364,"2026-04-19 23:52:42",40.8523,7.9,35.6,51.0,986.9
365,"2026-04-19 23:57:42",40.8486,7.9,35.6,52.0,986.9
366,"2026-04-20 00:02:43",40.8463,8.0,35.5,59.0,986.8
367,"2026-04-20 00:07:42",40.8429,7.8,35.6,55.0,986.8
368,"2026-04-20 00:12:42",40.8405,7.8,35.6,55.0,986.8
369,"2026-04-20 00:17:42",40.8397,7.6,35.7,53.0,987.0
370,"2026-04-20 00:22:42",40.8361,7.6,35.7,54.0,987.0
371,"2026-04-20 00:27:42",40.8344,7.6,35.6,53.0,987.0
372,"2026-04-20 00:32:42",40.8328,7.5,35.7,52.0,987.0
373,"2026-04-20 00:37:42",40.8308,7.4,35.6,52.0,987.1
374,"2026-04-20 00:42:43",40.8299,7.4,35.5,53.0,987.1
375,"2026-04-20 00:47:42",40.8306,7.4,35.5,52.0,987.1
376,"2026-04-20 00:52:42",40.8277,7.2,35.6,56.0,987.0
377,"2026-04-20 00:57:42",40.8263,7.2,35.6,52.0,987.0
378,"2026-04-20 01:02:42",40.824,7.1,35.6,55.0,987.0
379,"2026-04-20 01:07:42",40.8248,7.1,35.5,51.0,986.9
380,"2026-04-20 01:12:42",40.8208,6.8,35.5,53.0,986.9
381,"2026-04-20 01:17:42",40.8199,6.7,35.5,54.0,986.9
382,"2026-04-20 01:22:42",40.82,6.8,35.5,52.0,986.9
383,"2026-04-20 01:27:42",40.8182,6.6,35.5,56.0,987.0
384,"2026-04-20 01:32:42",40.816,6.5,35.5,55.0,986.9
385,"2026-04-20 01:37:43",40.8151,6.7,35.4,49.0,986.8
386,"2026-04-20 01:42:42",40.8138,6.5,35.4,53.0,986.9
387,"2026-04-20 01:47:42",40.8102,6.4,35.4,54.0,987.0
388,"2026-04-20 01:52:42",40.8056,6.8,35.3,53.0,987.1
389,"2026-04-20 01:57:42",40.8055,7.1,35.4,53.0,987.0
390,"2026-04-20 02:02:43",40.8086,7.1,35.4,54.0,987.0
391,"2026-04-20 02:07:42",40.7977,7.2,35.5,52.0,986.9
392,"2026-04-20 02:12:42",40.8015,7.1,35.5,49.0,986.9
393,"2026-04-20 02:17:42",40.8052,7.0,35.5,51.0,987.0
394,"2026-04-20 02:22:45",40.7977,6.9,35.5,54.0,987.0
395,"2026-04-20 02:27:42",40.7998,6.8,35.5,51.0,987.0
396,"2026-04-20 02:32:42",40.7826,6.8,35.5,51.0,987.1
397,"2026-04-20 02:37:42",40.7808,6.8,35.5,52.0,987.1
398,"2026-04-20 02:42:43",40.7865,6.8,35.4,51.0,987.2
399,"2026-04-20 02:47:43",40.7816,6.7,35.4,54.0,987.2
400,"2026-04-20 02:52:42",40.7828,6.7,35.5,52.0,987.3
401,"2026-04-20 02:57:42",40.7549,6.6,35.4,51.0,987.3
402,"2026-04-20 03:02:42",40.7797,6.6,35.4,47.0,987.4
403,"2026-04-20 03:07:42",40.7714,6.4,35.5,57.0,987.3
404,"2026-04-20 03:12:42",40.7776,6.3,35.5,50.0,987.2
405,"2026-04-20 03:17:42",40.7755,6.2,35.5,47.0,987.3
406,"2026-04-20 03:22:42",40.7684,6.1,35.4,49.0,987.4
407,"2026-04-20 03:27:42",40.7687,6.2,35.5,56.0,987.5
408,"2026-04-20 03:32:42",40.7651,6.2,35.5,51.0,987.4
409,"2026-04-20 03:37:42",40.7627,6.2,35.6,53.0,987.3
410,"2026-04-20 03:42:42",40.7628,6.2,35.6,54.0,987.3
411,"2026-04-20 03:47:42",40.7574,6.2,35.6,53.0,987.3
412,"2026-04-20 03:52:42",40.7563,6.2,35.5,52.0,987.4
413,"2026-04-20 03:57:42",40.7564,6.0,35.5,50.0,987.5
414,"2026-04-20 04:02:42",40.7549,5.9,35.5,53.0,987.3
415,"2026-04-20 04:07:42",40.7523,5.8,35.6,51.0,987.3
416,"2026-04-20 04:12:42",40.7515,5.7,35.5,50.0,987.1
417,"2026-04-20 04:17:42",40.7465,5.7,35.5,52.0,987.2
418,"2026-04-20 04:22:42",40.746,5.8,35.5,50.0,987.2
419,"2026-04-20 04:27:42",40.7435,5.6,35.6,50.0,987.1
420,"2026-04-20 04:32:42",40.7425,5.5,35.6,50.0,987.2
421,"2026-04-20 04:37:42",40.7388,5.6,35.5,49.0,987.2
422,"2026-04-20 04:42:42",40.739,5.6,35.5,55.0,987.2
423,"2026-04-20 04:47:42",40.737,5.6,35.4,47.0,987.2
424,"2026-04-20 04:52:42",40.7369,5.9,35.3,51.0,987.1
425,"2026-04-20 04:57:42",40.7352,5.9,35.4,50.0,987.1
426,"2026-04-20 05:02:42",40.733,6.0,35.5,50.0,987.1
427,"2026-04-20 05:07:42",40.7313,6.1,35.5,53.0,987.1
428,"2026-04-20 05:12:42",40.7349,6.2,35.5,51.0,986.9
429,"2026-04-20 05:17:42",40.7263,6.2,35.5,54.0,986.9
430,"2026-04-20 05:22:42",40.7335,6.2,35.5,55.0,987.0
431,"2026-04-20 05:27:42",40.7355,6.3,35.5,54.0,986.9
432,"2026-04-20 05:32:42",40.7334,6.3,35.5,51.0,987.0
433,"2026-04-20 05:37:42",40.7318,6.3,35.5,54.0,987.0
434,"2026-04-20 05:42:42",40.7316,6.3,35.5,49.0,987.0
435,"2026-04-20 05:47:42",40.7302,6.2,35.6,49.0,986.9
436,"2026-04-20 05:52:42",40.7286,6.3,35.5,50.0,987.0
437,"2026-04-20 05:57:42",40.7279,6.4,35.5,52.0,986.9
438,"2026-04-20 06:02:42",40.7274,6.2,35.4,46.0,986.9
439,"2026-04-20 06:07:42",40.7261,6.1,35.5,52.0,986.9
440,"2026-04-20 06:12:42",40.7252,6.0,35.5,56.0,987.0
441,"2026-04-20 06:17:42",40.7234,6.1,35.5,53.0,987.0
442,"2026-04-20 06:22:42",40.7224,6.3,35.6,53.0,987.0
443,"2026-04-20 06:27:42",40.7211,6.4,35.5,52.0,987.0
444,"2026-04-20 06:32:42",40.7209,6.8,35.5,54.0,987.0
445,"2026-04-20 06:37:42",40.7205,7.1,35.4,51.0,987.0
446,"2026-04-20 06:42:42",40.7206,7.3,35.5,51.0,987.0
447,"2026-04-20 06:47:42",40.7205,7.4,35.5,53.0,987.1
448,"2026-04-20 06:52:42",40.7208,7.6,35.6,48.0,987.0
449,"2026-04-20 06:57:42",40.7204,7.5,35.5,49.0,987.1
450,"2026-04-20 07:02:42",40.7189,7.5,35.5,47.0,987.1
451,"2026-04-20 07:07:42",40.7187,7.6,35.5,49.0,987.2
452,"2026-04-20 07:12:42",40.7162,7.7,35.5,51.0,987.1
453,"2026-04-20 07:17:42",40.7149,7.8,35.6,49.0,987.1
454,"2026-04-20 07:22:42",40.7131,7.9,35.5,51.0,987.1
455,"2026-04-20 07:27:42",40.712,8.2,35.4,49.0,987.2
456,"2026-04-20 07:32:42",40.7113,8.4,35.5,52.0,987.2
457,"2026-04-20 07:37:42",40.7069,8.4,35.5,54.0,987.2
458,"2026-04-20 07:42:42",40.7076,8.8,35.6,50.0,987.2
459,"2026-04-20 07:47:42",40.7059,8.8,35.5,51.0,987.1
460,"2026-04-20 07:52:42",40.7026,8.7,35.5,54.0,987.1
461,"2026-04-20 07:57:42",40.7043,8.8,35.5,51.0,987.0
462,"2026-04-20 08:02:42",40.7021,8.7,35.5,54.0,987.0
463,"2026-04-20 08:07:42",40.7001,8.8,35.6,55.0,986.9
464,"2026-04-20 08:12:42",40.6977,8.9,35.6,51.0,987.0
465,"2026-04-20 08:17:42",40.6932,8.6,35.6,53.0,987.0
466,"2026-04-20 08:22:42",40.6907,8.4,35.5,49.0,987.0
467,"2026-04-20 08:27:42",40.6881,8.5,35.5,51.0,987.0
468,"2026-04-20 08:32:42",40.6852,8.4,35.6,52.0,987.1
469,"2026-04-20 08:37:42",40.6795,8.2,35.5,53.0,987.1
470,"2026-04-20 08:42:42",40.6785,8.2,35.5,53.0,987.2
471,"2026-04-20 08:47:42",40.6747,8.3,35.5,53.0,987.2
472,"2026-04-20 08:52:42",40.6726,8.3,35.5,48.0,987.2
473,"2026-04-20 08:57:42",40.6695,8.2,35.5,53.0,987.2
474,"2026-04-20 09:02:42",40.6665,8.5,35.5,52.0,987.2
475,"2026-04-20 09:07:42",40.6624,8.9,35.5,52.0,987.2
476,"2026-04-20 09:12:42",40.662,9.4,35.4,48.0,987.2
477,"2026-04-20 09:17:42",40.659,9.4,35.5,48.0,987.2
478,"2026-04-20 09:22:42",40.6619,9.6,35.5,50.0,987.2
479,"2026-04-20 09:27:42",40.6599,9.2,35.5,50.0,987.2
480,"2026-04-20 09:32:42",40.6583,9.8,35.4,49.0,987.2
481,"2026-04-20 09:37:42",40.655,10.6,35.4,50.0,987.1
482,"2026-04-20 09:42:42",40.6537,10.4,35.5,52.0,987.0
483,"2026-04-20 09:47:42",40.6454,10.2,35.5,49.0,987.1
484,"2026-04-20 09:52:42",40.643,10.6,35.4,53.0,987.1
485,"2026-04-20 09:57:42",40.6508,10.8,35.5,53.0,987.1
486,"2026-04-20 10:02:42",40.653,10.9,35.6,52.0,987.1
487,"2026-04-20 10:07:42",40.6578,10.5,35.6,54.0,987.1
488,"2026-04-20 10:12:42",40.665,10.7,35.6,53.0,987.2
489,"2026-04-20 10:17:42",40.6655,10.6,35.7,50.0,987.1
490,"2026-04-20 10:22:42",40.6672,10.3,35.6,53.0,987.2
491,"2026-04-20 10:27:42",40.6637,10.0,35.7,49.0,987.2
492,"2026-04-20 10:32:42",40.6609,10.1,35.8,54.0,987.1
493,"2026-04-20 10:37:42",40.6585,10.6,35.8,53.0,987.1
494,"2026-04-20 10:42:42",40.6536,11.0,35.7,48.0,987.1
495,"2026-04-20 10:47:42",40.6496,10.7,35.7,51.0,987.1
496,"2026-04-20 10:52:42",40.6311,11.1,35.8,50.0,987.1
497,"2026-04-20 10:57:42",40.6201,11.2,35.8,51.0,987.1
498,"2026-04-20 11:02:42",40.6327,11.4,35.8,53.0,987.1
499,"2026-04-20 11:07:42",40.653,11.4,35.8,50.0,987.0
500,"2026-04-20 11:12:42",40.6626,11.8,35.7,51.0,987.0
501,"2026-04-20 11:17:42",40.6733,11.0,35.7,49.0,987.0
502,"2026-04-20 11:22:42",40.6818,10.9,35.7,49.0,986.9
503,"2026-04-20 11:27:42",40.6886,11.4,35.7,48.0,986.9
504,"2026-04-20 11:32:42",40.6923,11.8,35.7,51.0,986.9
505,"2026-04-20 11:37:42",40.6963,11.3,35.7,50.0,986.9
506,"2026-04-20 11:42:42",40.6978,11.6,35.6,50.0,986.8
507,"2026-04-20 11:47:42",40.6974,11.7,35.6,53.0,986.8
508,"2026-04-20 11:52:42",40.6972,11.7,35.6,51.0,986.8
509,"2026-04-20 11:57:42",40.6993,11.9,35.6,53.0,986.8
510,"2026-04-20 12:02:42",40.7004,11.8,35.6,53.0,986.8
511,"2026-04-20 12:07:42",40.7038,11.8,35.6,51.0,986.7
512,"2026-04-20 12:12:42",40.7065,11.6,35.6,55.0,986.7
513,"2026-04-20 12:17:42",40.7066,11.4,35.6,49.0,986.7
514,"2026-04-20 12:22:42",40.7025,11.9,35.6,52.0,986.6
515,"2026-04-20 12:27:42",40.7017,11.8,35.6,52.0,986.7
516,"2026-04-20 12:32:42",40.7031,11.9,35.7,55.0,986.7
517,"2026-04-20 12:37:42",40.6937,11.8,35.5,51.0,986.6
518,"2026-04-20 12:42:42",40.695,12.2,35.4,50.0,986.6
519,"2026-04-20 12:47:42",40.6839,12.5,35.5,48.0,986.6
520,"2026-04-20 12:52:42",40.6735,12.8,35.5,50.0,986.6
521,"2026-04-20 12:57:42",40.6753,12.8,35.5,52.0,986.6
522,"2026-04-20 13:02:42",40.6778,12.5,35.5,53.0,986.6
523,"2026-04-20 13:07:42",40.6945,12.2,35.5,53.0,986.6
524,"2026-04-20 13:12:42",40.6935,12.6,35.6,55.0,986.7
525,"2026-04-20 13:17:42",40.6997,12.9,35.5,52.0,986.6
526,"2026-04-20 13:22:42",40.6993,12.5,35.5,50.0,986.6
527,"2026-04-20 13:27:42",40.7015,12.2,35.4,53.0,986.6
528,"2026-04-20 13:32:42",40.7057,11.7,35.5,50.0,986.6
529,"2026-04-20 13:37:42",40.7036,12.1,35.5,53.0,986.6
530,"2026-04-20 13:42:42",40.6975,12.2,35.5,54.0,986.5
531,"2026-04-20 13:47:42",40.6916,12.4,35.4,52.0,986.5
532,"2026-04-20 13:52:42",40.6936,12.4,35.3,56.0,986.5
533,"2026-04-20 13:57:42",40.6966,12.2,35.4,57.0,986.5
534,"2026-04-20 14:02:42",40.6932,12.4,35.5,52.0,986.5
535,"2026-04-20 14:07:42",40.6919,12.8,35.4,52.0,986.4
536,"2026-04-20 14:12:42",40.6839,13.1,35.3,50.0,986.5
537,"2026-04-20 14:17:42",40.6793,13.0,35.4,52.0,986.5
538,"2026-04-20 14:22:42",40.678,13.3,35.4,54.0,986.4
539,"2026-04-20 14:27:42",40.6731,13.4,35.4,56.0,986.4
540,"2026-04-20 14:32:42",40.6485,14.5,35.4,49.0,986.3
541,"2026-04-20 14:37:42",40.6188,15.4,35.5,50.0,986.2
542,"2026-04-20 14:42:42",40.5942,14.3,35.5,55.0,986.3
543,"2026-04-20 14:47:42",40.6268,14.0,35.5,53.0,986.3
544,"2026-04-20 14:52:42",40.6673,13.1,35.4,53.0,986.3
545,"2026-04-20 14:57:42",40.7057,12.7,35.4,50.0,986.2
546,"2026-04-20 15:02:42",40.7175,11.9,35.4,47.0,986.2
547,"2026-04-20 15:07:42",40.7164,11.7,35.3,49.0,986.2
548,"2026-04-20 15:12:42",40.7133,11.5,35.3,47.0,986.2
549,"2026-04-20 15:17:42",40.7009,11.1,35.3,47.0,986.2
550,"2026-04-20 15:22:42",40.7013,11.2,35.4,52.0,986.3
551,"2026-04-20 15:27:42",40.6979,11.6,35.3,50.0,986.2
552,"2026-04-20 15:32:42",40.6905,12.2,35.3,50.0,986.1
553,"2026-04-20 15:37:42",40.6858,11.9,35.2,44.0,986.1
554,"2026-04-20 15:42:42",40.6766,12.2,35.3,47.0,986.1
555,"2026-04-20 15:47:42",40.6776,12.1,35.3,50.0,986.0
556,"2026-04-20 15:52:42",40.6723,12.3,35.4,54.0,986.0
557,"2026-04-20 15:57:42",40.661,12.7,35.4,50.0,986.0
558,"2026-04-20 16:02:42",40.6465,12.8,35.4,51.0,985.9
559,"2026-04-20 16:07:42",40.6376,12.9,35.4,53.0,985.9
560,"2026-04-20 16:12:42",40.6307,13.5,35.4,53.0,985.9
561,"2026-04-20 16:17:42",40.6296,13.7,35.4,52.0,985.9
562,"2026-04-20 16:22:42",40.6326,13.2,35.5,54.0,985.9
563,"2026-04-20 16:27:42",40.6391,13.4,35.4,52.0,985.8
564,"2026-04-20 16:32:42",40.6324,13.2,35.4,50.0,985.8
565,"2026-04-20 16:37:42",40.6237,13.9,35.4,51.0,985.8
566,"2026-04-20 16:42:42",40.6147,14.1,35.4,53.0,985.9
567,"2026-04-20 16:47:44",40.6238,13.8,35.3,52.0,985.9
568,"2026-04-20 16:52:42",40.6452,13.6,35.3,53.0,985.9
569,"2026-04-20 16:57:42",40.662,13.5,35.3,54.0,985.9
570,"2026-04-20 17:02:42",40.6678,13.7,35.3,50.0,985.9
571,"2026-04-20 17:07:42",40.6771,13.2,35.3,52.0,985.9
572,"2026-04-20 17:12:42",40.6813,12.9,35.4,52.0,985.8
573,"2026-04-20 17:17:42",40.7034,12.7,35.3,49.0,985.9
574,"2026-04-20 17:22:42",40.7329,12.6,35.3,50.0,985.9
575,"2026-04-20 17:27:42",40.7438,12.5,35.2,51.0,985.8
576,"2026-04-20 17:32:42",40.748,12.5,35.3,55.0,985.8
577,"2026-04-20 17:37:42",40.752,12.4,35.3,50.0,985.8
578,"2026-04-20 17:42:42",40.7558,12.2,35.2,48.0,985.8
579,"2026-04-20 17:47:42",40.7509,12.0,35.2,50.0,985.9
580,"2026-04-20 17:52:42",40.7493,12.0,35.1,52.0,985.9
581,"2026-04-20 17:57:42",40.7463,11.8,35.2,46.0,985.9
582,"2026-04-20 18:02:42",40.7418,11.7,35.2,52.0,985.8
583,"2026-04-20 18:07:42",40.7392,11.8,35.2,52.0,985.9
584,"2026-04-20 18:12:42",40.733,11.7,35.2,46.0,985.9
585,"2026-04-20 18:17:42",40.7312,11.7,35.2,53.0,985.9
586,"2026-04-20 18:22:42",40.7286,11.4,35.1,55.0,986.0
587,"2026-04-20 18:27:42",40.7245,11.1,35.1,52.0,986.1
588,"2026-04-20 18:32:42",40.7213,10.9,35.0,54.0,986.1
589,"2026-04-20 18:37:42",40.7169,10.9,35.2,50.0,986.1
590,"2026-04-20 18:42:42",40.7061,10.8,35.1,51.0,986.2
591,"2026-04-20 18:47:42",40.7054,10.6,35.0,40.0,986.2
592,"2026-04-20 18:52:42",40.7015,10.4,35.0,45.0,986.3
593,"2026-04-20 18:57:42",40.6927,10.1,35.0,54.0,986.5
594,"2026-04-20 19:02:42",40.6867,9.6,34.8,44.0,986.5
595,"2026-04-20 19:07:42",40.6794,9.4,34.9,49.0,986.6
596,"2026-04-20 19:12:42",40.6811,9.2,34.9,44.0,986.5
597,"2026-04-20 19:17:42",40.6848,9.2,35.0,47.0,986.5
598,"2026-04-20 19:22:42",40.6815,9.1,34.9,47.0,986.6
599,"2026-04-20 19:27:42",40.6751,9.0,35.0,48.0,986.6
600,"2026-04-20 19:32:42",40.6773,9.0,35.1,53.0,986.7
601,"2026-04-20 19:37:42",40.6783,9.0,35.1,54.0,986.7
602,"2026-04-20 19:42:42",40.6712,8.9,35.1,50.0,986.7
603,"2026-04-20 19:47:42",40.6756,8.8,35.0,50.0,986.7
604,"2026-04-20 19:52:42",40.6754,8.8,35.0,51.0,986.8
605,"2026-04-20 19:57:42",40.6759,8.8,35.0,51.0,986.8
606,"2026-04-20 20:02:42",40.6753,8.8,35.1,51.0,986.8
607,"2026-04-20 20:07:42",40.6736,8.6,35.1,54.0,986.9
608,"2026-04-20 20:12:42",40.673,8.4,35.2,48.0,986.9
609,"2026-04-20 20:17:42",40.6721,8.2,35.2,54.0,987.0
610,"2026-04-20 20:22:42",40.6686,8.1,35.1,50.0,987.0
611,"2026-04-20 20:27:42",40.6644,7.9,35.1,50.0,987.1
612,"2026-04-20 20:32:42",40.6637,7.8,35.0,48.0,987.1
613,"2026-04-20 20:37:42",40.6611,7.5,35.1,51.0,987.1
614,"2026-04-20 20:42:42",40.6595,7.7,35.2,56.0,987.2
615,"2026-04-20 20:47:42",40.6587,7.6,35.2,51.0,987.2
616,"2026-04-20 20:52:42",40.6582,7.6,35.2,51.0,987.2
617,"2026-04-20 20:57:42",40.6548,7.2,35.1,50.0,987.2
618,"2026-04-20 21:02:42",40.6551,7.4,35.1,55.0,987.3
619,"2026-04-20 21:07:42",40.6537,7.6,35.1,51.0,987.3
620,"2026-04-20 21:12:42",40.6543,7.5,35.2,53.0,987.2
621,"2026-04-20 21:17:42",40.6525,7.4,35.2,55.0,987.3
622,"2026-04-20 21:22:42",40.6523,7.4,35.0,52.0,987.3
623,"2026-04-20 21:27:42",40.6523,7.6,35.2,53.0,987.3
624,"2026-04-20 21:32:42",40.6525,7.7,35.2,55.0,987.4
625,"2026-04-20 21:37:42",40.6522,7.6,35.2,52.0,987.4
626,"2026-04-20 21:42:42",40.6515,7.9,35.2,54.0,987.5
627,"2026-04-20 21:47:42",40.6506,7.9,35.2,52.0,987.5
628,"2026-04-20 21:52:42",40.652,7.9,35.2,53.0,987.5
629,"2026-04-20 21:57:42",40.6522,7.8,35.1,51.0,987.5
630,"2026-04-20 22:02:42",40.65,7.8,35.2,57.0,987.5
631,"2026-04-20 22:07:42",40.6513,7.8,35.3,51.0,987.5
632,"2026-04-20 22:12:42",40.6501,7.9,35.3,51.0,987.4
633,"2026-04-20 22:17:42",40.6501,7.9,35.3,51.0,987.4
634,"2026-04-20 22:22:42",40.6496,7.8,35.4,53.0,987.4
635,"2026-04-20 22:27:42",40.6481,7.8,35.2,53.0,987.3
636,"2026-04-20 22:32:42",40.6478,7.8,35.2,56.0,987.3
637,"2026-04-20 22:37:42",40.6474,7.6,35.1,52.0,987.3
638,"2026-04-20 22:42:42",40.6456,7.2,35.3,57.0,987.3
639,"2026-04-20 22:47:42",40.6441,7.3,35.3,58.0,987.3
640,"2026-04-20 22:52:42",40.6439,7.3,35.3,55.0,987.3
641,"2026-04-20 22:57:42",40.6428,7.2,35.2,52.0,987.3
642,"2026-04-20 23:02:42",40.642,7.2,35.1,56.0,987.2
643,"2026-04-20 23:07:42",40.6413,7.1,35.3,54.0,987.3
644,"2026-04-20 23:12:42",40.6402,7.0,35.3,55.0,987.4
645,"2026-04-20 23:17:42",40.6408,7.1,35.3,53.0,987.4
646,"2026-04-20 23:22:42",40.6399,7.0,35.3,51.0,987.5
647,"2026-04-20 23:27:42",40.6389,6.9,35.2,53.0,987.5
648,"2026-04-20 23:32:42",40.6387,7.0,35.2,54.0,987.5
649,"2026-04-20 23:37:42",40.6382,7.1,35.2,53.0,987.6
650,"2026-04-20 23:42:42",40.6381,7.2,35.2,51.0,987.6
651,"2026-04-20 23:47:42",40.6388,7.2,35.3,53.0,987.6
652,"2026-04-20 23:52:42",40.6382,7.4,35.4,53.0,987.7
653,"2026-04-20 23:57:42",40.6397,7.6,35.3,53.0,987.6
654,"2026-04-21 00:02:42",40.6355,7.5,35.2,53.0,987.6
655,"2026-04-21 00:07:42",40.6397,7.4,35.2,51.0,987.6
656,"2026-04-21 00:12:42",40.639,7.3,35.2,52.0,987.7
657,"2026-04-21 00:17:42",40.6377,7.2,35.2,52.0,987.7
658,"2026-04-21 00:22:42",40.6386,7.1,35.2,53.0,987.6
659,"2026-04-21 00:27:42",40.6385,7.1,35.3,56.0,987.7
660,"2026-04-21 00:32:42",40.6369,7.1,35.3,51.0,987.7
661,"2026-04-21 00:37:42",40.6366,7.1,35.2,56.0,987.8
662,"2026-04-21 00:42:42",40.6358,6.8,35.2,54.0,987.7
663,"2026-04-21 00:47:42",40.6347,6.5,35.3,50.0,987.7
664,"2026-04-21 00:52:42",40.632,6.4,35.3,55.0,987.7
665,"2026-04-21 00:57:42",40.6305,6.2,35.3,56.0,987.7
666,"2026-04-21 01:02:42",40.6297,6.3,35.3,56.0,987.7
667,"2026-04-21 01:07:42",40.6286,6.2,35.3,52.0,987.7
668,"2026-04-21 01:12:42",40.6266,6.0,35.3,52.0,987.7
669,"2026-04-21 01:17:42",40.6264,5.9,35.4,55.0,987.6
670,"2026-04-21 01:22:42",40.6253,6.1,35.3,51.0,987.6
671,"2026-04-21 01:27:42",40.6247,6.1,35.4,52.0,987.6
672,"2026-04-21 01:32:42",40.6242,6.1,35.4,55.0,987.6
673,"2026-04-21 01:37:42",40.6243,6.2,35.4,55.0,987.6
674,"2026-04-21 01:42:42",40.6237,6.2,35.4,54.0,987.6
675,"2026-04-21 01:47:42",40.6229,6.2,35.4,56.0,987.6
676,"2026-04-21 01:52:42",40.6244,6.4,35.3,56.0,987.6
677,"2026-04-21 01:57:42",40.6243,6.5,35.4,54.0,987.6
678,"2026-04-21 02:02:42",40.6243,6.3,35.3,52.0,987.5
679,"2026-04-21 02:07:42",40.6244,6.2,35.3,50.0,987.5
680,"2026-04-21 02:12:42",40.624,6.2,35.4,55.0,987.6
681,"2026-04-21 02:17:42",40.6228,6.1,35.3,53.0,987.6
682,"2026-04-21 02:22:42",40.6222,6.1,35.4,54.0,987.6
683,"2026-04-21 02:27:42",40.6226,6.1,35.3,49.0,987.6
684,"2026-04-21 02:32:42",40.6214,6.0,35.2,53.0,987.6
685,"2026-04-21 02:37:42",40.621,6.1,35.3,53.0,987.6
686,"2026-04-21 02:42:42",40.6214,6.2,35.4,54.0,987.6
687,"2026-04-21 02:47:42",40.6213,6.3,35.3,52.0,987.6
688,"2026-04-21 02:52:42",40.6209,6.3,35.4,52.0,987.7
689,"2026-04-21 02:57:42",40.6205,6.3,35.3,52.0,987.7
690,"2026-04-21 03:02:42",40.6206,6.4,35.4,54.0,987.6
691,"2026-04-21 03:07:42",40.6206,6.6,35.4,53.0,987.7
692,"2026-04-21 03:12:42",40.6209,6.6,35.3,52.0,987.7
693,"2026-04-21 03:17:42",40.6212,6.5,35.3,55.0,987.7
694,"2026-04-21 03:22:42",40.6211,6.4,35.4,55.0,987.7
695,"2026-04-21 03:27:42",40.6207,6.6,35.4,54.0,987.7
696,"2026-04-21 03:32:42",40.6211,6.4,35.5,55.0,987.7
697,"2026-04-21 03:37:42",40.6214,6.4,35.4,52.0,987.7
698,"2026-04-21 03:42:42",40.6214,6.4,35.4,55.0,987.7
699,"2026-04-21 03:47:42",40.6229,6.4,35.4,52.0,987.7
700,"2026-04-21 03:52:42",40.6224,6.4,35.4,54.0,987.7
701,"2026-04-21 03:57:42",40.6225,6.2,35.5,54.0,987.8
702,"2026-04-21 04:02:42",40.6218,6.3,35.5,53.0,987.8
703,"2026-04-21 04:07:42",40.622,6.2,35.2,54.0,987.7
704,"2026-04-21 04:12:42",40.6219,6.3,35.4,53.0,987.7
705,"2026-04-21 04:17:42",40.6225,6.3,35.4,55.0,987.7
706,"2026-04-21 04:22:42",40.622,6.2,35.4,54.0,987.7
707,"2026-04-21 04:27:42",40.6222,6.3,35.3,54.0,987.7
708,"2026-04-21 04:32:42",40.6217,6.4,35.3,52.0,987.7
709,"2026-04-21 04:37:42",40.6222,6.3,35.4,56.0,987.7
710,"2026-04-21 04:42:42",40.6225,6.4,35.4,51.0,987.7
711,"2026-04-21 04:47:42",40.6226,6.6,35.5,57.0,987.7
712,"2026-04-21 04:52:42",40.6247,6.5,35.5,56.0,987.7
713,"2026-04-21 04:57:42",40.629,6.5,35.4,52.0,987.6
714,"2026-04-21 05:02:42",40.6536,6.5,35.4,54.0,987.7
715,"2026-04-21 05:07:42",40.6766,6.4,35.4,56.0,987.7
716,"2026-04-21 05:12:42",40.7131,6.1,35.4,53.0,987.7
717,"2026-04-21 05:17:42",40.7293,6.1,35.4,54.0,987.8
718,"2026-04-21 05:22:42",40.7482,5.9,35.4,55.0,987.8
719,"2026-04-21 05:27:42",40.7832,5.6,35.4,56.0,987.8
720,"2026-04-21 05:32:42",40.7846,5.4,35.5,57.0,987.8
721,"2026-04-21 05:37:42",40.7763,5.4,35.4,54.0,987.7
722,"2026-04-21 05:42:42",40.7676,5.4,35.5,53.0,987.8
723,"2026-04-21 05:47:42",40.7609,5.4,35.5,54.0,987.8
724,"2026-04-21 05:52:42",40.7562,5.4,35.5,57.0,987.8
725,"2026-04-21 05:57:42",40.7545,5.5,35.4,54.0,987.8
726,"2026-04-21 06:02:42",40.7521,5.4,35.5,56.0,987.9
727,"2026-04-21 06:07:42",40.7499,5.6,35.5,53.0,987.9
728,"2026-04-21 06:12:42",40.7481,5.7,35.5,54.0,987.9
729,"2026-04-21 06:17:42",40.747,5.7,35.5,54.0,987.9
730,"2026-04-21 06:22:42",40.7457,5.8,35.4,51.0,987.9
731,"2026-04-21 06:27:42",40.741,5.8,35.5,57.0,988.0
732,"2026-04-21 06:32:42",40.742,5.8,35.3,53.0,988.0
733,"2026-04-21 06:37:42",40.7414,5.9,35.5,56.0,988.0
734,"2026-04-21 06:42:42",40.7409,6.0,35.5,55.0,988.1
735,"2026-04-21 06:47:42",40.7381,5.9,35.5,54.0,988.1
736,"2026-04-21 06:52:42",40.74,5.9,35.5,56.0,988.1
737,"2026-04-21 06:57:42",40.7396,6.0,35.5,56.0,988.2
738,"2026-04-21 07:02:42",40.7388,6.0,35.6,54.0,988.2
739,"2026-04-21 07:07:42",40.7386,5.9,35.5,53.0,988.3
740,"2026-04-21 07:12:42",40.7369,5.8,35.4,54.0,988.4
741,"2026-04-21 07:17:42",40.7353,5.6,35.4,53.0,988.4
742,"2026-04-21 07:22:42",40.7348,5.7,35.5,53.0,988.4
743,"2026-04-21 07:27:42",40.7328,5.8,35.4,56.0,988.5
744,"2026-04-21 07:32:42",40.7325,5.7,35.3,55.0,988.5
745,"2026-04-21 07:37:42",40.7298,5.8,35.5,54.0,988.6
746,"2026-04-21 07:42:42",40.7296,5.9,35.3,53.0,988.5
747,"2026-04-21 07:47:42",40.7281,6.0,35.4,59.0,988.6
748,"2026-04-21 07:52:42",40.7229,6.0,35.5,54.0,988.6
749,"2026-04-21 07:57:42",40.7211,6.0,35.5,58.0,988.6
750,"2026-04-21 08:02:42",40.7187,6.0,35.5,56.0,988.5
751,"2026-04-21 08:07:42",40.7205,6.0,35.5,55.0,988.6
752,"2026-04-21 08:12:42",40.7203,6.0,35.4,57.0,988.6
753,"2026-04-21 08:17:42",40.7161,6.0,35.4,55.0,988.7
754,"2026-04-21 08:22:42",40.7119,6.1,35.3,57.0,988.7
755,"2026-04-21 08:27:42",40.7126,6.2,35.4,58.0,988.7
756,"2026-04-21 08:32:42",40.7037,6.4,35.3,57.0,988.7
757,"2026-04-21 08:37:42",40.7102,6.8,35.3,58.0,988.8
758,"2026-04-21 08:42:42",40.7068,7.1,35.4,56.0,988.8
759,"2026-04-21 08:47:42",40.7064,7.3,35.4,56.0,988.9
760,"2026-04-21 08:52:42",40.7071,7.7,35.5,51.0,988.9
761,"2026-04-21 08:57:42",40.7087,7.9,35.3,52.0,989.0
762,"2026-04-21 09:02:42",40.7093,8.3,35.3,54.0,989.0
763,"2026-04-21 09:07:42",40.7072,8.4,35.3,56.0,989.1
764,"2026-04-21 09:12:42",40.7073,8.9,35.3,56.0,989.1
765,"2026-04-21 09:17:42",40.7058,9.2,35.5,54.0,989.1
766,"2026-04-21 09:22:42",40.705,9.3,35.5,55.0,989.1
767,"2026-04-21 09:27:42",40.7031,9.3,35.5,54.0,989.2
768,"2026-04-21 09:32:42",40.698,9.9,35.4,55.0,989.2
769,"2026-04-21 09:37:42",40.694,9.8,35.5,53.0,989.2
770,"2026-04-21 09:42:42",40.6901,9.7,35.5,50.0,989.3
771,"2026-04-21 09:47:42",40.6861,9.9,35.5,51.0,989.4
772,"2026-04-21 09:52:42",40.6827,9.9,35.5,56.0,989.5
773,"2026-04-21 09:57:42",40.6776,11.4,35.5,52.0,989.5
774,"2026-04-21 10:02:42",40.6717,11.2,35.5,52.0,989.5
775,"2026-04-21 10:07:42",40.6703,11.1,35.5,52.0,989.5
776,"2026-04-21 10:12:42",40.6491,10.6,35.5,54.0,989.5
777,"2026-04-21 10:17:42",40.647,11.6,35.5,51.0,989.5
778,"2026-04-21 10:22:42",40.6001,11.5,35.5,53.0,989.5
779,"2026-04-21 10:27:42",40.6088,11.4,35.7,55.0,989.5
780,"2026-04-21 10:32:42",40.6199,11.2,35.7,53.0,989.5
781,"2026-04-21 10:37:42",40.6171,11.1,35.8,54.0,989.5
782,"2026-04-21 10:42:42",40.6113,11.1,35.7,52.0,989.5
783,"2026-04-21 10:47:42",40.6286,10.6,35.7,53.0,989.5
784,"2026-04-21 10:52:42",40.6481,11.8,35.7,48.0,989.4
785,"2026-04-21 10:57:42",40.6165,11.9,35.7,53.0,989.4
786,"2026-04-21 11:02:42",40.5579,12.9,35.8,50.0,989.4
787,"2026-04-21 11:07:42",40.5516,12.1,35.8,49.0,989.5
788,"2026-04-21 11:12:42",40.5056,13.1,35.7,52.0,989.4
789,"2026-04-21 11:17:42",40.4797,12.5,35.7,48.0,989.4
790,"2026-04-21 11:22:42",40.4516,12.8,35.6,48.0,989.4
791,"2026-04-21 11:27:42",40.4665,13.0,35.5,55.0,989.5
792,"2026-04-21 11:32:42",40.4903,12.1,35.6,55.0,989.5
793,"2026-04-21 11:37:42",40.5525,13.4,35.6,51.0,989.5
794,"2026-04-21 11:42:42",40.5363,14.1,35.6,55.0,989.5
795,"2026-04-21 11:47:42",40.5701,13.3,35.7,51.0,989.4
796,"2026-04-21 11:52:42",40.5643,12.2,35.7,50.0,989.5
797,"2026-04-21 11:57:42",40.5702,11.4,35.5,44.0,989.5
798,"2026-04-21 12:02:42",40.6531,11.2,35.6,53.0,989.7
799,"2026-04-21 12:07:42",40.6936,10.9,35.6,49.0,989.6
800,"2026-04-21 12:12:42",40.6927,10.8,35.5,46.0,989.7
801,"2026-04-21 12:17:42",40.6939,12.0,35.4,51.0,989.7
802,"2026-04-21 12:22:42",40.6908,11.4,35.4,51.0,989.7
803,"2026-04-21 12:27:42",40.6853,10.8,35.4,49.0,989.8
804,"2026-04-21 12:32:42",40.6963,11.4,35.4,51.0,989.8
805,"2026-04-21 12:37:42",40.6911,13.1,35.4,52.0,989.7
806,"2026-04-21 12:42:42",40.6624,13.6,35.4,53.0,989.7
807,"2026-04-21 12:47:42",40.6118,13.2,35.5,50.0,989.6
808,"2026-04-21 12:52:42",40.5774,14.1,35.5,49.0,989.8
809,"2026-04-21 12:57:42",40.5599,12.5,35.5,50.0,989.8
810,"2026-04-21 13:02:42",40.6256,11.6,35.5,50.0,989.8
811,"2026-04-21 13:07:42",40.6496,11.8,35.4,48.0,989.7
812,"2026-04-21 13:12:42",40.6606,12.0,35.5,50.0,989.9
813,"2026-04-21 13:17:42",40.6604,11.8,35.4,53.0,990.0
814,"2026-04-21 13:22:42",40.6673,11.5,35.4,48.0,990.1
815,"2026-04-21 13:27:42",40.6591,11.8,35.4,50.0,990.1
816,"2026-04-21 13:32:42",40.6577,11.7,35.4,50.0,990.1
817,"2026-04-21 13:37:42",40.6718,11.0,35.3,49.0,990.1
818,"2026-04-21 13:42:42",40.6631,11.2,35.3,48.0,990.2
819,"2026-04-21 13:47:42",40.6607,12.1,35.2,49.0,990.1
820,"2026-04-21 13:52:42",40.6424,12.2,35.2,53.0,990.2
821,"2026-04-21 13:57:42",40.6376,11.8,35.3,49.0,990.2
822,"2026-04-21 14:02:42",40.6522,11.4,35.1,49.0,990.2
823,"2026-04-21 14:07:42",40.6592,11.0,35.2,54.0,990.2
824,"2026-04-21 14:12:42",40.6553,12.2,35.2,46.0,990.2
825,"2026-04-21 14:17:42",40.6498,12.4,35.2,50.0,990.2
826,"2026-04-21 14:22:42",40.6404,11.7,35.2,47.0,990.1
827,"2026-04-21 14:27:42",40.6332,11.8,35.2,53.0,990.2
828,"2026-04-21 14:32:42",40.6302,12.1,35.2,50.0,990.3
829,"2026-04-21 14:37:42",40.6055,11.9,35.2,45.0,990.2
830,"2026-04-21 14:42:42",40.6303,11.2,35.2,47.0,990.3
831,"2026-04-21 14:47:42",40.6476,11.2,35.2,49.0,990.3
832,"2026-04-21 14:52:42",40.6454,11.2,35.2,51.0,990.3
833,"2026-04-21 14:57:42",40.6424,12.1,35.2,51.0,990.2
834,"2026-04-21 15:02:42",40.6381,12.0,35.2,53.0,990.3
835,"2026-04-21 15:07:42",40.636,11.6,35.2,48.0,990.3
836,"2026-04-21 15:12:42",40.6239,11.6,35.1,52.0,990.3
837,"2026-04-21 15:17:42",40.6266,11.9,35.2,49.0,990.2
838,"2026-04-21 15:22:42",40.6163,11.9,35.1,53.0,990.2
839,"2026-04-21 15:27:42",40.615,11.5,35.1,54.0,990.2
840,"2026-04-21 15:32:42",40.6261,11.2,35.1,54.0,990.2
841,"2026-04-21 15:37:42",40.6275,11.2,35.1,49.0,990.2
842,"2026-04-21 15:42:42",40.6261,11.3,35.2,53.0,990.2
843,"2026-04-21 15:47:42",40.6142,11.2,35.1,50.0,990.2
844,"2026-04-21 15:52:42",40.6239,11.2,35.2,50.0,990.3
845,"2026-04-21 15:57:42",40.6203,11.2,35.1,48.0,990.3
846,"2026-04-21 16:02:42",40.6207,11.8,35.1,50.0,990.2
847,"2026-04-21 16:07:42",40.6126,12.0,35.0,46.0,990.2
848,"2026-04-21 16:12:42",40.6152,11.6,35.0,53.0,990.2
849,"2026-04-21 16:17:42",40.61,11.2,35.1,51.0,990.3
850,"2026-04-21 16:22:42",40.6143,11.2,35.2,50.0,990.3
851,"2026-04-21 16:27:42",40.6163,11.3,35.2,53.0,990.4
852,"2026-04-21 16:32:42",40.6064,11.1,35.1,50.0,990.4
853,"2026-04-21 16:37:42",40.6078,10.5,35.0,49.0,990.4
854,"2026-04-21 16:42:42",40.5993,10.4,35.1,51.0,990.5
855,"2026-04-21 16:47:42",40.6014,10.4,35.0,49.0,990.4
856,"2026-04-21 16:52:42",40.5889,10.4,35.0,52.0,990.5
857,"2026-04-21 16:57:42",40.5917,10.7,35.0,53.0,990.5
858,"2026-04-21 17:02:42",40.5937,10.9,35.2,54.0,990.4
859,"2026-04-21 17:07:42",40.5932,10.8,35.0,49.0,990.5
860,"2026-04-21 17:12:42",40.5931,10.5,35.1,49.0,990.5
861,"2026-04-21 17:17:42",40.5864,10.4,35.1,55.0,990.5
862,"2026-04-21 17:22:42",40.5188,10.2,35.2,53.0,990.5
863,"2026-04-21 17:27:42",40.5139,10.9,35.0,50.0,990.4
864,"2026-04-21 17:32:42",40.5002,11.6,35.0,46.0,990.4
865,"2026-04-21 17:37:42",40.5177,11.1,35.1,53.0,990.5
866,"2026-04-21 17:42:42",40.5122,10.4,35.0,47.0,990.5
867,"2026-04-21 17:47:42",40.5098,10.1,35.0,52.0,990.6
868,"2026-04-21 17:52:42",40.5017,9.8,35.0,48.0,990.6
869,"2026-04-21 17:57:42",40.4976,9.8,35.1,52.0,990.6
870,"2026-04-21 18:02:42",40.4931,9.9,35.1,49.0,990.6
871,"2026-04-21 18:07:42",40.492,10.3,35.1,55.0,990.7
872,"2026-04-21 18:12:42",40.488,10.3,35.0,52.0,990.7
873,"2026-04-21 18:17:42",40.4798,10.3,35.0,52.0,990.7
874,"2026-04-21 18:22:42",40.4893,10.2,35.0,50.0,990.7
875,"2026-04-21 18:27:42",40.4828,10.1,35.0,53.0,990.7
876,"2026-04-21 18:32:42",40.4799,9.8,35.0,53.0,990.8
877,"2026-04-21 18:37:42",40.4802,9.6,35.0,54.0,990.8
878,"2026-04-21 18:42:42",40.477,9.3,35.1,52.0,990.7
879,"2026-04-21 18:47:42",40.4728,9.1,34.9,51.0,990.7
880,"2026-04-21 18:52:42",40.4686,9.2,34.9,50.0,990.7
881,"2026-04-21 18:57:42",40.4677,8.9,34.9,52.0,990.8
882,"2026-04-21 19:02:42",40.4628,8.7,34.9,52.0,990.8
883,"2026-04-21 19:07:42",40.4596,8.6,34.9,52.0,990.9
884,"2026-04-21 19:12:42",40.4582,8.5,34.9,52.0,991.0
885,"2026-04-21 19:17:42",40.4542,8.3,35.0,51.0,991.0
886,"2026-04-21 19:22:42",40.4507,8.1,34.9,50.0,991.1
887,"2026-04-21 19:27:42",40.4493,8.1,34.9,53.0,991.2
888,"2026-04-21 19:32:42",40.4476,7.8,34.9,48.0,991.2
889,"2026-04-21 19:37:42",40.4413,7.4,34.9,54.0,991.3
890,"2026-04-21 19:42:42",40.4416,7.6,34.8,53.0,991.4
891,"2026-04-21 19:47:42",40.4398,7.2,35.0,50.0,991.4
892,"2026-04-21 19:52:42",40.4359,6.8,35.0,52.0,991.5
893,"2026-04-21 19:57:42",40.4329,6.6,35.2,51.0,991.5
894,"2026-04-21 20:02:42",40.4307,6.5,35.1,50.0,991.5
895,"2026-04-21 20:07:42",40.4279,6.2,35.1,53.0,991.6
896,"2026-04-21 20:12:42",40.4228,5.9,35.1,52.0,991.6
897,"2026-04-21 20:17:42",40.4217,5.6,35.0,51.0,991.7
898,"2026-04-21 20:22:42",40.4184,5.0,35.1,48.0,991.8
899,"2026-04-21 20:27:42",40.4142,4.8,35.0,55.0,991.9
900,"2026-04-21 20:32:42",40.4118,4.5,34.8,53.0,992.0
901,"2026-04-21 20:37:42",40.4093,4.1,35.0,52.0,992.0
902,"2026-04-21 20:42:42",40.4061,3.8,35.0,51.0,992.1
903,"2026-04-21 20:47:42",40.4039,3.7,34.9,52.0,992.1
904,"2026-04-21 20:52:42",40.4017,3.4,34.9,49.0,992.1
905,"2026-04-21 20:57:42",40.4001,3.4,34.8,53.0,992.2
906,"2026-04-21 21:02:42",40.3983,3.2,35.0,54.0,992.2
907,"2026-04-21 21:07:42",40.3967,3.2,35.0,53.0,992.3
908,"2026-04-21 21:12:42",40.3947,3.1,34.9,55.0,992.3
909,"2026-04-21 21:17:42",40.3934,3.1,35.1,51.0,992.3
910,"2026-04-21 21:22:42",40.3922,3.0,34.9,53.0,992.3
911,"2026-04-21 21:27:42",40.3909,3.2,34.9,52.0,992.4
912,"2026-04-21 21:32:42",40.3891,2.9,35.0,53.0,992.4
913,"2026-04-21 21:37:42",40.3895,2.9,35.1,53.0,992.4
914,"2026-04-21 21:42:42",40.3894,3.1,35.0,53.0,992.4
915,"2026-04-21 21:47:42",40.39,3.2,35.1,53.0,992.3
916,"2026-04-21 21:52:42",40.3905,3.3,34.9,53.0,992.3
917,"2026-04-21 21:57:42",40.3911,3.3,35.0,51.0,992.4
918,"2026-04-21 22:02:42",40.3918,3.2,35.0,52.0,992.4
919,"2026-04-21 22:07:42",40.3919,3.1,35.0,55.0,992.5
920,"2026-04-21 22:12:42",40.392,3.3,35.0,50.0,992.5
921,"2026-04-21 22:17:42",40.3927,3.1,35.0,50.0,992.6
922,"2026-04-21 22:22:42",40.3916,2.9,35.0,54.0,992.6
923,"2026-04-21 22:27:42",40.3907,2.9,35.1,53.0,992.6
924,"2026-04-21 22:32:42",40.3895,2.8,35.2,55.0,992.6
925,"2026-04-21 22:37:42",40.389,2.8,35.1,54.0,992.7
926,"2026-04-21 22:42:42",40.3885,2.9,35.1,51.0,992.7
927,"2026-04-21 22:47:42",40.3881,2.9,35.0,53.0,992.8
928,"2026-04-21 22:52:42",40.388,2.8,35.0,52.0,992.8
929,"2026-04-21 22:57:42",40.388,2.9,35.0,55.0,992.9
930,"2026-04-21 23:02:42",40.3885,2.9,35.0,52.0,992.9
931,"2026-04-21 23:07:42",40.387,3.1,35.0,55.0,992.9
932,"2026-04-21 23:12:42",40.3884,3.4,35.0,54.0,992.9
933,"2026-04-21 23:17:42",40.3911,3.6,35.0,54.0,993.0
934,"2026-04-21 23:22:42",40.3928,3.6,35.0,51.0,993.0
935,"2026-04-21 23:27:42",40.3942,3.7,34.7,51.0,993.0
936,"2026-04-21 23:32:42",40.3956,3.6,34.9,51.0,993.0
937,"2026-04-21 23:37:42",40.3965,3.7,34.9,48.0,993.1
938,"2026-04-21 23:42:42",40.3983,3.9,35.0,55.0,993.1
939,"2026-04-21 23:47:42",40.3997,3.8,35.0,51.0,993.2
940,"2026-04-21 23:52:42",40.3999,3.9,35.0,53.0,993.2
941,"2026-04-21 23:57:42",40.4026,3.9,35.1,51.0,993.2
942,"2026-04-22 00:02:42",40.4027,3.9,35.1,54.0,993.2
943,"2026-04-22 00:07:42",40.4036,3.9,35.0,54.0,993.2
944,"2026-04-22 00:12:42",40.4041,4.0,35.1,52.0,993.2
945,"2026-04-22 00:17:41",40.405,3.9,35.0,51.0,993.2
946,"2026-04-22 00:22:42",40.4056,3.9,34.8,53.0,993.3
947,"2026-04-22 00:27:41",40.406,3.9,35.0,52.0,993.3
948,"2026-04-22 00:32:42",40.4057,3.9,35.1,53.0,993.3
949,"2026-04-22 00:37:42",40.4054,3.9,35.1,53.0,993.3
950,"2026-04-22 00:42:42",40.405,3.9,35.0,53.0,993.3
951,"2026-04-22 00:47:42",40.4042,3.8,34.9,50.0,993.3
952,"2026-04-22 00:52:42",40.4047,3.8,35.0,54.0,993.3
953,"2026-04-22 00:57:42",40.4042,3.9,35.0,53.0,993.3
954,"2026-04-22 01:02:42",40.4039,3.9,35.0,50.0,993.3
955,"2026-04-22 01:07:42",40.4026,3.7,35.0,54.0,993.3
956,"2026-04-22 01:12:42",40.4027,3.8,35.0,53.0,993.3
957,"2026-04-22 01:17:42",40.4022,3.8,35.0,56.0,993.4
958,"2026-04-22 01:22:42",40.401,3.7,35.0,48.0,993.3
959,"2026-04-22 01:27:42",40.3996,3.8,34.9,53.0,993.2
960,"2026-04-22 01:32:42",40.4009,3.8,35.0,54.0,993.3
961,"2026-04-22 01:37:42",40.4011,3.9,35.0,53.0,993.3
962,"2026-04-22 01:42:41",40.4005,3.9,34.9,51.0,993.3
963,"2026-04-22 01:47:42",40.4002,3.9,35.1,51.0,993.3
964,"2026-04-22 01:52:42",40.401,3.8,35.0,53.0,993.3
965,"2026-04-22 01:57:42",40.3992,3.8,35.1,53.0,993.3
966,"2026-04-22 02:02:42",40.3996,3.7,35.1,51.0,993.2
967,"2026-04-22 02:07:41",40.3992,3.6,35.1,52.0,993.3
968,"2026-04-22 02:12:42",40.3991,3.7,35.0,53.0,993.3
969,"2026-04-22 02:17:41",40.3988,3.7,35.0,54.0,993.2
970,"2026-04-22 02:22:42",40.3988,3.7,35.0,51.0,993.3
971,"2026-04-22 02:27:42",40.3983,3.6,35.0,54.0,993.4
972,"2026-04-22 02:32:41",40.3979,3.7,35.0,52.0,993.3
973,"2026-04-22 02:37:42",40.3987,3.8,35.0,54.0,993.3
974,"2026-04-22 02:42:41",40.3979,3.7,35.0,54.0,993.3
975,"2026-04-22 02:47:41",40.3987,3.6,35.0,53.0,993.3
976,"2026-04-22 02:52:41",40.397,3.8,34.9,52.0,993.3
977,"2026-04-22 02:57:41",40.3982,3.8,34.9,53.0,993.3
978,"2026-04-22 03:02:42",40.3989,3.8,35.0,54.0,993.3
979,"2026-04-22 03:07:42",40.3984,3.8,35.0,53.0,993.3
980,"2026-04-22 03:12:41",40.3991,3.7,35.0,50.0,993.3
981,"2026-04-22 03:17:41",40.3988,3.6,35.1,50.0,993.4
982,"2026-04-22 03:22:42",40.3981,3.8,34.9,51.0,993.3
983,"2026-04-22 03:27:41",40.3992,3.8,35.0,49.0,993.3
984,"2026-04-22 03:32:42",40.3984,3.6,35.0,52.0,993.3
985,"2026-04-22 03:37:41",40.3984,3.5,35.0,53.0,993.4
986,"2026-04-22 03:42:41",40.3975,3.6,35.1,53.0,993.4
987,"2026-04-22 03:47:41",40.3976,3.5,35.1,51.0,993.4
988,"2026-04-22 03:52:41",40.3977,3.6,35.1,53.0,993.3
989,"2026-04-22 03:57:41",40.3962,3.4,35.0,50.0,993.3
990,"2026-04-22 04:02:41",40.3968,3.4,35.0,53.0,993.3
991,"2026-04-22 04:07:41",40.3963,3.2,35.1,54.0,993.2
992,"2026-04-22 04:12:41",40.3963,3.2,35.1,52.0,993.2
993,"2026-04-22 04:17:41",40.395,3.4,35.0,48.0,993.2
994,"2026-04-22 04:22:41",40.3943,3.4,35.0,54.0,993.2
995,"2026-04-22 04:27:42",40.3949,3.4,35.0,54.0,993.2
996,"2026-04-22 04:32:41",40.3958,3.3,35.1,50.0,993.1
997,"2026-04-22 04:37:41",40.395,3.2,35.1,49.0,993.2
998,"2026-04-22 04:42:41",40.3953,3.1,35.0,48.0,993.1
999,"2026-04-22 04:47:41",40.3954,3.1,35.0,53.0,993.1
1000,"2026-04-22 04:52:42",40.3948,3.1,35.2,53.0,993.1
1001,"2026-04-22 04:57:41",40.3944,3.1,35.2,53.0,993.1
1002,"2026-04-22 05:02:41",40.3943,2.9,35.2,53.0,993.1
1003,"2026-04-22 05:07:41",40.3945,2.8,35.0,53.0,993.1
1004,"2026-04-22 05:12:41",40.3943,2.7,35.1,54.0,993.1
1005,"2026-04-22 05:17:41",40.3944,2.4,35.1,53.0,993.1
1006,"2026-04-22 05:22:41",40.3942,2.3,35.1,49.0,993.0
1007,"2026-04-22 05:27:41",40.3935,2.0,35.0,52.0,993.0
1008,"2026-04-22 05:32:41",40.3928,1.8,35.0,52.0,993.1
1009,"2026-04-22 05:37:41",40.3911,1.8,35.1,52.0,993.1
1010,"2026-04-22 05:42:41",40.3897,1.8,35.1,52.0,993.1
1011,"2026-04-22 05:47:41",40.3891,1.7,35.0,54.0,993.2
1012,"2026-04-22 05:52:41",40.3886,1.8,34.9,53.0,993.2
1013,"2026-04-22 05:57:41",40.3873,1.5,35.1,54.0,993.2
1014,"2026-04-22 06:02:41",40.3866,1.4,35.1,51.0,993.2
1015,"2026-04-22 06:07:41",40.3857,1.2,35.1,54.0,993.4
1016,"2026-04-22 06:12:41",40.3846,1.2,35.1,52.0,993.4
1017,"2026-04-22 06:17:41",40.3838,1.2,35.0,55.0,993.4
1018,"2026-04-22 06:22:41",40.3824,1.3,35.0,53.0,993.4
1019,"2026-04-22 06:27:41",40.3824,1.6,35.1,52.0,993.5
1020,"2026-04-22 06:32:41",40.3822,1.8,35.0,51.0,993.5
1021,"2026-04-22 06:37:41",40.3836,2.1,35.0,51.0,993.5
1022,"2026-04-22 06:42:41",40.3846,2.4,34.8,52.0,993.6
1023,"2026-04-22 06:47:41",40.3868,2.7,34.8,56.0,993.6
1024,"2026-04-22 06:52:41",40.3902,3.0,34.9,53.0,993.6
1025,"2026-04-22 06:57:41",40.3925,3.4,35.0,50.0,993.6
1026,"2026-04-22 07:02:41",40.3941,3.4,35.1,53.0,993.6
1027,"2026-04-22 07:07:41",40.3973,3.7,35.1,52.0,993.7
1028,"2026-04-22 07:12:41",40.4003,4.2,35.1,52.0,993.6
1029,"2026-04-22 07:17:41",40.4022,4.6,35.1,54.0,993.7
1030,"2026-04-22 07:22:41",40.4051,4.7,35.1,52.0,993.7
1031,"2026-04-22 07:27:41",40.4065,5.2,35.1,52.0,993.7
1032,"2026-04-22 07:32:41",40.4095,5.6,35.1,51.0,993.8
1033,"2026-04-22 07:37:41",40.4114,5.9,35.1,53.0,993.8
1034,"2026-04-22 07:42:41",40.4146,6.5,35.1,53.0,993.8
1035,"2026-04-22 07:47:41",40.419,6.9,35.2,52.0,993.8
1036,"2026-04-22 07:52:41",40.4192,7.0,35.3,51.0,993.8
1037,"2026-04-22 07:57:41",40.4207,6.9,35.2,51.0,993.9
1038,"2026-04-22 08:02:41",40.4226,7.6,35.2,52.0,993.8
1039,"2026-04-22 08:07:41",40.4204,7.6,35.2,53.0,993.9
1040,"2026-04-22 08:12:41",40.4217,7.9,35.2,54.0,993.8
1041,"2026-04-22 08:17:41",40.4217,8.2,35.2,50.0,993.8
1042,"2026-04-22 08:22:41",40.4191,8.4,35.2,54.0,993.9
1043,"2026-04-22 08:27:41",40.4203,9.3,35.1,50.0,993.9
1044,"2026-04-22 08:32:41",40.4215,9.5,35.3,53.0,993.9
1045,"2026-04-22 08:37:41",40.418,9.9,35.3,53.0,993.9
1046,"2026-04-22 08:42:41",40.4111,9.7,35.3,51.0,993.9
1047,"2026-04-22 08:47:41",40.3975,9.7,35.3,50.0,993.8
1048,"2026-04-22 08:52:41",40.3727,10.6,35.4,51.0,993.9
1049,"2026-04-22 08:57:41",40.3385,10.9,35.5,53.0,993.9
1050,"2026-04-22 09:02:41",40.31,10.7,35.5,55.0,994.0
1051,"2026-04-22 09:07:41",40.2803,10.9,35.6,54.0,993.9
1052,"2026-04-22 09:12:41",40.2575,11.0,35.7,56.0,994.0
1053,"2026-04-22 09:17:41",40.2418,11.1,35.6,52.0,994.0
1054,"2026-04-22 09:22:41",40.2286,10.8,35.7,53.0,994.0
1055,"2026-04-22 09:27:41",40.2333,11.4,35.7,52.0,994.0
1056,"2026-04-22 09:32:41",40.233,11.4,35.7,57.0,994.1
1057,"2026-04-22 09:37:41",40.232,11.0,35.7,53.0,994.0
1058,"2026-04-22 09:42:41",40.2327,11.6,35.7,52.0,994.0
1059,"2026-04-22 09:47:41",40.2272,11.4,35.7,54.0,994.1
1060,"2026-04-22 09:52:41",40.2384,12.2,35.8,54.0,994.1
1061,"2026-04-22 09:57:41",40.2427,12.9,35.8,53.0,994.1
1062,"2026-04-22 10:02:41",40.2172,12.7,35.8,54.0,994.1
1063,"2026-04-22 10:07:41",40.2257,12.8,35.8,52.0,994.1
1064,"2026-04-22 10:12:41",40.1933,12.0,35.8,47.0,994.0
1065,"2026-04-22 10:17:41",40.1802,12.3,35.8,50.0,994.0
1066,"2026-04-22 10:22:41",40.1908,12.7,35.7,50.0,994.0
1067,"2026-04-22 10:27:41",40.1803,13.2,35.7,53.0,994.0
1068,"2026-04-22 10:32:41",40.2128,13.2,35.8,51.0,994.0
1069,"2026-04-22 10:37:41",40.2208,13.6,35.8,53.0,993.9
1070,"2026-04-22 10:42:41",40.2654,13.9,35.8,51.0,993.9
1071,"2026-04-22 10:47:41",40.2694,14.1,35.8,50.0,993.9
1072,"2026-04-22 10:52:41",40.282,14.1,35.9,52.0,993.9
1073,"2026-04-22 10:57:41",40.2937,14.3,35.9,52.0,993.9
1074,"2026-04-22 11:02:41",40.2968,14.2,35.8,52.0,993.8
1075,"2026-04-22 11:07:41",40.3054,13.9,35.8,49.0,993.8
1076,"2026-04-22 11:12:41",40.3403,14.0,35.8,53.0,993.8
1077,"2026-04-22 11:17:41",40.3546,14.4,35.9,54.0,993.8
1078,"2026-04-22 11:22:41",40.3601,14.4,35.9,51.0,993.8
1079,"2026-04-22 11:27:41",40.3706,14.5,35.8,48.0,993.9
1080,"2026-04-22 11:32:41",40.3716,14.2,35.9,52.0,993.8
1081,"2026-04-22 11:37:41",40.3772,14.2,35.9,53.0,993.8
1082,"2026-04-22 11:42:41",40.3675,14.6,36.0,56.0,993.8
1083,"2026-04-22 11:47:41",40.3651,14.8,35.9,55.0,993.8
1084,"2026-04-22 11:52:41",40.3712,14.8,35.9,53.0,993.8
1085,"2026-04-22 11:57:41",40.3607,15.1,35.8,52.0,993.8
1086,"2026-04-22 12:02:41",40.3572,14.6,35.9,51.0,993.7
1087,"2026-04-22 12:07:41",40.3711,15.2,36.0,57.0,993.6
1088,"2026-04-22 12:12:41",40.3688,14.9,36.0,51.0,993.7
1089,"2026-04-22 12:17:41",40.3778,15.0,36.0,55.0,993.7
1090,"2026-04-22 12:22:41",40.3798,14.4,35.8,51.0,993.5
1091,"2026-04-22 12:27:41",40.3908,14.4,35.8,51.0,993.6
1092,"2026-04-22 12:32:41",40.3875,14.4,35.8,55.0,993.4
1093,"2026-04-22 12:37:41",40.4124,14.0,35.8,53.0,993.5
1094,"2026-04-22 12:42:41",40.4194,14.5,35.8,55.0,993.4
1095,"2026-04-22 12:47:41",40.4322,14.9,35.8,57.0,993.3
1096,"2026-04-22 12:52:41",40.4446,15.1,35.9,57.0,993.3
1097,"2026-04-22 12:57:41",40.4696,15.3,35.8,58.0,993.2
1098,"2026-04-22 13:02:41",40.4919,15.1,35.8,53.0,993.3
1099,"2026-04-22 13:07:41",40.5071,14.8,35.9,52.0,993.2
1100,"2026-04-22 13:12:41",40.5461,14.8,35.8,52.0,993.2
1101,"2026-04-22 13:17:41",40.5698,15.3,35.8,55.0,993.2
1102,"2026-04-22 13:22:41",40.5767,15.3,35.7,53.0,993.2
1103,"2026-04-22 13:27:41",40.6008,15.1,35.7,57.0,993.2
1104,"2026-04-22 13:32:41",40.6146,15.1,35.7,53.0,993.1
1105,"2026-04-22 13:37:41",40.623,14.8,35.7,53.0,993.0
1106,"2026-04-22 13:42:41",40.6374,15.2,35.7,55.0,993.1
1107,"2026-04-22 13:47:41",40.6489,15.9,35.7,52.0,993.1
1108,"2026-04-22 13:52:41",40.6656,15.4,35.7,60.0,993.1
1109,"2026-04-22 13:57:41",40.725,15.2,35.7,56.0,993.1
1110,"2026-04-22 14:02:41",40.8175,14.8,35.6,53.0,993.1
1111,"2026-04-22 14:07:41",40.8335,14.8,35.6,53.0,993.1
1112,"2026-04-22 14:12:41",40.832,15.4,35.8,58.0,993.0
1113,"2026-04-22 14:17:41",40.8344,15.2,35.7,52.0,993.1
1114,"2026-04-22 14:22:41",40.8237,15.2,35.8,55.0,993.0
1115,"2026-04-22 14:27:41",40.8183,15.4,35.7,54.0,993.0
1116,"2026-04-22 14:32:41",40.8377,15.6,35.7,54.0,993.1
1117,"2026-04-22 14:37:41",40.8301,16.1,35.7,53.0,993.0
1118,"2026-04-22 14:42:41",40.8388,15.2,35.7,55.0,993.0
1119,"2026-04-22 14:47:41",40.8665,14.9,35.7,53.0,993.0
1120,"2026-04-22 14:52:41",40.8771,15.3,35.7,51.0,993.0
1121,"2026-04-22 14:57:41",40.9006,15.1,35.6,52.0,993.0
1122,"2026-04-22 15:02:41",40.9082,15.0,35.5,47.0,992.9
1123,"2026-04-22 15:07:41",40.9146,15.2,35.5,54.0,992.9
1124,"2026-04-22 15:12:41",40.931,15.4,35.5,52.0,992.8
1125,"2026-04-22 15:17:41",40.9379,15.6,35.5,52.0,992.6
1126,"2026-04-22 15:22:41",40.9461,15.8,35.5,47.0,992.8
1127,"2026-04-22 15:27:41",40.9528,15.9,35.5,54.0,992.8
1128,"2026-04-22 15:32:41",40.9555,15.8,35.5,52.0,992.8
1129,"2026-04-22 15:37:41",40.9541,15.7,35.5,50.0,992.7
1130,"2026-04-22 15:42:41",40.966,16.4,35.4,53.0,992.7
1131,"2026-04-22 15:47:41",40.9668,16.2,35.5,54.0,992.6
1132,"2026-04-22 15:52:41",40.968,16.2,35.5,53.0,992.6
1133,"2026-04-22 15:57:41",40.9744,16.1,35.5,53.0,992.6
1134,"2026-04-22 16:02:41",40.9759,16.1,35.6,55.0,992.6
1135,"2026-04-22 16:07:41",40.9705,16.2,35.5,51.0,992.6
1136,"2026-04-22 16:12:41",40.979,15.4,35.5,54.0,992.7
1137,"2026-04-22 16:17:41",40.9754,16.5,35.5,54.0,992.6
1138,"2026-04-22 16:22:41",40.9716,16.7,35.4,50.0,992.5
1139,"2026-04-22 16:27:41",40.9665,16.5,35.5,54.0,992.6
1140,"2026-04-22 16:32:41",40.9733,16.0,35.5,44.0,992.5
1141,"2026-04-22 16:37:41",40.9659,16.2,35.5,54.0,992.5
1142,"2026-04-22 16:42:41",40.9732,16.4,35.5,51.0,992.4
1143,"2026-04-22 16:47:41",40.9737,16.4,35.4,55.0,992.5
1144,"2026-04-22 16:52:41",40.9836,17.0,35.5,53.0,992.4
1145,"2026-04-22 16:57:41",40.9836,16.5,35.5,53.0,992.5
1146,"2026-04-22 17:02:41",40.9909,16.8,35.5,53.0,992.4
1147,"2026-04-22 17:07:41",40.9925,16.8,35.5,54.0,992.4
1148,"2026-04-22 17:12:41",40.9895,17.1,35.5,52.0,992.4
1149,"2026-04-22 17:17:41",40.9924,17.2,35.5,53.0,992.4
1150,"2026-04-22 17:22:41",40.9864,16.7,35.4,50.0,992.4
1151,"2026-04-22 17:27:41",40.9864,16.7,35.4,52.0,992.4
1152,"2026-04-22 17:32:41",40.9934,16.6,35.4,51.0,992.4
1153,"2026-04-22 17:37:41",40.9834,16.8,35.5,53.0,992.5
1154,"2026-04-22 17:42:41",40.985,16.4,35.5,52.0,992.4
1155,"2026-04-22 17:47:41",40.9843,16.1,35.4,50.0,992.5
1156,"2026-04-22 17:52:41",40.9952,16.1,35.4,54.0,992.6
1157,"2026-04-22 17:57:41",40.9901,15.8,35.4,49.0,992.5
1158,"2026-04-22 18:02:41",40.9849,16.0,35.4,53.0,992.5
1159,"2026-04-22 18:07:41",40.9822,15.6,35.4,53.0,992.5
1160,"2026-04-22 18:12:41",40.9835,15.4,35.4,51.0,992.5
1161,"2026-04-22 18:22:41",40.9828,15.1,35.4,51.0,992.5
1162,"2026-04-22 18:27:41",40.9769,14.7,35.4,46.0,992.5
1163,"2026-04-22 18:32:41",40.973,13.9,35.4,48.0,992.5
1164,"2026-04-22 18:37:41",40.9637,13.2,35.3,51.0,992.6
1165,"2026-04-22 18:42:41",40.9529,12.8,35.3,50.0,992.6
1166,"2026-04-22 18:47:41",40.9438,12.3,35.3,51.0,992.6
1167,"2026-04-22 18:52:41",40.9371,11.9,35.3,52.0,992.5
1168,"2026-04-22 18:57:41",40.9304,11.8,35.4,54.0,992.6
1169,"2026-04-22 19:02:41",40.9218,11.6,35.3,46.0,992.5
1170,"2026-04-22 19:07:41",40.9165,11.3,35.3,50.0,992.6
1171,"2026-04-22 19:12:41",40.9117,11.1,35.3,52.0,992.7
1172,"2026-04-22 19:17:41",40.8948,11.1,35.3,41.0,992.7
1173,"2026-04-22 19:22:41",40.9011,10.8,35.2,51.0,992.7
1174,"2026-04-22 19:27:41",40.8974,10.5,35.2,52.0,992.8
1175,"2026-04-22 19:32:41",40.8927,10.2,35.2,47.0,992.9
1176,"2026-04-22 19:37:41",40.8886,10.1,35.1,47.0,992.9
1177,"2026-04-22 19:42:41",40.885,9.8,35.1,51.0,992.9
1178,"2026-04-22 19:47:41",40.8809,9.7,35.2,51.0,992.9
1179,"2026-04-22 19:52:41",40.8764,9.5,35.2,49.0,993.0
1180,"2026-04-22 19:57:41",40.8735,9.2,35.2,54.0,993.1
1181,"2026-04-22 20:02:41",40.8656,8.6,35.2,54.0,993.1
1182,"2026-04-22 20:07:41",40.8593,8.1,35.1,52.0,993.1
1183,"2026-04-22 20:12:43",40.856,7.7,35.1,52.0,993.1
1184,"2026-04-22 20:17:41",40.8497,7.3,35.2,53.0,993.1
1185,"2026-04-22 20:22:41",40.8449,7.1,35.2,52.0,993.2
1186,"2026-04-22 20:27:41",40.8401,6.4,35.0,45.0,993.2
1187,"2026-04-22 20:32:41",40.8346,5.7,35.0,55.0,993.3
1188,"2026-04-22 20:37:41",40.8291,5.6,35.0,53.0,993.3
1189,"2026-04-22 20:42:41",40.8259,5.2,35.1,53.0,993.2
1190,"2026-04-22 20:47:41",40.8218,4.7,35.1,53.0,993.2
1191,"2026-04-22 20:52:41",40.8173,4.1,35.2,54.0,993.2
1192,"2026-04-22 20:57:41",40.8126,4.0,35.3,54.0,993.2
1193,"2026-04-22 21:02:41",40.8105,3.9,35.2,51.0,993.2
1194,"2026-04-22 21:07:41",40.8079,3.5,35.2,47.0,993.2
1195,"2026-04-22 21:12:41",40.8051,3.5,35.1,51.0,993.3
1196,"2026-04-22 21:17:41",40.8021,3.1,35.1,52.0,993.3
1197,"2026-04-22 21:22:41",40.7998,3.0,35.1,52.0,993.3
1198,"2026-04-22 21:27:41",40.7967,2.9,35.1,51.0,993.3
1199,"2026-04-22 21:32:41",40.7952,2.9,35.0,51.0,993.3
1200,"2026-04-22 21:37:41",40.7927,2.7,35.2,51.0,993.2
1201,"2026-04-22 21:42:41",40.7891,2.2,35.2,51.0,993.3
1202,"2026-04-22 21:47:41",40.7873,2.4,35.3,51.0,993.3
1203,"2026-04-22 21:52:41",40.7852,2.2,35.3,51.0,993.3
1204,"2026-04-22 21:57:41",40.7836,1.9,35.2,53.0,993.2
1205,"2026-04-22 22:02:41",40.7826,1.8,35.1,54.0,993.3
1206,"2026-04-22 22:07:41",40.78,1.6,35.0,51.0,993.3
1207,"2026-04-22 22:12:41",40.7783,1.6,35.1,51.0,993.3
1208,"2026-04-22 22:17:41",40.7768,1.9,35.1,52.0,993.3
1209,"2026-04-22 22:22:41",40.7753,1.8,35.2,50.0,993.4
1210,"2026-04-22 22:27:41",40.7749,2.0,35.1,49.0,993.3
1211,"2026-04-22 22:32:41",40.7743,2.4,35.1,49.0,993.3
1212,"2026-04-22 22:37:41",40.7761,2.6,35.1,53.0,993.3
1213,"2026-04-22 22:42:41",40.776,2.4,35.2,49.0,993.3
1214,"2026-04-22 22:47:41",40.7766,2.4,35.1,48.0,993.3
1215,"2026-04-22 22:52:41",40.7766,2.4,35.2,51.0,993.3
1216,"2026-04-22 22:57:41",40.7773,2.6,35.2,51.0,993.4
1217,"2026-04-22 23:02:41",40.7778,2.7,35.2,51.0,993.4
1218,"2026-04-22 23:07:41",40.7784,2.9,35.2,56.0,993.4
1219,"2026-04-22 23:12:41",40.7789,3.0,35.2,48.0,993.4
1220,"2026-04-22 23:17:41",40.7799,3.3,35.2,50.0,993.5
1221,"2026-04-22 23:22:41",40.7808,3.4,35.2,50.0,993.4
1222,"2026-04-22 23:27:41",40.7827,3.6,35.2,50.0,993.5
1223,"2026-04-22 23:32:41",40.7837,3.7,35.2,49.0,993.5
1224,"2026-04-22 23:37:41",40.7846,3.7,35.1,47.0,993.4
1225,"2026-04-22 23:42:41",40.7857,3.8,35.1,49.0,993.4
1226,"2026-04-22 23:47:41",40.7858,3.7,35.0,47.0,993.4
1227,"2026-04-22 23:52:41",40.7871,3.7,35.0,50.0,993.3
1228,"2026-04-22 23:57:41",40.7873,3.7,35.1,53.0,993.3
1229,"2026-04-23 00:02:41",40.7867,3.7,35.1,50.0,993.4
1230,"2026-04-23 00:07:41",40.7871,3.8,35.1,50.0,993.4
1231,"2026-04-23 00:12:41",40.7867,3.9,35.1,47.0,993.3
1232,"2026-04-23 00:17:41",40.786,4.0,35.2,52.0,993.3
1233,"2026-04-23 00:22:41",40.7863,4.0,35.2,54.0,993.3
1234,"2026-04-23 00:27:41",40.7862,4.1,35.2,49.0,993.4
1235,"2026-04-23 00:32:41",40.7861,4.2,35.2,52.0,993.4
1236,"2026-04-23 00:37:41",40.786,4.1,35.2,48.0,993.4
1237,"2026-04-23 00:42:41",40.7862,4.1,35.3,54.0,993.3
1238,"2026-04-23 00:47:41",40.7861,4.1,35.3,48.0,993.3
1239,"2026-04-23 00:52:41",40.7856,3.9,35.2,52.0,993.3
1240,"2026-04-23 00:57:41",40.7856,3.9,35.3,54.0,993.3
1241,"2026-04-23 01:02:41",40.7841,4.0,35.4,52.0,993.2
1242,"2026-04-23 01:07:41",40.7838,3.9,35.3,52.0,993.2
1243,"2026-04-23 01:12:41",40.7829,4.0,35.3,47.0,993.2
1244,"2026-04-23 01:17:41",40.7804,4.1,35.3,51.0,993.2
1245,"2026-04-23 01:22:41",40.7816,4.0,35.3,52.0,993.3
1246,"2026-04-23 01:27:41",40.7797,3.9,35.3,51.0,993.2
1247,"2026-04-23 01:32:41",40.7806,4.0,35.3,53.0,993.2
1248,"2026-04-23 01:37:41",40.7797,4.0,35.2,53.0,993.2
1249,"2026-04-23 01:42:41",40.7805,4.0,35.2,49.0,993.2
1250,"2026-04-23 01:47:41",40.7798,4.0,35.2,52.0,993.2
1251,"2026-04-23 01:52:41",40.7799,4.1,35.3,53.0,993.2
1252,"2026-04-23 01:57:41",40.7806,4.1,35.3,52.0,993.2
1253,"2026-04-23 02:02:41",40.781,3.9,35.3,51.0,993.2
1254,"2026-04-23 02:07:41",40.78,3.7,35.2,50.0,993.2
1255,"2026-04-23 02:12:41",40.7801,3.4,35.3,52.0,993.2
1256,"2026-04-23 02:17:41",40.7792,3.0,35.2,54.0,993.2
1257,"2026-04-23 02:22:41",40.7783,2.8,35.2,55.0,993.1
1258,"2026-04-23 02:27:41",40.7765,2.4,35.3,54.0,993.1
1259,"2026-04-23 02:32:41",40.7748,2.0,35.3,55.0,993.2
1260,"2026-04-23 02:37:41",40.7717,1.8,35.3,53.0,993.1
1261,"2026-04-23 02:42:41",40.7706,1.6,35.2,54.0,993.2
1262,"2026-04-23 02:47:41",40.7676,1.5,35.3,51.0,993.1
1263,"2026-04-23 02:52:41",40.7645,1.6,35.4,53.0,993.1
1264,"2026-04-23 02:57:41",40.7636,1.4,35.4,50.0,993.1
1265,"2026-04-23 03:02:41",40.7602,1.2,35.4,51.0,993.1
1266,"2026-04-23 03:07:41",40.7593,1.2,35.4,53.0,993.1
1267,"2026-04-23 03:12:41",40.7582,1.4,35.3,50.0,993.0
1268,"2026-04-23 03:17:41",40.7576,1.2,35.3,51.0,993.1
1269,"2026-04-23 03:22:41",40.7576,1.2,35.3,50.0,993.1
1270,"2026-04-23 03:27:41",40.7567,1.0,35.3,47.0,993.0
1271,"2026-04-23 03:32:41",40.757,0.8,35.4,52.0,993.1
1272,"2026-04-23 03:37:41",40.7567,0.8,35.3,51.0,993.0
1273,"2026-04-23 03:42:41",40.7554,0.6,35.3,52.0,993.0
1274,"2026-04-23 03:47:41",40.7545,0.5,35.2,51.0,993.1
1275,"2026-04-23 03:52:41",40.7534,0.2,35.2,50.0,993.1
1276,"2026-04-23 03:57:41",40.7524,0.3,35.2,51.0,993.0
1277,"2026-04-23 04:02:41",40.7517,0.2,35.2,53.0,993.0
1278,"2026-04-23 04:07:41",40.7512,0.2,35.3,53.0,993.0
1279,"2026-04-23 04:12:41",40.7505,0.0,35.3,53.0,993.1
1280,"2026-04-23 04:17:41",40.7483,0.0,35.3,52.0,993.0
1281,"2026-04-23 04:22:41",40.748,-0.2,35.2,49.0,992.9
1282,"2026-04-23 04:27:41",40.7479,0.2,35.2,49.0,993.0
1283,"2026-04-23 04:32:41",40.7478,0.1,35.2,48.0,993.0
1284,"2026-04-23 04:37:41",40.7476,-0.1,35.3,50.0,992.9
1285,"2026-04-23 04:42:41",40.7484,-0.1,35.2,55.0,992.9
1286,"2026-04-23 04:47:41",40.7482,0.1,35.2,49.0,992.9
1287,"2026-04-23 04:52:41",40.7477,-0.1,35.1,52.0,993.0
1288,"2026-04-23 04:57:41",40.7468,-0.3,35.2,50.0,992.9
1289,"2026-04-23 05:02:41",40.7468,-0.2,35.2,51.0,992.7
1290,"2026-04-23 05:07:41",40.7463,0.0,35.1,53.0,992.7
1291,"2026-04-23 05:12:41",40.7462,-0.2,35.0,48.0,992.7
1292,"2026-04-23 05:17:41",40.7459,-0.4,35.0,52.0,992.7
1293,"2026-04-23 05:22:41",40.7458,-0.6,35.0,47.0,992.7
1294,"2026-04-23 05:27:41",40.7457,-0.6,35.0,53.0,992.7
1295,"2026-04-23 05:32:41",40.7454,-0.6,35.1,47.0,992.7
1296,"2026-04-23 05:37:41",40.7449,-0.7,35.2,50.0,992.6
1297,"2026-04-23 05:42:41",40.7437,-0.3,35.2,52.0,992.8
1298,"2026-04-23 05:47:41",40.7445,-0.4,35.2,48.0,992.7
1299,"2026-04-23 05:52:41",40.7442,-0.6,35.2,52.0,992.8
1300,"2026-04-23 05:57:41",40.7441,-0.5,35.1,54.0,992.8
1301,"2026-04-23 06:02:41",40.7438,-0.4,35.2,50.0,992.7
1302,"2026-04-23 06:07:41",40.7439,-0.1,35.1,48.0,992.7
1303,"2026-04-23 06:12:41",40.7437,0.0,35.1,53.0,992.7
1304,"2026-04-23 06:17:41",40.744,0.1,35.0,51.0,992.7
1305,"2026-04-23 06:22:41",40.7445,0.2,35.1,52.0,992.7
1306,"2026-04-23 06:27:41",40.7448,0.3,35.1,50.0,992.7
1307,"2026-04-23 06:32:41",40.7461,0.4,35.1,50.0,992.8
1308,"2026-04-23 06:37:41",40.7464,0.6,35.0,49.0,992.7
1309,"2026-04-23 06:42:41",40.7475,0.9,35.2,50.0,992.8
1310,"2026-04-23 06:47:41",40.7493,1.1,35.2,50.0,992.8
1311,"2026-04-23 06:52:41",40.7509,1.4,35.0,50.0,992.8
1312,"2026-04-23 06:57:41",40.7523,1.6,34.9,50.0,992.6
1313,"2026-04-23 07:02:41",40.7549,1.8,35.0,54.0,992.7
1314,"2026-04-23 07:07:41",40.7563,1.9,35.1,50.0,992.7
1315,"2026-04-23 07:12:41",40.7577,2.2,35.1,50.0,992.8
1316,"2026-04-23 07:17:41",40.7596,2.4,35.0,53.0,992.8
1317,"2026-04-23 07:22:41",40.761,2.6,35.0,52.0,992.8
1318,"2026-04-23 07:27:41",40.7621,2.9,35.0,49.0,992.8
1319,"2026-04-23 07:32:41",40.7645,3.3,35.1,50.0,992.8
1320,"2026-04-23 07:37:41",40.7671,3.4,35.0,50.0,992.7
1321,"2026-04-23 07:42:41",40.7703,4.0,35.0,50.0,992.7
1322,"2026-04-23 07:47:41",40.7734,4.8,35.1,50.0,992.7
1323,"2026-04-23 07:52:41",40.776,5.7,35.1,52.0,992.7
1324,"2026-04-23 07:57:41",40.7828,6.2,35.2,46.0,992.7
1325,"2026-04-23 08:02:41",40.7872,6.9,35.2,49.0,992.7
1326,"2026-04-23 08:07:41",40.7933,7.6,35.1,53.0,992.7
1327,"2026-04-23 08:12:41",40.7985,8.0,35.1,53.0,992.6
1328,"2026-04-23 08:17:41",40.8027,8.6,35.2,49.0,992.5
1329,"2026-04-23 08:22:41",40.802,9.9,35.2,51.0,992.5
1330,"2026-04-23 08:27:41",40.8069,10.4,35.2,50.0,992.6
1331,"2026-04-23 08:32:41",40.7978,10.1,35.2,50.0,992.6
1332,"2026-04-23 08:37:41",40.7998,10.6,35.2,51.0,992.6
1333,"2026-04-23 08:42:41",40.7771,10.8,35.2,50.0,992.6
1334,"2026-04-23 08:47:41",40.7538,10.9,35.2,49.0,992.6
1335,"2026-04-23 08:52:41",40.7436,11.6,35.3,52.0,992.6
1336,"2026-04-23 08:57:41",40.7002,11.8,35.4,51.0,992.6
1337,"2026-04-23 09:02:41",40.6927,11.6,35.4,52.0,992.5
1338,"2026-04-23 09:07:41",40.68,11.6,35.4,50.0,992.5
1339,"2026-04-23 09:12:41",40.7132,11.2,35.3,51.0,992.5
1340,"2026-04-23 09:17:41",40.7454,11.0,35.3,46.0,992.4
1341,"2026-04-23 09:22:41",40.7533,10.9,35.3,48.0,992.4
1342,"2026-04-23 09:27:41",40.7613,11.2,35.4,48.0,992.4
1343,"2026-04-23 09:32:41",40.7425,11.8,35.5,49.0,992.4
1344,"2026-04-23 09:37:41",40.7162,12.6,35.4,49.0,992.4
1345,"2026-04-23 09:42:41",40.6704,12.5,35.4,49.0,992.4
1346,"2026-04-23 09:47:41",40.5954,13.6,35.3,50.0,992.3
1347,"2026-04-23 09:52:41",40.4919,13.3,35.4,45.0,992.2
1348,"2026-04-23 09:57:41",40.4855,13.6,35.5,50.0,992.2
1349,"2026-04-23 10:02:41",40.4383,12.6,35.5,44.0,992.2
1350,"2026-04-23 10:07:41",40.4642,13.1,35.5,51.0,992.2
1351,"2026-04-23 10:12:41",40.4587,13.2,35.5,45.0,992.2
1352,"2026-04-23 10:17:41",40.4478,13.6,35.5,46.0,992.2
1353,"2026-04-23 10:22:41",40.4512,13.2,35.5,49.0,992.1
1354,"2026-04-23 10:27:41",40.4509,13.4,35.6,51.0,992.1
1355,"2026-04-23 10:32:41",40.4524,13.6,35.5,53.0,992.1
1356,"2026-04-23 10:37:41",40.4463,13.8,35.4,49.0,992.0
1357,"2026-04-23 10:42:41",40.4241,14.2,35.6,51.0,991.9
1358,"2026-04-23 10:47:41",40.443,13.4,35.6,41.0,991.9
1359,"2026-04-23 10:52:41",40.4741,13.7,35.7,52.0,991.9
1360,"2026-04-23 10:57:41",40.4961,13.4,35.7,54.0,991.8
1361,"2026-04-23 11:02:41",40.5181,14.2,35.7,51.0,991.8
1362,"2026-04-23 11:07:41",40.5036,13.7,35.7,44.0,991.8
1363,"2026-04-23 11:12:41",40.5388,13.4,35.6,50.0,991.6
1364,"2026-04-23 11:17:41",40.5981,13.4,35.6,49.0,991.6
1365,"2026-04-23 11:22:41",40.5817,13.5,35.6,49.0,991.5
1366,"2026-04-23 11:27:41",40.5785,13.8,35.5,48.0,991.6
1367,"2026-04-23 11:32:41",40.5647,14.2,35.5,48.0,991.6
1368,"2026-04-23 11:37:41",40.5298,14.2,35.6,50.0,991.6
1369,"2026-04-23 11:42:41",40.4958,14.2,35.6,50.0,991.5
1370,"2026-04-23 11:47:41",40.4688,13.7,35.5,46.0,991.4
1371,"2026-04-23 11:52:41",40.4887,13.9,35.6,47.0,991.5
1372,"2026-04-23 11:57:41",40.4829,14.7,35.5,53.0,991.4
1373,"2026-04-23 12:02:41",40.4741,14.8,35.5,53.0,991.4
1374,"2026-04-23 12:07:41",40.4783,14.6,35.6,51.0,991.4
1375,"2026-04-23 12:12:41",40.472,14.4,35.6,55.0,991.4
1376,"2026-04-23 12:17:41",40.4756,15.0,35.6,57.0,991.5
1377,"2026-04-23 12:22:41",40.4503,14.2,35.6,57.0,991.5
1378,"2026-04-23 12:27:41",40.4464,14.4,35.6,56.0,991.4
1379,"2026-04-23 12:32:41",40.4535,14.1,35.6,55.0,991.4
1380,"2026-04-23 12:37:41",40.4231,14.1,35.5,54.0,991.3
1381,"2026-04-23 12:42:41",40.4598,14.3,35.5,57.0,991.2
1382,"2026-04-23 12:47:41",40.4598,15.4,35.5,58.0,991.2
1383,"2026-04-23 12:52:41",40.437,14.4,35.5,51.0,991.0
1384,"2026-04-23 12:57:41",40.445,14.8,35.5,59.0,990.9
1385,"2026-04-23 13:02:41",40.4289,15.2,35.5,56.0,990.8
1386,"2026-04-23 13:07:41",40.4422,14.8,35.5,49.0,990.7
1387,"2026-04-23 13:12:41",40.4218,15.4,35.4,51.0,990.6
1388,"2026-04-23 13:17:41",40.4137,14.9,35.4,39.0,990.5
1389,"2026-04-23 13:22:41",40.4464,15.1,35.5,55.0,990.5
1390,"2026-04-23 13:27:41",40.435,15.4,35.5,49.0,990.4
1391,"2026-04-23 13:32:41",40.4801,16.1,35.5,53.0,990.3
1392,"2026-04-23 13:37:41",40.4898,16.6,35.5,55.0,990.3
1393,"2026-04-23 13:42:41",40.4815,17.0,35.6,54.0,990.2
1394,"2026-04-23 13:47:41",40.4923,16.2,35.5,49.0,990.2
1395,"2026-04-23 13:52:41",40.5247,16.2,35.6,54.0,990.0
1396,"2026-04-23 13:57:41",40.5357,16.6,35.6,56.0,990.0
1397,"2026-04-23 14:02:41",40.5798,16.8,35.5,51.0,990.0
1398,"2026-04-23 14:07:41",40.6061,16.6,35.5,50.0,990.0
1399,"2026-04-23 14:12:41",40.6478,16.7,35.4,55.0,989.9
1400,"2026-04-23 14:17:41",40.663,16.8,35.4,44.0,989.8
1401,"2026-04-23 14:22:41",40.7073,16.5,35.5,55.0,989.8
1402,"2026-04-23 14:27:41",40.7258,16.7,35.6,54.0,989.8
1403,"2026-04-23 14:32:41",40.7362,17.3,35.6,58.0,989.7
1404,"2026-04-23 14:37:41",40.7341,16.9,35.6,55.0,989.6
1405,"2026-04-23 14:42:41",40.7437,17.4,35.6,40.0,989.5
1406,"2026-04-23 14:47:41",40.7567,17.6,35.6,53.0,989.5
1407,"2026-04-23 14:52:41",40.7456,17.6,35.5,42.0,989.3
1408,"2026-04-23 14:57:41",40.7562,17.9,35.5,50.0,989.3
1409,"2026-04-23 15:02:41",40.7966,16.9,35.5,51.0,989.3
1410,"2026-04-23 15:07:41",40.8741,17.2,35.5,43.0,989.1
1411,"2026-04-23 15:12:41",40.8808,17.0,35.5,51.0,989.1
1412,"2026-04-23 15:17:41",40.8988,17.4,35.6,54.0,989.1
1413,"2026-04-23 15:22:41",40.8882,18.9,35.6,53.0,988.9
1414,"2026-04-23 15:27:41",40.8593,18.4,35.6,51.0,989.0
1415,"2026-04-23 15:32:41",40.8454,18.4,35.6,53.0,988.9
1416,"2026-04-23 15:37:41",40.8444,18.8,35.6,50.0,988.8
1417,"2026-04-23 15:42:41",40.8326,18.9,35.6,45.0,988.8
1418,"2026-04-23 15:47:41",40.8312,18.9,35.6,54.0,988.6
1419,"2026-04-23 15:52:41",40.8271,18.7,35.5,52.0,988.7
1420,"2026-04-23 15:57:41",40.833,19.2,35.6,53.0,988.6
1421,"2026-04-23 16:02:41",40.8276,18.9,35.6,52.0,988.5
1422,"2026-04-23 16:07:41",40.8346,18.8,35.5,53.0,988.4
1423,"2026-04-23 16:12:41",40.8546,18.9,35.6,55.0,988.3
1424,"2026-04-23 16:17:41",40.8511,18.4,35.6,49.0,988.3
1425,"2026-04-23 16:22:41",40.8854,18.2,35.5,51.0,988.4
1426,"2026-04-23 16:27:41",40.9006,18.9,35.5,57.0,988.3
1427,"2026-04-23 16:32:41",40.914,19.8,35.5,52.0,988.2
1428,"2026-04-23 16:37:41",40.8927,19.3,35.6,53.0,988.2
1429,"2026-04-23 16:42:41",40.9125,19.1,35.6,55.0,988.1
1430,"2026-04-23 16:47:41",40.9244,19.7,35.7,55.0,988.1
1431,"2026-04-23 16:52:41",40.9401,19.9,35.5,42.0,988.0
1432,"2026-04-23 16:57:41",40.9462,20.3,35.6,53.0,988.0
1433,"2026-04-23 17:02:41",40.954,19.9,35.6,50.0,988.0
1434,"2026-04-23 17:07:41",40.9631,19.8,35.6,52.0,987.9
1435,"2026-04-23 17:12:41",40.9495,19.5,35.5,45.0,987.9
1436,"2026-04-23 17:17:41",40.9766,19.5,35.6,51.0,987.9
1437,"2026-04-23 17:22:41",40.992,19.6,35.6,49.0,987.8
1438,"2026-04-23 17:27:41",40.9907,19.6,35.6,52.0,987.8
1439,"2026-04-23 17:32:41",40.9883,19.2,35.6,53.0,987.8
1440,"2026-04-23 17:37:41",40.9851,19.2,35.6,49.0,987.7
1441,"2026-04-23 17:42:41",40.9747,19.6,35.6,51.0,987.7
1442,"2026-04-23 17:47:41",40.9562,19.6,35.5,49.0,987.8
1443,"2026-04-23 17:52:41",40.9406,19.4,35.5,47.0,987.7
1444,"2026-04-23 17:57:41",40.9212,19.1,35.6,52.0,987.8
1445,"2026-04-23 18:02:41",40.9264,18.9,35.6,52.0,987.8
1446,"2026-04-23 18:07:41",40.9246,19.4,35.5,53.0,987.8
1447,"2026-04-23 18:12:41",40.9432,18.8,35.6,48.0,987.9
1448,"2026-04-23 18:17:41",40.9641,18.4,35.6,47.0,987.9
1449,"2026-04-23 18:22:41",40.9771,18.2,35.6,53.0,987.9
1450,"2026-04-23 18:27:41",40.9932,18.2,35.7,53.0,987.8
1451,"2026-04-23 18:32:41",41.0054,17.3,35.7,51.0,987.9
1452,"2026-04-23 18:37:41",41.0197,16.4,35.7,51.0,988.0
1453,"2026-04-23 18:42:41",41.0288,15.8,35.7,52.0,988.0
1454,"2026-04-23 18:47:41",41.041,15.4,35.6,52.0,988.0
1455,"2026-04-23 18:52:41",41.0403,15.1,35.7,52.0,988.0
1456,"2026-04-23 18:57:41",41.0465,14.8,35.6,51.0,988.1
1457,"2026-04-23 19:02:41",41.0477,14.6,35.6,49.0,988.1
1458,"2026-04-23 19:07:41",41.0463,14.4,35.6,50.0,988.1
1459,"2026-04-23 19:12:41",41.0426,14.2,35.5,54.0,988.2
1460,"2026-04-23 19:17:41",41.0415,13.9,35.5,55.0,988.2
1461,"2026-04-23 19:22:41",41.0388,13.8,35.5,51.0,988.2
1462,"2026-04-23 19:27:41",41.0251,13.5,35.5,50.0,988.2
1463,"2026-04-23 19:32:41",41.0267,13.6,35.4,53.0,988.3
1464,"2026-04-23 19:37:41",41.0218,13.6,35.4,49.0,988.4
1465,"2026-04-23 19:42:41",41.0203,13.4,35.5,51.0,988.4
1466,"2026-04-23 19:47:41",41.0178,13.2,35.4,52.0,988.5
1467,"2026-04-23 19:52:41",41.0138,12.9,35.4,49.0,988.5
1468,"2026-04-23 19:57:41",41.0049,12.8,35.4,54.0,988.5
1469,"2026-04-23 20:02:41",41.0038,12.4,35.4,54.0,988.5
1470,"2026-04-23 20:07:41",40.9996,12.0,35.4,53.0,988.6
1471,"2026-04-23 20:12:41",40.9951,12.1,35.3,48.0,988.7
1472,"2026-04-23 20:17:41",40.9887,11.7,35.3,48.0,988.8
1473,"2026-04-23 20:22:41",40.9835,11.1,35.3,52.0,988.7
1474,"2026-04-23 20:27:41",40.9792,11.1,35.4,50.0,988.8
1475,"2026-04-23 20:32:41",40.976,11.1,35.4,50.0,988.9
1476,"2026-04-23 20:37:41",40.9727,11.1,35.4,55.0,988.9
1477,"2026-04-23 20:42:41",40.9714,11.1,35.4,53.0,988.9
1478,"2026-04-23 20:47:41",40.9695,10.9,35.5,56.0,989.0
1479,"2026-04-23 20:52:41",40.9659,10.5,35.5,53.0,989.0
1480,"2026-04-23 20:57:41",40.9614,10.1,35.4,49.0,989.0
1481,"2026-04-23 21:02:41",40.9584,10.2,35.4,48.0,989.1
1482,"2026-04-23 21:07:41",40.9494,10.8,35.4,49.0,989.1
1483,"2026-04-23 21:12:41",40.9575,11.1,35.3,48.0,989.1
1484,"2026-04-23 21:17:41",40.9576,11.4,35.4,48.0,989.1
1485,"2026-04-23 21:22:41",40.9548,11.1,35.4,54.0,989.0
1486,"2026-04-23 21:27:41",40.9547,11.1,35.4,54.0,989.1
1487,"2026-04-23 21:32:41",40.9526,10.6,35.4,50.0,989.1
1488,"2026-04-23 21:37:41",40.949,10.5,35.4,53.0,989.1
1489,"2026-04-23 21:42:41",40.9428,10.6,35.4,54.0,989.2
1490,"2026-04-23 21:47:41",40.9443,10.6,35.3,53.0,989.2
1491,"2026-04-23 21:52:41",40.9406,10.1,35.3,52.0,989.2
1492,"2026-04-23 21:57:41",40.9361,9.7,35.3,51.0,989.2
1493,"2026-04-23 22:02:41",40.9337,9.8,35.3,52.0,989.3
1494,"2026-04-23 22:07:41",40.9304,9.8,35.4,51.0,989.3
1495,"2026-04-23 22:12:41",40.9296,9.6,35.4,49.0,989.3
1496,"2026-04-23 22:17:41",40.9295,9.9,35.4,50.0,989.3
1497,"2026-04-23 22:22:41",40.9231,9.7,35.4,55.0,989.3
1498,"2026-04-23 22:27:41",40.9254,10.2,35.4,52.0,989.3
1499,"2026-04-23 22:32:41",40.9256,10.4,35.4,50.0,989.3
1500,"2026-04-23 22:37:41",40.9207,9.9,35.4,51.0,989.4
1501,"2026-04-23 22:42:41",40.9226,9.8,35.3,51.0,989.4
1502,"2026-04-23 22:47:41",40.9208,9.4,35.3,49.0,989.4
1503,"2026-04-23 22:52:41",40.9164,9.4,35.3,53.0,989.4
1504,"2026-04-23 22:57:41",40.9144,9.3,35.3,52.0,989.4
1505,"2026-04-23 23:02:41",40.9131,9.3,35.2,55.0,989.5
1506,"2026-04-23 23:07:41",40.9117,9.8,35.3,53.0,989.6
1507,"2026-04-23 23:12:41",40.8988,9.9,35.3,53.0,989.6
1508,"2026-04-23 23:17:41",40.9135,10.3,35.2,49.0,989.6
1509,"2026-04-23 23:22:41",40.9137,10.5,35.3,54.0,989.7
1510,"2026-04-23 23:27:41",40.9138,10.4,35.3,51.0,989.7
1511,"2026-04-23 23:32:41",40.9133,10.1,35.3,49.0,989.7
1512,"2026-04-23 23:37:41",40.9121,9.7,35.3,53.0,989.7
1513,"2026-04-23 23:42:41",40.9088,8.9,35.3,53.0,989.8
1514,"2026-04-23 23:47:41",40.9035,8.2,35.2,53.0,989.7
1515,"2026-04-23 23:52:41",40.8975,7.8,35.3,54.0,989.7
1516,"2026-04-23 23:57:41",40.894,7.7,35.2,51.0,989.7
1517,"2026-04-24 00:02:41",40.8911,7.7,35.2,49.0,989.7
1518,"2026-04-24 00:07:41",40.8876,7.8,35.2,49.0,989.8
1519,"2026-04-24 00:12:41",40.8854,7.7,35.4,49.0,989.8
1520,"2026-04-24 00:17:41",40.8853,7.8,35.4,51.0,989.8
1521,"2026-04-24 00:22:41",40.8707,8.9,35.4,51.0,989.7
1522,"2026-04-24 00:27:41",40.8898,10.2,35.3,48.0,989.7
1523,"2026-04-24 00:32:41",40.897,10.3,35.3,53.0,989.7
1524,"2026-04-24 00:37:41",40.8975,10.6,35.3,52.0,989.7
1525,"2026-04-24 00:42:41",40.901,10.8,35.3,48.0,989.8
1526,"2026-04-24 00:47:41",40.8993,11.2,35.4,54.0,989.7
1527,"2026-04-24 00:52:41",40.9077,11.4,35.4,52.0,989.8
1528,"2026-04-24 00:57:41",40.9066,11.1,35.3,50.0,989.7
1529,"2026-04-24 01:02:41",40.9032,11.4,35.3,48.0,989.7
1530,"2026-04-24 01:07:41",40.9037,11.2,35.3,48.0,989.6
1531,"2026-04-24 01:12:41",40.9008,11.4,35.3,47.0,989.6
1532,"2026-04-24 01:17:41",40.9009,11.4,35.3,49.0,989.6
1533,"2026-04-24 01:22:41",40.8995,11.2,35.4,50.0,989.6
1534,"2026-04-24 01:27:41",40.8988,11.1,35.3,51.0,989.6
1535,"2026-04-24 01:32:41",40.896,11.0,35.3,52.0,989.6
1536,"2026-04-24 01:37:41",40.8923,10.8,35.3,49.0,989.6
1537,"2026-04-24 01:42:41",40.8913,11.1,35.4,51.0,989.6
1538,"2026-04-24 01:47:41",40.8897,11.1,35.4,51.0,989.5
1539,"2026-04-24 01:52:41",40.8867,11.2,35.4,50.0,989.5
1540,"2026-04-24 01:57:41",40.8893,11.3,35.4,50.0,989.5
1541,"2026-04-24 02:02:41",40.8844,11.2,35.4,52.0,989.5
1542,"2026-04-24 02:07:41",40.8872,11.3,35.4,52.0,989.5
1543,"2026-04-24 02:12:41",40.8836,11.2,35.4,53.0,989.5
1544,"2026-04-24 02:17:41",40.8841,11.1,35.4,50.0,989.5
1545,"2026-04-24 02:22:41",40.8837,11.0,35.4,49.0,989.4
1546,"2026-04-24 02:27:41",40.88,10.6,35.4,51.0,989.5
1547,"2026-04-24 02:32:41",40.878,10.3,35.5,53.0,989.5
1548,"2026-04-24 02:37:41",40.8745,10.1,35.5,53.0,989.6
1549,"2026-04-24 02:42:41",40.8729,9.8,35.5,53.0,989.6
1550,"2026-04-24 02:47:41",40.8697,9.6,35.5,51.0,989.5
1551,"2026-04-24 02:52:41",40.8685,9.7,35.5,53.0,989.5
1552,"2026-04-24 02:57:41",40.8634,9.8,35.4,52.0,989.5
1553,"2026-04-24 03:02:41",40.8673,10.4,35.5,50.0,989.4
1554,"2026-04-24 03:07:41",40.8685,10.6,35.5,52.0,989.4
1555,"2026-04-24 03:12:41",40.8671,10.2,35.5,51.0,989.4
1556,"2026-04-24 03:17:41",40.8652,9.8,35.5,54.0,989.3
1557,"2026-04-24 03:22:41",40.8625,9.3,35.5,51.0,989.3
1558,"2026-04-24 03:27:41",40.8583,8.9,35.4,52.0,989.3
1559,"2026-04-24 03:32:41",40.8554,8.6,35.5,52.0,989.3
1560,"2026-04-24 03:37:41",40.8505,8.2,35.4,51.0,989.4
1561,"2026-04-24 03:42:41",40.8457,7.9,35.5,50.0,989.3
1562,"2026-04-24 03:47:41",40.8414,7.8,35.5,54.0,989.5
1563,"2026-04-24 03:52:41",40.8408,7.3,35.4,52.0,989.5
1564,"2026-04-24 03:57:41",40.8371,6.9,35.4,49.0,989.5
1565,"2026-04-24 04:02:41",40.8334,6.0,35.4,53.0,989.4
1566,"2026-04-24 04:07:41",40.8293,5.6,35.5,49.0,989.4
1567,"2026-04-24 04:12:41",40.8248,5.4,35.5,51.0,989.4
1568,"2026-04-24 04:17:41",40.8224,5.6,35.5,52.0,989.4
1569,"2026-04-24 04:22:41",40.8209,5.8,35.4,51.0,989.5
1570,"2026-04-24 04:27:41",40.8186,6.0,35.4,49.0,989.4
1571,"2026-04-24 04:32:41",40.8185,6.4,35.5,52.0,989.4
1572,"2026-04-24 04:37:41",40.8192,6.5,35.4,53.0,989.5
1573,"2026-04-24 04:42:41",40.8192,6.6,35.4,53.0,989.5
1574,"2026-04-24 04:47:41",40.8193,6.8,35.3,52.0,989.4
1575,"2026-04-24 04:52:41",40.8214,6.8,35.4,50.0,989.4
1576,"2026-04-24 04:57:41",40.8227,6.8,35.3,51.0,989.3
1577,"2026-04-24 05:02:41",40.8234,6.6,35.3,53.0,989.3
1578,"2026-04-24 05:07:41",40.8232,6.2,35.3,50.0,989.3
1579,"2026-04-24 05:12:41",40.8229,6.1,35.3,53.0,989.4
1580,"2026-04-24 05:17:41",40.8222,5.8,35.3,55.0,989.3
1581,"2026-04-24 05:22:41",40.8212,5.5,35.3,53.0,989.4
1582,"2026-04-24 05:27:41",40.8204,5.4,35.4,53.0,989.3
1583,"2026-04-24 05:32:41",40.8178,5.4,35.3,50.0,989.4
1584,"2026-04-24 05:37:41",40.8166,5.3,35.3,53.0,989.4
1585,"2026-04-24 05:42:41",40.8158,5.0,35.4,54.0,989.4
1586,"2026-04-24 05:47:41",40.8143,4.8,35.3,52.0,989.4
1587,"2026-04-24 05:52:41",40.8122,4.2,35.2,50.0,989.4
1588,"2026-04-24 05:57:41",40.8087,4.1,35.3,50.0,989.5
1589,"2026-04-24 06:02:41",40.8065,3.8,35.2,47.0,989.6
1590,"2026-04-24 06:07:41",40.8044,3.5,35.3,54.0,989.6
1591,"2026-04-24 06:12:41",40.8024,3.7,35.2,45.0,989.7
1592,"2026-04-24 06:17:41",40.8015,3.8,35.2,49.0,989.7
1593,"2026-04-24 06:22:41",40.7996,3.7,35.2,52.0,989.8
1594,"2026-04-24 06:27:41",40.7984,3.7,35.3,54.0,989.9
1595,"2026-04-24 06:32:41",40.7971,3.8,35.2,48.0,989.9
1596,"2026-04-24 06:37:41",40.7953,4.1,35.1,51.0,989.9
1597,"2026-04-24 06:42:41",40.7976,4.8,35.2,50.0,989.9
1598,"2026-04-24 06:47:41",40.7988,4.8,35.2,51.0,989.9
1599,"2026-04-24 06:52:41",40.8001,4.9,35.1,50.0,989.9
1600,"2026-04-24 06:57:41",40.8017,5.2,35.1,52.0,989.9
1601,"2026-04-24 07:02:41",40.8009,5.8,35.1,51.0,989.9
1602,"2026-04-24 07:07:41",40.8053,6.5,35.1,49.0,989.8
1603,"2026-04-24 07:12:41",40.8117,7.2,35.1,50.0,989.9
1604,"2026-04-24 07:17:41",40.8163,8.0,35.1,51.0,989.9
1605,"2026-04-24 07:22:41",40.8217,8.7,35.2,51.0,990.0
1606,"2026-04-24 07:27:41",40.8265,9.5,35.2,51.0,989.9
1607,"2026-04-24 07:32:41",40.8167,9.9,35.2,50.0,989.9
1608,"2026-04-24 07:37:41",40.8222,10.3,35.2,48.0,989.9
1609,"2026-04-24 07:42:40",40.8054,10.4,35.2,50.0,989.8
1610,"2026-04-24 07:47:41",40.7797,10.9,35.1,49.0,989.9
1611,"2026-04-24 07:52:41",40.7616,10.8,35.3,52.0,989.9
1612,"2026-04-24 07:57:41",40.7437,11.0,35.3,51.0,989.9
1613,"2026-04-24 08:02:41",40.7351,10.9,35.3,50.0,989.9
1614,"2026-04-24 08:07:41",40.7386,11.0,35.3,51.0,989.9
1615,"2026-04-24 08:12:41",40.7227,11.1,35.3,48.0,989.9
1616,"2026-04-24 08:17:41",40.7036,11.3,35.3,51.0,989.9
1617,"2026-04-24 08:22:40",40.6922,11.8,35.3,50.0,989.9
1618,"2026-04-24 08:27:41",40.6676,11.8,35.4,49.0,989.9
1619,"2026-04-24 08:32:41",40.6424,11.7,35.5,49.0,989.8
1620,"2026-04-24 08:37:41",40.6194,11.9,35.5,52.0,989.8
1621,"2026-04-24 08:42:41",40.589,12.3,35.5,51.0,989.8
1622,"2026-04-24 08:47:41",40.5647,12.2,35.5,53.0,989.8
1623,"2026-04-24 08:52:41",40.5542,12.4,35.5,52.0,989.8
1624,"2026-04-24 08:57:41",40.5435,12.4,35.5,49.0,989.8
1625,"2026-04-24 09:02:41",40.5277,12.5,35.5,53.0,989.7
1626,"2026-04-24 09:07:40",40.5344,12.8,35.6,56.0,989.8
1627,"2026-04-24 09:12:41",40.5126,13.4,35.5,50.0,989.7
1628,"2026-04-24 09:17:41",40.4805,13.6,35.6,51.0,989.7
1629,"2026-04-24 09:22:41",40.4581,13.5,35.7,54.0,989.8
1630,"2026-04-24 09:27:40",40.4537,13.9,35.7,51.0,989.8
1631,"2026-04-24 09:32:41",40.4589,13.5,35.7,51.0,989.8
1632,"2026-04-24 09:37:41",40.4623,13.9,35.7,54.0,989.7
1633,"2026-04-24 09:42:41",40.4707,14.1,35.7,50.0,989.7
1634,"2026-04-24 09:47:41",40.4602,14.2,35.7,54.0,989.6
1635,"2026-04-24 09:52:41",40.4753,14.5,35.7,53.0,989.6
1636,"2026-04-24 09:57:40",40.4813,14.9,35.6,53.0,989.6
1637,"2026-04-24 10:02:40",40.4884,14.9,35.6,53.0,989.5
1638,"2026-04-24 10:07:40",40.4912,15.1,35.7,52.0,989.5
1639,"2026-04-24 10:12:41",40.4993,15.1,35.7,50.0,989.4
1640,"2026-04-24 10:17:41",40.5078,15.4,35.8,50.0,989.4
1641,"2026-04-24 10:22:41",40.5195,15.1,35.8,51.0,989.4
1642,"2026-04-24 10:27:41",40.5222,15.3,35.8,55.0,989.4
1643,"2026-04-24 10:32:41",40.5355,15.8,35.8,59.0,989.4
1644,"2026-04-24 10:37:40",40.5295,15.6,35.9,58.0,989.4
1645,"2026-04-24 10:42:41",40.5331,15.6,35.8,52.0,989.4
1646,"2026-04-24 10:47:40",40.5496,15.4,35.8,47.0,989.4
1647,"2026-04-24 10:52:41",40.5554,16.0,35.7,57.0,989.3
1648,"2026-04-24 10:57:41",40.5797,16.4,35.8,51.0,989.3
1649,"2026-04-24 11:02:41",40.5753,15.9,35.8,56.0,989.3
1650,"2026-04-24 11:07:40",40.591,16.2,35.8,54.0,989.2
1651,"2026-04-24 11:12:41",40.5989,16.6,35.8,52.0,989.2
1652,"2026-04-24 11:17:41",40.6083,16.6,35.8,52.0,989.2
1653,"2026-04-24 11:22:40",40.5931,16.8,35.8,55.0,989.1
1654,"2026-04-24 11:27:40",40.6212,17.1,35.8,53.0,989.1
1655,"2026-04-24 11:32:41",40.6289,16.8,35.8,57.0,989.2
1656,"2026-04-24 11:37:41",40.6227,16.7,35.8,54.0,989.2
1657,"2026-04-24 11:42:41",40.6436,17.1,35.9,56.0,989.1
1658,"2026-04-24 11:47:41",40.645,17.4,35.8,54.0,989.1
1659,"2026-04-24 11:52:41",40.6556,17.2,35.8,53.0,989.0
1660,"2026-04-24 11:57:41",40.6524,17.2,35.9,58.0,989.0
1661,"2026-04-24 12:02:41",40.6831,17.3,35.9,54.0,988.9
1662,"2026-04-24 12:07:41",40.6969,17.4,35.9,58.0,988.9
1663,"2026-04-24 12:12:41",40.7047,17.4,35.8,54.0,988.8
1664,"2026-04-24 12:17:41",40.7302,18.4,35.8,51.0,988.7
1665,"2026-04-24 12:22:41",40.7462,18.6,35.7,53.0,988.6
1666,"2026-04-24 12:27:41",40.7623,18.4,35.8,58.0,988.6
1667,"2026-04-24 12:32:41",40.7777,18.4,35.7,53.0,988.6
1668,"2026-04-24 12:37:40",40.7887,18.1,35.7,55.0,988.6
1669,"2026-04-24 12:42:41",40.8067,17.9,35.7,54.0,988.5
1670,"2026-04-24 12:47:40",40.8513,17.4,35.7,54.0,988.5
1671,"2026-04-24 12:52:40",40.8745,18.1,35.7,52.0,988.5
1672,"2026-04-24 12:57:41",40.8543,18.2,35.7,56.0,988.5
1673,"2026-04-24 13:02:41",40.8776,18.2,35.6,55.0,988.4
1674,"2026-04-24 13:07:40",40.8694,18.3,35.6,56.0,988.2
1675,"2026-04-24 13:12:41",40.8701,18.2,35.6,55.0,988.3
1676,"2026-04-24 13:17:41",40.8755,18.6,35.6,53.0,988.2
1677,"2026-04-24 13:22:40",40.8705,18.3,35.6,58.0,988.2
1678,"2026-04-24 13:27:41",40.8746,18.4,35.7,59.0,988.2
1679,"2026-04-24 13:32:40",40.8823,19.1,35.7,57.0,988.1
1680,"2026-04-24 13:37:40",40.8768,18.7,35.6,54.0,988.1
1681,"2026-04-24 13:42:41",40.8901,18.9,35.5,58.0,987.9
1682,"2026-04-24 13:47:40",40.8745,18.9,35.5,47.0,987.9
1683,"2026-04-24 13:52:40",40.896,18.2,35.5,51.0,987.9
1684,"2026-04-24 13:57:40",40.8977,18.8,35.6,55.0,987.8
1685,"2026-04-24 14:02:41",40.8963,19.2,35.6,57.0,987.7
1686,"2026-04-24 14:07:41",40.8863,19.3,35.5,55.0,987.7
1687,"2026-04-24 14:12:40",40.8845,19.2,35.6,57.0,987.8
1688,"2026-04-24 14:17:41",40.8806,18.9,35.6,55.0,987.8
1689,"2026-04-24 14:22:41",40.9036,18.6,35.6,53.0,987.7
1690,"2026-04-24 14:27:40",40.9273,17.6,35.6,54.0,987.7
1691,"2026-04-24 14:32:41",40.9496,18.8,35.7,50.0,987.7
1692,"2026-04-24 14:37:41",40.958,19.1,35.5,43.0,987.6
1693,"2026-04-24 14:42:41",40.9671,18.8,35.5,48.0,987.5
1694,"2026-04-24 14:47:41",40.9678,19.9,35.6,54.0,987.4
1695,"2026-04-24 14:52:40",40.9589,19.8,35.6,51.0,987.4
1696,"2026-04-24 14:57:41",40.9693,19.9,35.6,53.0,987.4
1697,"2026-04-24 15:02:41",40.9745,19.8,35.6,53.0,987.4
1698,"2026-04-24 15:07:40",40.9655,19.4,35.6,51.0,987.3
1699,"2026-04-24 15:12:40",40.9724,19.6,35.6,44.0,987.2
1700,"2026-04-24 15:17:40",40.9884,20.5,35.6,53.0,987.1
1701,"2026-04-24 15:22:41",40.991,20.1,35.6,50.0,987.1
1702,"2026-04-24 15:27:41",40.983,20.2,35.6,54.0,987.1
1703,"2026-04-24 15:32:41",40.9977,20.4,35.6,52.0,987.0
1704,"2026-04-24 15:37:41",41.0093,21.0,35.6,57.0,986.9
1705,"2026-04-24 15:42:41",41.0023,20.9,35.6,51.0,987.0
1706,"2026-04-24 15:47:41",41.0315,20.4,35.7,56.0,986.9
1707,"2026-04-24 15:52:41",41.0274,20.4,35.7,52.0,986.8
1708,"2026-04-24 15:57:41",41.0292,21.1,35.7,54.0,986.8
1709,"2026-04-24 16:02:40",41.0326,20.4,35.7,51.0,986.7
1710,"2026-04-24 16:07:41",41.0451,20.7,35.7,52.0,986.7
1711,"2026-04-24 16:12:41",41.0439,20.8,35.7,50.0,986.7
1712,"2026-04-24 16:17:41",41.0473,20.3,35.7,51.0,986.7
1713,"2026-04-24 16:22:41",41.0528,20.9,35.7,53.0,986.7
1714,"2026-04-24 16:27:41",41.058,20.8,35.7,50.0,986.7
1715,"2026-04-24 16:32:41",41.0529,20.8,35.5,50.0,986.6
1716,"2026-04-24 16:37:41",41.0616,20.5,35.6,50.0,986.6
1717,"2026-04-24 16:42:41",41.0784,21.1,35.6,52.0,986.6
1718,"2026-04-24 16:47:41",41.0621,20.8,35.5,49.0,986.7
1719,"2026-04-24 16:52:41",41.0743,21.2,35.6,50.0,986.6
1720,"2026-04-24 16:57:41",41.0669,20.5,35.5,51.0,986.7
1721,"2026-04-24 17:02:41",41.0794,21.2,35.5,51.0,986.6
1722,"2026-04-24 17:07:41",41.0826,20.5,35.5,50.0,986.6
1723,"2026-04-24 17:12:41",41.0955,20.7,35.5,52.0,986.6
1724,"2026-04-24 17:17:41",41.1094,21.1,35.5,49.0,986.6
1725,"2026-04-24 17:22:41",41.1191,20.5,35.5,45.0,986.6
1726,"2026-04-24 17:27:41",41.1267,20.9,35.5,51.0,986.5
1727,"2026-04-24 17:32:40",41.1203,20.7,35.5,54.0,986.5
1728,"2026-04-24 17:37:41",41.1071,20.4,35.6,52.0,986.5
1729,"2026-04-24 17:42:41",41.1412,20.4,35.6,53.0,986.4
1730,"2026-04-24 17:47:41",41.1479,20.9,35.7,55.0,986.4
1731,"2026-04-24 17:52:41",41.1495,20.0,35.7,42.0,986.4
1732,"2026-04-24 17:57:41",41.159,20.4,35.6,52.0,986.4
1733,"2026-04-24 18:02:40",41.1672,20.0,35.5,52.0,986.4
1734,"2026-04-24 18:07:40",41.1551,19.6,35.5,51.0,986.3
1735,"2026-04-24 18:12:41",41.1806,20.1,35.5,52.0,986.3
1736,"2026-04-24 18:17:41",41.19,20.1,35.5,53.0,986.3
1737,"2026-04-24 18:22:41",41.2083,20.1,35.5,53.0,986.3
1738,"2026-04-24 18:27:41",41.2235,19.5,35.5,55.0,986.3
1739,"2026-04-24 18:32:41",41.2264,19.1,35.5,50.0,986.3
1740,"2026-04-24 18:37:41",41.2442,18.1,35.6,54.0,986.4
1741,"2026-04-24 18:42:41",41.2457,17.4,35.5,52.0,986.3
1742,"2026-04-24 18:47:41",41.2378,17.0,35.5,42.0,986.4
1743,"2026-04-24 18:52:41",41.2463,16.8,35.5,48.0,986.4
1744,"2026-04-24 18:57:41",41.2489,16.6,35.5,51.0,986.4
1745,"2026-04-24 19:02:40",41.2522,16.2,35.6,51.0,986.4
1746,"2026-04-24 19:07:41",41.2604,16.1,35.5,45.0,986.4
1747,"2026-04-24 19:12:41",41.2567,15.9,35.5,47.0,986.4
1748,"2026-04-24 19:17:41",41.2525,15.8,35.5,48.0,986.4
1749,"2026-04-24 19:22:41",41.2531,15.6,35.4,50.0,986.5
1750,"2026-04-24 19:27:41",41.2468,15.4,35.4,50.0,986.5
1751,"2026-04-24 19:32:40",41.2433,15.1,35.4,51.0,986.5
1752,"2026-04-24 19:37:41",41.2375,14.9,35.4,51.0,986.6
1753,"2026-04-24 19:42:40",41.2335,14.8,35.4,47.0,986.7
1754,"2026-04-24 19:47:41",41.2292,14.6,35.4,50.0,986.7
1755,"2026-04-24 19:52:41",41.2213,14.3,35.3,52.0,986.7
1756,"2026-04-24 19:57:41",41.2178,14.0,35.3,52.0,986.8
1757,"2026-04-24 20:02:40",41.2113,13.1,35.3,50.0,986.8
1758,"2026-04-24 20:07:40",41.2057,12.4,35.2,50.0,986.8
1759,"2026-04-24 20:12:41",41.1975,11.9,35.3,51.0,986.9
1760,"2026-04-24 20:17:41",41.1931,11.8,35.3,51.0,987.0
1761,"2026-04-24 20:22:41",41.1848,11.5,35.3,51.0,987.1
1762,"2026-04-24 20:27:40",41.1801,11.1,35.3,55.0,987.1
1763,"2026-04-24 20:32:41",41.1721,10.6,35.3,46.0,987.0
1764,"2026-04-24 20:37:41",41.1662,10.3,35.3,54.0,987.1
1765,"2026-04-24 20:42:41",41.1621,10.0,35.3,49.0,987.1
1766,"2026-04-24 20:47:41",41.1542,9.7,35.4,52.0,987.2
1767,"2026-04-24 20:52:41",41.1523,9.5,35.4,49.0,987.2
1768,"2026-04-24 20:57:40",41.1479,8.9,35.3,51.0,987.2
1769,"2026-04-24 21:02:40",41.1446,8.8,35.3,48.0,987.1
1770,"2026-04-24 21:07:41",41.1437,8.8,35.3,51.0,987.1
1771,"2026-04-24 21:12:40",41.1406,9.3,35.3,52.0,987.2
1772,"2026-04-24 21:17:40",41.1406,9.4,35.2,48.0,987.2
1773,"2026-04-24 21:22:40",41.1411,9.4,35.3,52.0,987.2
1774,"2026-04-24 21:27:40",41.1408,8.8,35.2,53.0,987.2
1775,"2026-04-24 21:32:40",41.1389,8.2,35.3,56.0,987.2
1776,"2026-04-24 21:37:40",41.1369,7.9,35.2,52.0,987.2
1777,"2026-04-24 21:42:40",41.1343,7.8,35.2,50.0,987.2
1778,"2026-04-24 21:47:40",41.1312,7.6,35.3,56.0,987.2
1779,"2026-04-24 21:52:40",41.1297,7.4,35.3,53.0,987.3
1780,"2026-04-24 21:57:41",41.128,7.1,35.2,53.0,987.3
1781,"2026-04-24 22:02:40",41.124,6.9,35.3,51.0,987.3
1782,"2026-04-24 22:07:41",41.1209,6.7,35.3,52.0,987.4
1783,"2026-04-24 22:12:41",41.1185,7.0,35.3,53.0,987.4
1784,"2026-04-24 22:17:40",41.1174,6.9,35.2,51.0,987.5
1785,"2026-04-24 22:22:41",41.1151,6.4,35.2,51.0,987.6
1786,"2026-04-24 22:27:41",41.1124,6.4,35.3,51.0,987.5
1787,"2026-04-24 22:32:40",41.1104,6.5,35.2,55.0,987.5
1788,"2026-04-24 22:37:40",41.1081,6.2,35.3,54.0,987.5
1789,"2026-04-24 22:42:40",41.107,6.2,35.3,52.0,987.6
1790,"2026-04-24 22:47:40",41.1045,5.9,35.3,55.0,987.7
1791,"2026-04-24 22:52:41",41.1029,5.7,35.3,52.0,987.8
1792,"2026-04-24 22:57:40",41.1009,5.6,35.2,49.0,987.8
1793,"2026-04-24 23:02:40",41.0986,5.8,35.2,54.0,987.8
1794,"2026-04-24 23:07:40",41.0978,5.6,35.2,53.0,987.9
1795,"2026-04-24 23:12:40",41.0964,5.3,35.3,55.0,987.9
1796,"2026-04-24 23:17:40",41.0927,5.3,35.3,53.0,987.9
1797,"2026-04-24 23:22:40",41.0953,5.6,35.2,54.0,987.9
1798,"2026-04-24 23:27:40",41.0931,5.2,35.3,52.0,988.0
1799,"2026-04-24 23:32:40",41.0913,4.9,35.3,53.0,988.0
1800,"2026-04-24 23:37:40",41.0898,4.8,35.2,50.0,987.9
1801,"2026-04-24 23:42:40",41.09,4.9,35.1,52.0,988.0
1802,"2026-04-24 23:47:40",41.088,4.8,35.3,54.0,988.0
1803,"2026-04-24 23:52:40",41.0889,4.8,35.3,50.0,987.9
1804,"2026-04-24 23:57:40",41.0879,4.5,35.3,55.0,987.9
1805,"2026-04-25 00:02:40",41.0867,4.8,35.3,52.0,987.9
1806,"2026-04-25 00:07:41",41.0865,4.8,35.3,51.0,987.9
1807,"2026-04-25 00:12:40",41.0858,4.3,35.3,53.0,988.0
1808,"2026-04-25 00:17:40",41.0845,4.2,35.3,52.0,987.9
1809,"2026-04-25 00:22:40",41.0827,4.4,35.3,51.0,987.9
1810,"2026-04-25 00:27:40",41.0826,4.3,35.3,55.0,987.9
1811,"2026-04-25 00:32:40",41.0816,4.1,35.2,51.0,988.1
1812,"2026-04-25 00:37:40",41.0772,3.9,35.2,52.0,988.0
1813,"2026-04-25 00:42:40",41.079,3.9,35.2,53.0,988.0
1814,"2026-04-25 00:47:41",41.0775,3.9,35.1,51.0,988.0
1815,"2026-04-25 00:52:40",41.0774,3.8,35.1,51.0,988.0
1816,"2026-04-25 00:57:40",41.0759,3.5,35.1,48.0,988.0
1817,"2026-04-25 01:02:40",41.0748,3.4,35.2,54.0,987.9
1818,"2026-04-25 01:07:40",41.0732,3.4,35.1,56.0,988.0
1819,"2026-04-25 01:12:40",41.0721,3.5,35.2,54.0,987.9
1820,"2026-04-25 01:17:40",41.0728,3.7,35.2,53.0,987.9
1821,"2026-04-25 01:22:40",41.0709,3.2,35.2,52.0,988.0
1822,"2026-04-25 01:27:40",41.0695,2.9,35.2,54.0,988.0
1823,"2026-04-25 01:32:40",41.0696,2.9,35.1,51.0,988.0
1824,"2026-04-25 01:37:40",41.0686,2.9,35.2,54.0,987.9
1825,"2026-04-25 01:42:40",41.0688,3.6,35.2,56.0,987.9
1826,"2026-04-25 01:47:40",41.07,3.6,35.1,55.0,987.9
1827,"2026-04-25 01:52:40",41.0711,3.5,35.3,54.0,987.9
1828,"2026-04-25 01:57:40",41.07,3.8,35.2,49.0,987.8
1829,"2026-04-25 02:02:40",41.0755,4.6,35.2,53.0,987.8
1830,"2026-04-25 02:07:40",41.076,4.6,35.3,51.0,987.8
1831,"2026-04-25 02:12:40",41.0816,5.0,35.2,53.0,987.8
1832,"2026-04-25 02:17:40",41.084,4.8,35.2,55.0,987.8
1833,"2026-04-25 02:22:40",41.085,4.5,35.2,50.0,987.8
1834,"2026-04-25 02:27:40",41.0849,4.1,35.1,53.0,987.8
1835,"2026-04-25 02:32:40",41.0862,3.9,35.2,50.0,987.8
1836,"2026-04-25 02:37:40",41.0838,4.5,35.2,48.0,987.8
1837,"2026-04-25 02:42:40",41.09,5.2,35.3,52.0,987.8
1838,"2026-04-25 02:47:40",41.0938,5.9,35.2,47.0,987.9
1839,"2026-04-25 02:52:40",41.0962,5.8,35.2,52.0,987.9
1840,"2026-04-25 02:57:40",41.0961,5.2,35.2,52.0,987.9
1841,"2026-04-25 03:02:40",41.1003,5.7,35.2,52.0,987.8
1842,"2026-04-25 03:07:40",41.1016,5.7,35.3,52.0,987.8
1843,"2026-04-25 03:12:40",41.1037,5.8,35.2,50.0,987.9
1844,"2026-04-25 03:17:40",41.1057,5.7,35.2,50.0,987.9
1845,"2026-04-25 03:22:40",41.1081,5.6,35.2,56.0,987.9
1846,"2026-04-25 03:27:40",41.1092,5.6,35.2,52.0,987.9
1847,"2026-04-25 03:32:40",41.1106,5.6,35.2,52.0,987.9
1848,"2026-04-25 03:37:40",41.1114,5.3,35.3,53.0,987.9
1849,"2026-04-25 03:42:40",41.1089,5.1,35.1,54.0,987.8
1850,"2026-04-25 03:47:40",41.1086,5.4,35.1,51.0,987.8
1851,"2026-04-25 03:52:40",41.1066,5.6,35.2,52.0,987.8
1852,"2026-04-25 03:57:40",41.1118,5.5,35.2,50.0,987.8
1853,"2026-04-25 04:02:40",41.1104,5.4,35.2,51.0,987.9
1854,"2026-04-25 04:07:40",41.1103,5.3,35.2,51.0,987.9
1855,"2026-04-25 04:12:40",41.1096,4.9,35.1,54.0,987.9
1856,"2026-04-25 04:17:42",41.1069,4.4,35.2,51.0,987.9
1857,"2026-04-25 04:22:40",41.1053,3.9,35.2,51.0,987.8
1858,"2026-04-25 04:27:40",41.101,4.3,35.2,49.0,987.8
1859,"2026-04-25 04:32:40",41.0978,3.8,35.3,53.0,987.9
1860,"2026-04-25 04:37:40",41.0932,3.6,35.2,52.0,987.9
1861,"2026-04-25 04:42:40",41.0898,3.2,35.2,53.0,987.9
1862,"2026-04-25 04:47:40",41.0879,2.9,35.2,53.0,987.9
1863,"2026-04-25 04:52:40",41.0855,2.5,35.0,53.0,988.0
1864,"2026-04-25 04:57:40",41.0824,2.3,35.1,52.0,988.0
1865,"2026-04-25 05:02:40",41.0794,2.1,35.2,53.0,987.9
1866,"2026-04-25 05:07:40",41.0764,1.9,35.3,54.0,988.0
1867,"2026-04-25 05:12:40",41.0731,1.8,35.3,52.0,988.0
1868,"2026-04-25 05:17:40",41.0691,1.8,35.2,50.0,988.0
1869,"2026-04-25 05:22:40",41.066,1.8,35.3,52.0,988.0
1870,"2026-04-25 05:27:40",41.0654,1.6,35.2,52.0,988.0
1871,"2026-04-25 05:32:40",41.0632,1.4,35.2,50.0,987.9
1872,"2026-04-25 05:37:40",41.0622,1.4,35.2,52.0,987.9
1873,"2026-04-25 05:42:40",41.0601,1.2,35.2,49.0,987.8
1874,"2026-04-25 05:47:40",41.059,1.4,35.2,51.0,987.8
1875,"2026-04-25 05:52:40",41.0579,1.3,35.2,54.0,987.8
1876,"2026-04-25 05:57:40",41.057,1.1,35.2,49.0,987.7
1877,"2026-04-25 06:02:40",41.0544,0.9,35.2,53.0,987.8
1878,"2026-04-25 06:07:40",41.0532,1.0,35.2,51.0,987.9
1879,"2026-04-25 06:12:40",41.0533,1.2,35.2,55.0,987.9
1880,"2026-04-25 06:17:40",41.053,1.3,35.2,50.0,987.9
1881,"2026-04-25 06:22:40",41.0532,1.7,35.1,50.0,987.9
1882,"2026-04-25 06:27:40",41.0537,1.9,35.2,54.0,987.9
1883,"2026-04-25 06:32:40",41.0564,2.4,35.1,53.0,988.0
1884,"2026-04-25 06:37:40",41.0575,2.9,35.2,51.0,988.0
1885,"2026-04-25 06:42:40",41.062,3.4,35.2,53.0,988.0
1886,"2026-04-25 06:47:40",41.0655,3.9,35.3,55.0,988.0
1887,"2026-04-25 06:52:40",41.0699,4.2,35.2,54.0,988.1
1888,"2026-04-25 06:57:40",41.073,4.6,35.2,54.0,988.1
1889,"2026-04-25 07:02:40",41.0748,5.1,35.2,49.0,988.2
1890,"2026-04-25 07:07:40",41.0801,5.3,35.1,51.0,988.2
1891,"2026-04-25 07:12:40",41.0852,5.7,35.2,54.0,988.2
1892,"2026-04-25 07:17:40",41.089,6.2,35.2,52.0,988.2
1893,"2026-04-25 07:22:40",41.0946,6.4,35.1,51.0,988.2
1894,"2026-04-25 07:27:40",41.0986,6.6,35.1,53.0,988.2
1895,"2026-04-25 07:32:40",41.0968,7.1,35.1,52.0,988.2
1896,"2026-04-25 07:37:40",41.0997,7.4,35.1,47.0,988.3
1897,"2026-04-25 07:42:40",41.1032,7.7,35.2,52.0,988.3
1898,"2026-04-25 07:47:40",41.104,8.0,35.2,51.0,988.4
1899,"2026-04-25 07:52:40",41.1053,8.5,35.2,50.0,988.3
1900,"2026-04-25 07:57:40",41.1075,8.7,35.2,52.0,988.3
1901,"2026-04-25 08:02:40",41.1054,8.8,35.2,52.0,988.3
1902,"2026-04-25 08:07:40",41.103,9.2,35.2,50.0,988.3
1903,"2026-04-25 08:12:40",41.1024,9.4,35.2,52.0,988.3
1904,"2026-04-25 08:17:40",41.0976,9.4,35.2,52.0,988.4
1905,"2026-04-25 08:22:40",41.09,9.3,35.3,53.0,988.4
1906,"2026-04-25 08:27:40",41.0842,9.8,35.3,49.0,988.3
1907,"2026-04-25 08:32:40",41.0641,9.9,35.4,53.0,988.4
1908,"2026-04-25 08:37:40",41.0528,10.2,35.3,51.0,988.4
1909,"2026-04-25 08:42:40",41.0455,10.2,35.3,51.0,988.4
1910,"2026-04-25 08:47:40",41.0399,10.5,35.3,50.0,988.3
1911,"2026-04-25 08:52:40",41.0089,10.8,35.3,47.0,988.3
1912,"2026-04-25 08:57:40",40.9904,10.6,35.4,52.0,988.2
1913,"2026-04-25 09:02:40",40.9716,11.1,35.4,50.0,988.3
1914,"2026-04-25 09:07:40",40.9314,11.3,35.4,52.0,988.3
1915,"2026-04-25 09:12:40",40.9028,11.6,35.4,50.0,988.2
1916,"2026-04-25 09:17:40",40.8603,11.9,35.5,51.0,988.2
1917,"2026-04-25 09:22:40",40.8178,12.3,35.5,49.0,988.2
1918,"2026-04-25 09:27:40",40.7807,12.1,35.6,53.0,988.1
1919,"2026-04-25 09:32:40",40.7432,12.6,35.6,52.0,988.1
1920,"2026-04-25 09:37:40",40.7258,12.6,35.6,54.0,988.0
1921,"2026-04-25 09:42:40",40.6963,12.9,35.6,53.0,988.0
1922,"2026-04-25 09:47:40",40.6704,12.8,35.6,52.0,988.0
1923,"2026-04-25 09:52:40",40.6767,13.4,35.6,53.0,987.9
1924,"2026-04-25 09:57:40",40.6824,13.3,35.6,53.0,987.9
1925,"2026-04-25 10:02:40",40.6865,13.6,35.6,51.0,988.0
1926,"2026-04-25 10:07:40",40.6946,13.6,35.7,57.0,987.9
1927,"2026-04-25 10:12:40",40.7036,13.8,35.7,54.0,987.9
1928,"2026-04-25 10:17:40",40.711,14.3,35.7,51.0,987.8
1929,"2026-04-25 10:22:40",40.7216,13.8,35.7,49.0,987.8
1930,"2026-04-25 10:27:40",40.7274,14.2,35.6,52.0,987.8
1931,"2026-04-25 10:32:40",40.7385,14.6,35.6,52.0,987.7
1932,"2026-04-25 10:37:40",40.7359,14.6,35.6,53.0,987.7
1933,"2026-04-25 10:42:40",40.7518,14.2,35.6,50.0,987.6
1934,"2026-04-25 10:47:40",40.7558,14.5,35.7,54.0,987.6
1935,"2026-04-25 10:52:40",40.759,14.5,35.7,56.0,987.6
1936,"2026-04-25 10:57:40",41.1098,14.9,35.6,49.0,987.5
1937,"2026-04-25 11:02:40",40.4991,15.2,35.6,52.0,987.5
1938,"2026-04-25 11:07:40",40.7118,15.5,35.6,53.0,987.3
1939,"2026-04-25 11:12:40",40.7096,15.6,35.6,54.0,987.4
1940,"2026-04-25 11:17:40",40.7217,15.7,35.6,57.0,987.3
1941,"2026-04-25 11:22:40",40.7185,15.4,35.5,45.0,987.3
1942,"2026-04-25 11:27:40",40.699,15.7,35.5,50.0,987.4
1943,"2026-04-25 11:32:40",40.724,15.9,35.5,54.0,987.3
1944,"2026-04-25 11:37:40",40.7251,15.9,35.4,47.0,987.3
1945,"2026-04-25 11:42:40",40.6837,15.9,35.4,23.0,987.3
1946,"2026-04-25 11:47:40",40.7263,16.1,35.4,47.0,987.4
1947,"2026-04-25 11:52:40",40.7415,16.1,35.4,50.0,987.3
1948,"2026-04-25 11:57:40",40.7524,16.3,35.3,54.0,987.3
1949,"2026-04-25 12:02:40",40.7528,16.7,35.3,36.0,987.2
1950,"2026-04-25 12:07:40",40.7556,16.4,35.3,40.0,987.2
1951,"2026-04-25 12:12:40",40.7732,16.4,35.4,46.0,987.0
1952,"2026-04-25 12:17:40",40.7981,16.8,35.4,55.0,987.0
1953,"2026-04-25 12:22:40",40.8068,16.5,35.4,55.0,986.9
1954,"2026-04-25 12:27:40",40.8168,16.1,35.3,37.0,986.8
1955,"2026-04-25 12:32:40",40.8333,16.4,35.3,33.0,986.8
1956,"2026-04-25 12:37:40",40.8354,17.6,35.3,53.0,986.8
1957,"2026-04-25 12:42:40",40.8456,17.6,35.3,54.0,986.7
1958,"2026-04-25 12:47:40",40.8513,18.2,35.3,55.0,986.6
1959,"2026-04-25 12:52:40",40.8779,18.9,35.4,54.0,986.6
1960,"2026-04-25 12:57:40",40.8909,18.9,35.5,59.0,986.5
1961,"2026-04-25 13:02:40",40.8996,19.1,35.5,56.0,986.4
1962,"2026-04-25 13:07:40",40.9266,19.2,35.5,56.0,986.4
1963,"2026-04-25 13:12:40",40.9478,19.2,35.6,55.0,986.3
1964,"2026-04-25 13:17:40",40.9752,19.3,35.5,57.0,986.3
1965,"2026-04-25 13:22:40",40.9818,19.2,35.5,51.0,986.2
1966,"2026-04-25 13:27:40",41.0027,19.4,35.6,55.0,986.3
1967,"2026-04-25 13:32:40",40.9981,19.1,35.5,56.0,986.2
1968,"2026-04-25 13:37:40",41.0167,19.5,35.5,59.0,986.1
1969,"2026-04-25 13:42:40",41.0297,19.9,35.5,57.0,986.0
1970,"2026-04-25 13:47:40",41.0236,20.4,35.6,60.0,986.0
1971,"2026-04-25 13:52:40",41.0294,20.0,35.5,57.0,985.9
1972,"2026-04-25 13:57:40",41.0251,20.1,35.6,59.0,985.9
1973,"2026-04-25 14:02:40",41.0223,20.1,35.5,60.0,985.8
1974,"2026-04-25 14:07:40",41.0438,19.8,35.4,51.0,985.8
1975,"2026-04-25 14:12:40",41.0371,20.2,35.4,57.0,985.7
1976,"2026-04-25 14:17:40",41.0431,20.6,35.4,56.0,985.6
1977,"2026-04-25 14:22:40",41.0576,21.2,35.5,55.0,985.5
1978,"2026-04-25 14:27:40",41.0763,21.2,35.5,59.0,985.5
1979,"2026-04-25 14:32:40",41.0887,21.2,35.6,58.0,985.4
1980,"2026-04-25 14:37:40",41.1026,21.4,35.6,55.0,985.4
1981,"2026-04-25 14:42:40",41.1137,21.7,35.6,44.0,985.2
1982,"2026-04-25 14:47:40",41.1245,21.8,35.7,57.0,985.1
1983,"2026-04-25 14:52:40",41.1298,21.8,35.7,53.0,985.2
1984,"2026-04-25 14:57:40",41.1415,21.4,35.7,57.0,985.0
1985,"2026-04-25 15:02:40",41.145,21.6,35.7,52.0,985.0
1986,"2026-04-25 15:07:40",41.1542,22.1,35.7,53.0,984.9
1987,"2026-04-25 15:12:40",41.1535,22.2,35.6,56.0,984.8
1988,"2026-04-25 15:17:40",41.1742,22.5,35.6,57.0,984.8
1989,"2026-04-25 15:22:40",41.1703,22.2,35.6,58.0,984.8
1990,"2026-04-25 15:27:40",41.1804,22.6,35.6,57.0,984.7
1991,"2026-04-25 15:32:40",41.1853,22.6,35.7,56.0,984.8
1992,"2026-04-25 15:37:40",41.1905,22.6,35.6,57.0,984.6
1993,"2026-04-25 15:42:40",41.1954,22.4,35.6,56.0,984.6
1994,"2026-04-25 15:47:40",41.1992,22.7,35.5,34.0,984.4
1995,"2026-04-25 15:52:40",41.1977,22.6,35.6,55.0,984.4
1996,"2026-04-25 15:57:40",41.1983,22.3,35.5,40.0,984.4
1997,"2026-04-25 16:02:40",41.1957,22.9,35.5,57.0,984.4
1998,"2026-04-25 16:07:40",41.2115,23.3,35.5,55.0,984.3
1999,"2026-04-25 16:12:40",41.2049,23.2,35.4,25.0,984.2
2000,"2026-04-25 16:17:40",41.2102,22.7,35.3,29.0,984.1
2001,"2026-04-25 16:22:40",41.2275,23.4,35.4,54.0,984.1
2002,"2026-04-25 16:27:40",41.2233,22.9,35.3,29.0,984.0
2003,"2026-04-25 16:32:40",41.2306,23.6,35.4,52.0,984.1
2004,"2026-04-25 16:37:40",41.2333,23.7,35.4,54.0,984.0
2005,"2026-04-25 16:42:40",41.2433,24.7,35.4,47.0,984.0
2006,"2026-04-25 16:47:40",41.243,24.8,35.5,44.0,984.1
2007,"2026-04-25 16:52:40",41.2549,24.4,35.5,52.0,984.1
2008,"2026-04-25 16:57:40",41.2583,24.6,35.5,52.0,984.1
2009,"2026-04-25 17:02:40",41.2587,25.1,35.6,50.0,984.0
2010,"2026-04-25 17:07:40",41.2649,24.3,35.6,55.0,984.0
2011,"2026-04-25 17:12:40",41.2593,24.2,35.5,26.0,983.9
2012,"2026-04-25 17:17:40",41.2721,23.2,35.7,54.0,984.0
2013,"2026-04-25 17:22:40",41.2813,22.9,35.6,49.0,984.0
2014,"2026-04-25 17:27:40",41.2956,22.9,35.5,35.0,983.9
2015,"2026-04-25 17:32:40",41.2991,22.8,35.6,52.0,984.0
2016,"2026-04-25 17:37:40",41.3167,22.8,35.6,52.0,984.0
2017,"2026-04-25 17:42:40",41.3191,23.0,35.5,50.0,984.0
2018,"2026-04-25 17:47:40",41.3347,22.2,35.5,44.0,983.9
2019,"2026-04-25 17:52:40",41.3418,21.9,35.4,46.0,984.0
2020,"2026-04-25 17:57:40",41.358,21.8,35.5,38.0,984.0
2021,"2026-04-25 18:02:40",41.3799,21.6,35.4,47.0,983.9
2022,"2026-04-25 18:07:40",41.4013,21.0,35.4,54.0,984.0
2023,"2026-04-25 18:12:40",41.4121,20.5,35.3,40.0,983.9
2024,"2026-04-25 18:17:40",41.4273,20.4,35.3,47.0,984.0
2025,"2026-04-25 18:22:40",41.4336,20.0,35.3,35.0,984.0
2026,"2026-04-25 18:27:40",41.4552,20.1,35.3,54.0,984.0
2027,"2026-04-25 18:32:40",41.4682,20.1,35.5,53.0,984.0
2028,"2026-04-25 18:37:40",41.4719,19.3,35.3,51.0,984.0
2029,"2026-04-25 18:42:40",41.4733,18.6,35.3,52.0,984.0
2030,"2026-04-25 18:47:40",41.4723,18.2,35.4,51.0,984.0
2031,"2026-04-25 18:52:40",41.4726,17.9,35.4,54.0,984.0
2032,"2026-04-25 18:57:40",41.4857,17.6,35.3,51.0,984.1
2033,"2026-04-25 19:02:40",41.4907,17.6,35.3,54.0,984.1
2034,"2026-04-25 19:07:40",41.4959,17.4,35.4,53.0,984.0
2035,"2026-04-25 19:12:40",41.5005,17.1,35.3,50.0,984.1
2036,"2026-04-25 19:17:40",41.5018,15.9,35.4,50.0,984.1
2037,"2026-04-25 19:22:40",41.4989,15.4,35.4,53.0,984.1
2038,"2026-04-25 19:27:40",41.4988,15.1,35.3,47.0,984.1
2039,"2026-04-25 19:32:40",41.5014,15.0,35.4,53.0,984.1
2040,"2026-04-25 19:37:40",41.4998,14.1,35.3,48.0,984.1
2041,"2026-04-25 19:42:40",41.4922,13.8,35.3,47.0,984.1
2042,"2026-04-25 19:47:40",41.4877,13.5,35.3,48.0,984.1
2043,"2026-04-25 19:52:40",41.4829,12.6,35.2,53.0,984.1
2044,"2026-04-25 19:57:40",41.4757,12.1,35.3,51.0,984.1
2045,"2026-04-25 20:02:40",41.4677,11.8,35.2,51.0,984.2
2046,"2026-04-25 20:07:40",41.4623,11.1,35.2,49.0,984.2
2047,"2026-04-25 20:12:40",41.4563,10.6,35.2,56.0,984.2
2048,"2026-04-25 20:17:40",41.4505,10.3,35.2,51.0,984.2
2049,"2026-04-25 20:22:40",41.4456,10.0,35.2,48.0,984.2
2050,"2026-04-25 20:27:40",41.4402,9.9,35.2,51.0,984.3
2051,"2026-04-25 20:32:40",41.4354,9.6,35.2,53.0,984.4
2052,"2026-04-25 20:37:40",41.4299,9.1,35.2,55.0,984.4
2053,"2026-04-25 20:42:40",41.4277,8.8,35.2,52.0,984.4
2054,"2026-04-25 20:47:40",41.4232,8.6,35.2,51.0,984.4
2055,"2026-04-25 20:52:40",41.4198,8.1,35.3,54.0,984.5
2056,"2026-04-25 20:57:40",41.4148,8.0,35.3,57.0,984.5
2057,"2026-04-25 21:02:40",41.4113,7.7,35.3,54.0,984.4
2058,"2026-04-25 21:07:40",41.4081,8.0,35.3,49.0,984.4
2059,"2026-04-25 21:12:40",41.4044,7.4,35.3,54.0,984.4
2060,"2026-04-25 21:17:40",41.4006,7.1,35.3,52.0,984.5
2061,"2026-04-25 21:22:40",41.3967,6.8,35.3,52.0,984.5
2062,"2026-04-25 21:27:40",41.3938,6.8,35.3,54.0,984.4
2063,"2026-04-25 21:32:40",41.3899,6.6,35.2,48.0,984.4
2064,"2026-04-25 21:37:40",41.3871,6.1,35.2,54.0,984.4
2065,"2026-04-25 21:42:40",41.3833,6.4,35.2,53.0,984.5
2066,"2026-04-25 21:47:40",41.3798,6.0,35.1,50.0,984.5
2067,"2026-04-25 21:52:40",41.3777,5.8,35.2,53.0,984.4
2068,"2026-04-25 21:57:40",41.3738,5.4,35.2,52.0,984.4
2069,"2026-04-25 22:02:40",41.372,5.5,35.2,48.0,984.5
2070,"2026-04-25 22:07:40",41.3688,5.2,35.2,51.0,984.4
2071,"2026-04-25 22:12:40",41.3668,5.4,35.2,55.0,984.5
2072,"2026-04-25 22:17:40",41.3637,5.2,35.1,53.0,984.5
2073,"2026-04-25 22:22:40",41.3626,5.0,35.1,50.0,984.6
2074,"2026-04-25 22:27:40",41.3605,4.9,35.1,50.0,984.5
2075,"2026-04-25 22:32:40",41.3572,4.6,35.1,52.0,984.5
2076,"2026-04-25 22:37:40",41.3555,4.6,35.1,53.0,984.5
2077,"2026-04-25 22:42:40",41.3548,4.5,35.0,48.0,984.5
2078,"2026-04-25 22:47:40",41.3527,4.7,35.1,57.0,984.5
2079,"2026-04-25 22:52:40",41.3512,4.6,35.1,53.0,984.5
2080,"2026-04-25 22:57:40",41.3503,4.8,35.0,48.0,984.6
2081,"2026-04-25 23:02:40",41.3505,4.9,35.1,52.0,984.7
2082,"2026-04-25 23:07:40",41.3479,4.4,35.2,51.0,984.6
2083,"2026-04-25 23:12:40",41.3482,4.3,35.1,54.0,984.7
2084,"2026-04-25 23:17:40",41.3468,4.6,35.0,52.0,984.7
2085,"2026-04-25 23:22:40",41.3453,4.1,35.1,55.0,984.7
2086,"2026-04-25 23:27:40",41.3445,3.9,35.2,53.0,984.7
2087,"2026-04-25 23:32:40",41.3427,4.0,35.2,51.0,984.7
2088,"2026-04-25 23:37:40",41.3427,4.1,35.0,52.0,984.7
2089,"2026-04-25 23:42:40",41.3414,3.8,35.0,52.0,984.8
2090,"2026-04-25 23:47:40",41.3394,3.6,35.0,50.0,984.7
2091,"2026-04-25 23:52:40",41.3375,3.8,35.0,48.0,984.7
2092,"2026-04-25 23:57:40",41.3365,3.8,35.0,48.0,984.8
2093,"2026-04-26 00:02:40",41.3373,4.0,35.0,54.0,984.8
2094,"2026-04-26 00:07:40",41.3367,3.8,35.0,52.0,984.7
2095,"2026-04-26 00:12:40",41.3347,3.6,35.1,50.0,984.7
2096,"2026-04-26 00:17:40",41.3345,3.5,35.1,52.0,984.7
2097,"2026-04-26 00:22:40",41.3342,3.2,35.1,52.0,984.6
2098,"2026-04-26 00:27:40",41.3331,3.2,35.1,52.0,984.6
2099,"2026-04-26 00:32:40",41.331,3.1,35.1,52.0,984.5
2100,"2026-04-26 00:37:40",41.3299,3.1,35.1,52.0,984.6
2101,"2026-04-26 00:42:40",41.3283,3.2,35.0,56.0,984.7
2102,"2026-04-26 00:47:40",41.3293,3.2,34.9,47.0,984.7
2103,"2026-04-26 00:52:40",41.3278,3.0,34.9,49.0,984.7
2104,"2026-04-26 00:57:40",41.3271,2.9,35.1,56.0,984.7
2105,"2026-04-26 01:02:40",41.3263,2.9,35.0,55.0,984.7
2106,"2026-04-26 01:07:40",41.3238,2.9,35.1,53.0,984.7
2107,"2026-04-26 01:12:40",41.3257,2.9,35.1,49.0,984.8
2108,"2026-04-26 01:17:40",41.3253,2.9,34.9,50.0,984.9
2109,"2026-04-26 01:22:40",41.3248,2.9,35.0,53.0,984.8
2110,"2026-04-26 01:27:40",41.3245,2.6,35.0,54.0,984.8
2111,"2026-04-26 01:32:40",41.3241,2.8,35.0,54.0,984.7
2112,"2026-04-26 01:37:40",41.3234,2.4,35.0,56.0,984.6
2113,"2026-04-26 01:42:40",41.3225,2.7,35.1,49.0,984.7
2114,"2026-04-26 01:47:40",41.3222,2.4,35.0,50.0,984.7
2115,"2026-04-26 01:52:40",41.3229,2.6,35.1,56.0,984.9
2116,"2026-04-26 01:57:40",41.3221,2.6,35.0,54.0,984.9
2117,"2026-04-26 02:02:40",41.3206,2.6,35.1,52.0,985.0
2118,"2026-04-26 02:07:40",41.3224,2.5,35.1,51.0,985.0
2119,"2026-04-26 02:12:40",41.323,2.4,35.1,54.0,985.1
2120,"2026-04-26 02:17:40",41.3208,2.3,35.1,53.0,985.2
2121,"2026-04-26 02:22:40",41.3223,2.3,35.0,54.0,985.2
2122,"2026-04-26 02:27:40",41.3223,2.1,35.1,57.0,985.2
2123,"2026-04-26 02:32:40",41.321,1.9,35.1,52.0,985.3
2124,"2026-04-26 02:37:40",41.32,1.8,35.1,52.0,985.2
2125,"2026-04-26 02:42:40",41.3203,1.9,35.1,50.0,985.2
2126,"2026-04-26 02:47:40",41.3204,1.9,35.0,51.0,985.2
2127,"2026-04-26 02:52:40",41.3211,2.2,35.0,54.0,985.3
2128,"2026-04-26 02:57:40",41.3211,2.4,35.0,51.0,985.4
2129,"2026-04-26 03:02:40",41.3215,2.3,35.1,57.0,985.4
2130,"2026-04-26 03:07:40",41.3238,2.5,35.1,49.0,985.4
2131,"2026-04-26 03:12:40",41.3235,2.7,35.1,49.0,985.5
2132,"2026-04-26 03:17:40",41.3272,2.9,35.1,49.0,985.4
2133,"2026-04-26 03:22:40",41.3304,3.3,35.0,52.0,985.4
2134,"2026-04-26 03:27:40",41.333,3.7,35.1,58.0,985.5
2135,"2026-04-26 03:32:40",41.3384,4.6,35.1,49.0,985.5
2136,"2026-04-26 03:37:40",41.3421,5.6,35.1,52.0,985.5
2137,"2026-04-26 03:42:40",41.355,7.7,35.0,53.0,985.5
2138,"2026-04-26 03:47:40",41.3694,8.4,35.0,53.0,985.5
2139,"2026-04-26 03:52:40",41.3725,8.8,35.0,58.0,985.6
2140,"2026-04-26 03:57:40",41.3877,8.7,35.0,44.0,985.6
2141,"2026-04-26 04:02:40",41.3885,8.8,35.1,53.0,985.8
2142,"2026-04-26 04:07:40",41.3974,8.4,35.2,54.0,985.8
2143,"2026-04-26 04:12:40",41.3945,8.4,35.2,56.0,985.9
2144,"2026-04-26 04:17:40",41.3949,8.7,35.2,51.0,986.1
2145,"2026-04-26 04:22:40",41.3937,8.4,35.2,51.0,986.1
2146,"2026-04-26 04:27:40",41.3887,7.6,35.2,52.0,986.1
2147,"2026-04-26 04:32:40",41.3818,7.6,35.2,54.0,986.2
2148,"2026-04-26 04:37:40",41.3802,7.0,35.2,54.0,986.3
2149,"2026-04-26 04:42:40",41.374,6.6,35.2,54.0,986.4
2150,"2026-04-26 04:47:40",41.3688,6.7,35.2,50.0,986.4
2151,"2026-04-26 04:52:40",41.3672,6.8,35.2,52.0,986.4
2152,"2026-04-26 04:57:40",41.3625,6.9,35.2,54.0,986.4
2153,"2026-04-26 05:02:40",41.3582,7.8,35.2,49.0,986.4
2154,"2026-04-26 05:07:40",41.362,7.9,35.2,53.0,986.6
2155,"2026-04-26 05:12:40",41.3629,8.4,35.2,52.0,986.7
2156,"2026-04-26 05:17:40",41.3601,8.4,35.1,45.0,986.9
2157,"2026-04-26 05:22:40",41.3569,8.2,35.2,50.0,987.0
2158,"2026-04-26 05:27:40",41.363,7.9,35.2,53.0,987.1
2159,"2026-04-26 05:32:40",41.3541,7.6,35.2,52.0,987.2
2160,"2026-04-26 05:37:40",41.3557,7.5,35.2,53.0,987.3
2161,"2026-04-26 05:42:40",41.3518,7.6,35.2,55.0,987.4
2162,"2026-04-26 05:47:40",41.3507,7.6,35.2,50.0,987.5
2163,"2026-04-26 05:52:40",41.3436,7.2,35.2,52.0,987.7
2164,"2026-04-26 05:57:40",41.3451,7.1,35.2,48.0,987.9
2165,"2026-04-26 06:02:40",41.339,7.4,35.1,50.0,988.2
2166,"2026-04-26 06:07:40",41.3381,8.1,35.1,54.0,988.5
2167,"2026-04-26 06:12:40",41.3381,8.2,35.1,43.0,988.6
2168,"2026-04-26 06:17:40",41.3412,7.9,35.1,48.0,988.8
2169,"2026-04-26 06:22:40",41.337,8.1,35.2,54.0,989.0
2170,"2026-04-26 06:27:40",41.3377,8.1,35.3,50.0,989.1
2171,"2026-04-26 06:32:40",41.3368,8.1,35.2,53.0,989.3
2172,"2026-04-26 06:37:40",41.3197,8.1,35.2,50.0,989.5
2173,"2026-04-26 06:42:40",41.3299,8.1,35.2,53.0,989.6
2174,"2026-04-26 06:47:40",41.3315,8.3,35.2,51.0,989.7
2175,"2026-04-26 06:52:40",41.3228,8.3,35.2,50.0,990.0
2176,"2026-04-26 06:57:40",41.3239,8.4,35.1,47.0,990.0
2177,"2026-04-26 07:02:40",41.3195,8.4,35.1,37.0,990.3
2178,"2026-04-26 07:07:40",41.3221,8.4,35.1,46.0,990.4
2179,"2026-04-26 07:12:40",41.3002,8.1,35.1,46.0,990.5
2180,"2026-04-26 07:17:40",41.3102,8.2,35.1,53.0,990.6
2181,"2026-04-26 07:22:40",41.3071,8.3,35.1,53.0,990.6
2182,"2026-04-26 07:27:40",41.3003,8.2,35.1,48.0,990.6
2183,"2026-04-26 07:32:40",41.2981,8.1,35.0,48.0,990.8
2184,"2026-04-26 07:37:40",41.2641,8.1,34.9,35.0,990.8
2185,"2026-04-26 07:42:40",41.2962,8.7,34.9,48.0,991.0
2186,"2026-04-26 07:47:40",41.2846,8.4,34.9,34.0,991.1
2187,"2026-04-26 07:52:40",41.2738,9.0,34.9,53.0,991.2
2188,"2026-04-26 07:57:40",41.2851,8.9,34.7,24.0,991.4
2189,"2026-04-26 08:02:40",41.2784,8.9,34.8,41.0,991.7
2190,"2026-04-26 08:07:40",41.2697,9.2,34.8,45.0,991.8
2191,"2026-04-26 08:12:40",41.2494,8.9,34.5,37.0,991.9
2192,"2026-04-26 08:17:40",41.2476,8.9,34.7,50.0,991.9
2193,"2026-04-26 08:22:40",41.2493,8.9,34.7,45.0,991.8
2194,"2026-04-26 08:27:40",41.2497,9.1,34.6,49.0,991.7
2195,"2026-04-26 08:32:40",41.2454,9.5,34.6,50.0,991.9
2196,"2026-04-26 08:37:40",41.215,9.4,34.5,25.0,991.9
2197,"2026-04-26 08:42:40",41.2372,9.9,34.6,44.0,992.0
2198,"2026-04-26 08:47:40",41.2386,9.6,34.6,38.0,992.1
2199,"2026-04-26 08:52:40",41.229,9.9,34.6,37.0,992.1
2200,"2026-04-26 08:57:40",41.2254,9.0,34.7,37.0,992.3
2201,"2026-04-26 09:02:40",41.2151,8.7,34.7,32.0,992.3
2202,"2026-04-26 09:07:40",41.2052,9.7,34.8,47.0,992.3
2203,"2026-04-26 09:12:40",41.2115,10.7,34.8,38.0,992.3
2204,"2026-04-26 09:17:40",41.215,12.1,34.8,50.0,992.4
2205,"2026-04-26 09:22:40",41.2111,10.7,34.9,49.0,992.5
2206,"2026-04-26 09:27:40",41.2065,11.9,34.8,47.0,992.5
2207,"2026-04-26 09:32:40",41.2187,10.4,34.9,41.0,992.6
2208,"2026-04-26 09:37:40",41.2065,10.7,35.0,44.0,992.8
2209,"2026-04-26 09:42:40",41.1867,12.4,34.9,50.0,992.7
2210,"2026-04-26 09:47:40",41.1746,12.2,35.0,48.0,992.8
2211,"2026-04-26 09:52:40",41.1696,11.1,35.0,48.0,992.9
2212,"2026-04-26 09:57:40",41.1623,9.8,35.0,47.0,992.9
2213,"2026-04-26 10:02:40",41.1703,9.6,35.0,50.0,993.0
2214,"2026-04-26 10:07:40",41.1629,9.7,35.0,48.0,993.0
2215,"2026-04-26 10:12:40",41.1663,11.1,35.0,43.0,993.0
2216,"2026-04-26 10:17:40",41.152,11.6,34.9,42.0,993.0
2217,"2026-04-26 10:22:40",41.1684,11.4,34.9,22.0,993.0
2218,"2026-04-26 10:27:40",41.1604,12.1,35.0,49.0,993.2
2219,"2026-04-26 10:32:40",41.1405,11.9,34.9,25.0,993.1
2220,"2026-04-26 10:37:40",41.1683,12.2,34.9,39.0,993.2
2221,"2026-04-26 10:42:40",41.1508,11.8,34.9,38.0,993.1
2222,"2026-04-26 10:47:40",41.1345,11.6,34.8,22.0,993.2
2223,"2026-04-26 10:52:40",41.1339,11.6,34.7,30.0,993.2
2224,"2026-04-26 10:57:40",41.1262,11.2,34.9,49.0,993.3
2225,"2026-04-26 11:02:40",41.1273,11.6,34.9,47.0,993.3
2226,"2026-04-26 11:07:40",41.1312,11.0,35.1,47.0,993.5
2227,"2026-04-26 11:12:40",41.1168,10.4,35.0,30.0,993.4
2228,"2026-04-26 11:17:40",41.1169,10.4,35.0,44.0,993.5
2229,"2026-04-26 11:22:40",41.1054,11.6,34.9,41.0,993.6
2230,"2026-04-26 11:27:40",41.1041,12.6,35.0,36.0,993.5
2231,"2026-04-26 11:32:40",40.9841,13.5,35.1,44.0,993.6
2232,"2026-04-26 11:37:40",40.8148,13.7,35.0,21.0,993.5
2233,"2026-04-26 11:42:40",40.7834,13.3,35.1,52.0,993.7
2234,"2026-04-26 11:47:40",40.768,12.6,35.1,49.0,993.6
2235,"2026-04-26 11:52:40",40.7825,13.9,35.3,50.0,993.6
2236,"2026-04-26 11:57:40",40.7269,13.2,35.3,47.0,993.7
2237,"2026-04-26 12:02:40",40.7018,12.6,35.3,31.0,993.6
2238,"2026-04-26 12:07:40",40.708,14.2,35.3,22.0,993.6
2239,"2026-04-26 12:12:40",40.687,14.6,35.4,53.0,993.6
2240,"2026-04-26 12:17:40",40.6843,12.7,35.3,39.0,993.6
2241,"2026-04-26 12:22:40",40.7462,14.6,35.5,54.0,993.7
2242,"2026-04-26 12:27:40",40.742,14.8,35.5,52.0,993.7
2243,"2026-04-26 12:32:40",40.7459,13.3,35.4,44.0,993.9
2244,"2026-04-26 12:37:40",40.7668,13.7,35.4,48.0,993.8
2245,"2026-04-26 12:42:40",40.7536,14.6,35.4,54.0,993.7
2246,"2026-04-26 12:47:40",40.7509,14.0,35.4,52.0,993.7
2247,"2026-04-26 12:52:40",40.7861,13.9,35.4,46.0,993.7
2248,"2026-04-26 12:57:40",40.8039,14.1,35.3,48.0,993.8
2249,"2026-04-26 13:02:40",40.8043,15.0,35.4,54.0,993.7
2250,"2026-04-26 13:07:40",40.7792,14.5,35.4,27.0,993.7
2251,"2026-04-26 13:12:40",40.8669,13.8,35.4,52.0,993.8
2252,"2026-04-26 13:17:40",40.9298,13.4,35.4,34.0,993.8
2253,"2026-04-26 13:22:40",40.916,14.9,35.5,53.0,993.8
2254,"2026-04-26 13:27:40",40.8658,14.9,35.4,34.0,993.8
2255,"2026-04-26 13:32:40",40.8604,14.9,35.3,21.0,993.8
2256,"2026-04-26 13:37:40",40.8717,15.7,35.4,53.0,993.8
2257,"2026-04-26 13:42:40",40.8628,15.1,35.3,34.0,993.8
2258,"2026-04-26 13:47:40",40.8592,14.6,35.4,49.0,993.8
2259,"2026-04-26 13:52:40",40.957,15.4,35.3,45.0,993.9
2260,"2026-04-26 13:57:40",40.9377,15.8,35.4,51.0,993.9
2261,"2026-04-26 14:02:40",40.9213,15.9,35.5,55.0,993.9
2262,"2026-04-26 14:07:40",40.9012,15.5,35.5,55.0,993.9
2263,"2026-04-26 14:12:40",40.8952,15.2,35.5,52.0,993.9
2264,"2026-04-26 14:17:40",40.9563,15.1,35.4,38.0,993.9
2265,"2026-04-26 14:22:40",40.9331,15.7,35.4,48.0,993.9
2266,"2026-04-26 14:27:40",40.9337,14.9,35.3,50.0,993.9
2267,"2026-04-26 14:32:40",40.9683,16.2,35.3,52.0,994.0
2268,"2026-04-26 14:37:40",40.9959,15.4,35.3,29.0,993.9
2269,"2026-04-26 14:42:40",41.0368,14.7,35.3,51.0,994.0
2270,"2026-04-26 14:47:40",41.0867,15.6,35.3,53.0,993.9
2271,"2026-04-26 14:52:40",41.0619,16.0,35.3,49.0,993.9
2272,"2026-04-26 14:57:40",41.056,15.6,35.2,48.0,993.8
2273,"2026-04-26 15:02:40",41.1054,15.2,35.3,49.0,993.9
2274,"2026-04-26 15:07:40",41.1633,15.4,35.3,56.0,993.8
2275,"2026-04-26 15:12:40",41.1964,16.4,35.3,47.0,993.7
2276,"2026-04-26 15:17:40",41.197,16.1,35.4,51.0,993.8
2277,"2026-04-26 15:22:40",41.2064,16.3,35.3,41.0,993.7
2278,"2026-04-26 15:27:40",41.2101,16.4,35.2,50.0,993.7
2279,"2026-04-26 15:32:40",41.2189,15.9,35.3,54.0,993.8
2280,"2026-04-26 15:37:40",41.2643,16.2,35.2,48.0,993.7
2281,"2026-04-26 15:42:40",41.3814,15.9,35.2,52.0,993.8
2282,"2026-04-26 15:47:40",41.3824,16.1,35.2,37.0,993.6
2283,"2026-04-26 15:52:40",41.3694,16.7,35.2,48.0,993.7
2284,"2026-04-26 15:57:40",41.3948,15.2,35.2,49.0,993.8
2285,"2026-04-26 16:02:40",41.4751,15.7,35.3,50.0,993.8
2286,"2026-04-26 16:07:40",41.4884,16.2,35.2,44.0,993.8
2287,"2026-04-26 16:12:40",41.4802,16.6,35.2,44.0,993.7
2288,"2026-04-26 16:17:40",41.4676,16.4,35.2,21.0,993.6
2289,"2026-04-26 16:22:40",41.4776,15.7,35.3,49.0,993.7
2290,"2026-04-26 16:27:40",41.4736,16.1,35.2,43.0,993.7
2291,"2026-04-26 16:32:40",41.4735,16.7,35.2,47.0,993.8
2292,"2026-04-26 16:37:40",41.4635,16.8,35.2,50.0,993.8
2293,"2026-04-26 16:42:40",41.4617,16.9,35.3,43.0,993.8
2294,"2026-04-26 16:47:40",41.4702,16.6,35.2,30.0,993.8
2295,"2026-04-26 16:52:40",41.4575,16.6,35.2,43.0,993.9
2296,"2026-04-26 16:57:40",41.4617,16.9,35.2,47.0,993.9
2297,"2026-04-26 17:02:40",41.4652,16.1,35.1,34.0,993.9
2298,"2026-04-26 17:07:40",41.4746,16.4,35.1,52.0,994.0
2299,"2026-04-26 17:12:40",41.4677,16.7,35.2,48.0,993.9
2300,"2026-04-26 17:17:40",41.4733,16.8,35.3,50.0,993.9
2301,"2026-04-26 17:22:40",41.4624,16.6,35.3,52.0,993.9
2302,"2026-04-26 17:27:40",41.48,16.3,35.3,49.0,994.0
2303,"2026-04-26 17:32:40",41.4896,16.3,35.3,49.0,994.0
2304,"2026-04-26 17:37:40",41.4798,16.4,35.4,51.0,994.0
2305,"2026-04-26 17:42:40",41.4795,16.3,35.3,40.0,994.0
2306,"2026-04-26 17:47:40",41.4883,15.8,35.3,42.0,994.0
2307,"2026-04-26 17:52:40",41.4798,16.1,35.4,38.0,994.1
2308,"2026-04-26 17:57:40",41.4848,15.8,35.4,45.0,994.0
2309,"2026-04-26 18:02:40",41.4931,15.5,35.5,54.0,994.1
2310,"2026-04-26 18:07:40",41.495,15.8,35.3,36.0,994.1
2311,"2026-04-26 18:12:40",41.4898,15.5,35.4,48.0,994.2
2312,"2026-04-26 18:17:40",41.4899,15.2,35.4,51.0,994.2
2313,"2026-04-26 18:22:40",41.4886,14.9,35.4,49.0,994.1
2314,"2026-04-26 18:27:40",41.4884,14.5,35.3,53.0,994.2
2315,"2026-04-26 18:32:40",41.486,13.9,35.4,56.0,994.2
2316,"2026-04-26 18:37:40",41.4752,13.0,35.4,48.0,994.2
2317,"2026-04-26 18:42:40",41.4696,12.5,35.3,49.0,994.2
2318,"2026-04-26 18:47:40",41.4565,11.9,35.3,49.0,994.2
2319,"2026-04-26 18:52:40",41.4544,11.6,35.3,47.0,994.2
2320,"2026-04-26 18:57:40",41.443,11.3,35.3,48.0,994.2
2321,"2026-04-26 19:02:40",41.439,11.0,35.3,51.0,994.2
2322,"2026-04-26 19:07:40",41.4327,10.8,35.3,41.0,994.2
2323,"2026-04-26 19:12:40",41.4287,10.8,35.2,48.0,994.2
2324,"2026-04-26 19:17:40",41.4172,10.6,35.2,42.0,994.3
2325,"2026-04-26 19:22:40",41.4184,10.3,35.1,45.0,994.4
2326,"2026-04-26 19:27:40",41.4156,9.9,35.1,44.0,994.4
2327,"2026-04-26 19:32:40",41.4097,9.8,35.2,58.0,994.5
2328,"2026-04-26 19:37:40",41.4074,9.6,35.2,49.0,994.5
2329,"2026-04-26 19:42:40",41.4036,9.1,35.2,49.0,994.6
2330,"2026-04-26 19:47:40",41.3993,8.9,35.2,51.0,994.6
2331,"2026-04-26 19:52:40",41.3951,8.5,35.2,50.0,994.7
2332,"2026-04-26 19:57:40",41.3901,8.1,35.2,51.0,994.7
2333,"2026-04-26 20:02:40",41.3861,8.0,35.2,47.0,994.8
2334,"2026-04-26 20:07:40",41.3813,7.6,35.1,51.0,994.9
2335,"2026-04-26 20:12:40",41.3752,6.9,35.2,51.0,995.0
2336,"2026-04-26 20:17:40",41.3706,6.7,35.1,45.0,995.0
2337,"2026-04-26 20:22:40",41.3657,6.1,35.2,50.0,995.1
2338,"2026-04-26 20:27:40",41.3599,5.7,35.2,48.0,995.1
2339,"2026-04-26 20:32:40",41.3555,5.4,35.1,48.0,995.3
2340,"2026-04-26 20:37:40",41.3499,5.5,35.1,54.0,995.2
2341,"2026-04-26 20:42:40",41.3461,5.1,35.1,51.0,995.3
2342,"2026-04-26 20:47:40",41.3424,4.9,35.1,55.0,995.4
2343,"2026-04-26 20:52:40",41.3393,4.8,35.0,46.0,995.4
2344,"2026-04-26 20:57:40",41.3365,4.5,35.1,52.0,995.5
2345,"2026-04-26 21:02:40",41.3347,4.1,35.1,52.0,995.5
2346,"2026-04-26 21:07:40",41.3313,3.8,35.1,44.0,995.5
2347,"2026-04-26 21:12:40",41.3282,3.6,35.1,50.0,995.5
2348,"2026-04-26 21:17:40",41.3251,3.8,35.1,49.0,995.5
2349,"2026-04-26 21:22:40",41.3236,3.3,35.1,51.0,995.6
2350,"2026-04-26 21:27:40",41.3212,3.2,35.2,50.0,995.5
2351,"2026-04-26 21:32:40",41.3192,3.1,35.1,54.0,995.5
2352,"2026-04-26 21:37:40",41.3165,3.0,35.1,50.0,995.6
2353,"2026-04-26 21:42:40",41.316,2.9,35.1,50.0,995.6
2354,"2026-04-26 21:47:40",41.3146,2.8,35.2,46.0,995.7
2355,"2026-04-26 21:52:40",41.3128,2.7,35.0,48.0,995.7
2356,"2026-04-26 21:57:40",41.3117,2.8,35.1,55.0,995.7
2357,"2026-04-26 22:02:40",41.3095,2.6,35.1,54.0,995.7
2358,"2026-04-26 22:07:40",41.3086,2.4,35.1,53.0,995.7
2359,"2026-04-26 22:12:40",41.3071,2.4,35.1,48.0,995.7
2360,"2026-04-26 22:17:40",41.3062,2.3,35.1,47.0,995.7
2361,"2026-04-26 22:22:40",41.3054,2.2,35.0,56.0,995.7
2362,"2026-04-26 22:27:40",41.3036,2.1,35.1,54.0,995.7
2363,"2026-04-26 22:32:40",41.3018,2.2,35.0,48.0,995.8
2364,"2026-04-26 22:37:40",41.2979,2.1,35.1,51.0,995.7
2365,"2026-04-26 22:42:40",41.2994,2.6,35.1,51.0,995.7
2366,"2026-04-26 22:47:40",41.3004,2.2,35.2,53.0,995.8
2367,"2026-04-26 22:52:40",41.2988,1.8,35.1,50.0,995.9
2368,"2026-04-26 22:57:40",41.2944,1.8,35.0,50.0,995.9
2369,"2026-04-26 23:02:40",41.2954,1.9,35.1,56.0,996.0
2370,"2026-04-26 23:07:40",41.2939,1.6,35.1,55.0,996.1
2371,"2026-04-26 23:12:40",41.2932,1.4,35.1,55.0,996.1
2372,"2026-04-26 23:17:40",41.291,1.4,35.1,55.0,996.1
2373,"2026-04-26 23:22:40",41.2896,1.1,35.1,55.0,996.1
2374,"2026-04-26 23:27:40",41.2885,1.2,35.1,51.0,996.1
2375,"2026-04-26 23:32:40",41.2877,1.5,35.1,52.0,996.1
2376,"2026-04-26 23:37:40",41.2836,1.2,35.1,52.0,996.1
2377,"2026-04-26 23:42:40",41.2843,1.1,35.1,55.0,996.1
2378,"2026-04-26 23:47:40",41.2816,1.0,35.0,49.0,996.1
2379,"2026-04-26 23:52:40",41.2804,0.9,35.1,55.0,996.3
2380,"2026-04-26 23:57:40",41.2798,0.6,35.1,55.0,996.3
2381,"2026-04-27 00:02:40",41.2778,0.5,35.1,54.0,996.3
2382,"2026-04-27 00:07:40",41.2773,0.8,35.1,52.0,996.3
2383,"2026-04-27 00:12:40",41.277,0.8,35.0,46.0,996.5
2384,"2026-04-27 00:17:40",41.2755,0.2,35.0,49.0,996.5
2385,"2026-04-27 00:22:40",41.2728,0.2,35.0,56.0,996.5
2386,"2026-04-27 00:27:40",41.2705,0.2,35.0,50.0,996.5
2387,"2026-04-27 00:32:40",41.2711,0.5,35.1,51.0,996.6
2388,"2026-04-27 00:37:40",41.2705,0.1,35.0,52.0,996.5
2389,"2026-04-27 00:42:40",41.2696,-0.2,35.0,58.0,996.6
2390,"2026-04-27 00:47:40",41.2685,-0.4,35.1,56.0,996.5
2391,"2026-04-27 00:52:40",41.2672,-0.6,35.1,56.0,996.6
2392,"2026-04-27 00:57:40",41.2659,-0.8,35.1,56.0,996.6
2393,"2026-04-27 01:02:40",41.2648,-0.6,35.1,52.0,996.5
2394,"2026-04-27 01:07:40",41.2634,-0.6,35.1,54.0,996.5
2395,"2026-04-27 01:12:40",41.2634,-0.2,35.1,50.0,996.5
2396,"2026-04-27 01:17:40",41.2631,-0.6,35.1,57.0,996.5
2397,"2026-04-27 01:22:40",41.2632,-0.8,35.1,54.0,996.4
2398,"2026-04-27 01:27:40",41.2614,-0.9,35.0,52.0,996.5
2399,"2026-04-27 01:32:40",41.2608,-1.1,35.0,51.0,996.5
2400,"2026-04-27 01:37:40",41.26,-1.1,35.0,54.0,996.6
2401,"2026-04-27 01:42:40",41.2585,-1.2,35.0,49.0,996.6
2402,"2026-04-27 01:47:40",41.2566,-1.1,35.1,54.0,996.6
2403,"2026-04-27 01:52:40",41.2568,-0.8,35.2,56.0,996.6
2404,"2026-04-27 01:57:40",41.2564,-1.1,35.1,48.0,996.6
2405,"2026-04-27 02:02:40",41.2553,-1.4,35.1,54.0,996.7
2406,"2026-04-27 02:07:40",41.2544,-1.3,35.2,55.0,996.7
2407,"2026-04-27 02:12:40",41.2542,-1.4,35.2,54.0,996.7
2408,"2026-04-27 02:17:40",41.2534,-1.2,35.2,53.0,996.6
2409,"2026-04-27 02:22:40",41.2532,-1.4,35.2,54.0,996.7
2410,"2026-04-27 02:27:40",41.2523,-1.5,35.1,52.0,996.7
2411,"2026-04-27 02:32:40",41.2527,-1.4,35.0,51.0,996.7
2412,"2026-04-27 02:37:40",41.2518,-1.2,35.1,51.0,996.7
2413,"2026-04-27 02:42:40",41.2526,-1.3,35.0,50.0,996.6
2414,"2026-04-27 02:47:40",41.2514,-1.1,35.0,51.0,996.6
2415,"2026-04-27 02:52:40",41.254,-0.8,35.0,52.0,996.5
2416,"2026-04-27 02:57:40",41.2539,-0.9,35.1,53.0,996.5
2417,"2026-04-27 03:02:40",41.253,-1.0,35.0,52.0,996.6
2418,"2026-04-27 03:07:40",41.2541,-1.0,35.1,54.0,996.6
2419,"2026-04-27 03:12:40",41.2546,-1.1,35.1,56.0,996.6
2420,"2026-04-27 03:17:40",41.255,-1.1,35.0,51.0,996.5
2421,"2026-04-27 03:22:40",41.2549,-1.2,35.0,50.0,996.6
2422,"2026-04-27 03:27:40",41.2553,-1.3,35.1,48.0,996.6
2423,"2026-04-27 03:32:40",41.2559,-1.2,35.0,49.0,996.5
2424,"2026-04-27 03:37:40",41.2555,-1.2,35.1,52.0,996.5
2425,"2026-04-27 03:42:40",41.255,-1.4,35.0,53.0,996.5
2426,"2026-04-27 03:47:39",41.2556,-1.4,35.0,53.0,996.6
2427,"2026-04-27 03:52:40",41.2556,-1.4,35.0,55.0,996.6
2428,"2026-04-27 03:57:40",41.2554,-1.4,35.0,49.0,996.5
2429,"2026-04-27 04:02:39",41.2556,-1.4,35.0,50.0,996.5
2430,"2026-04-27 04:07:40",41.2553,-1.4,35.0,51.0,996.5
2431,"2026-04-27 04:12:40",41.255,-1.4,35.1,49.0,996.5
2432,"2026-04-27 04:17:40",41.2555,-1.4,35.1,54.0,996.5
2433,"2026-04-27 04:22:39",41.2561,-1.4,35.0,53.0,996.6
2434,"2026-04-27 04:27:39",41.2565,-1.4,35.0,52.0,996.5
2435,"2026-04-27 04:32:40",41.2564,-1.4,35.1,51.0,996.6
2436,"2026-04-27 04:37:39",41.2561,-1.1,35.0,51.0,996.6
2437,"2026-04-27 04:42:40",41.2579,-1.2,35.0,53.0,996.6
2438,"2026-04-27 04:47:39",41.2581,-1.5,35.0,54.0,996.5
2439,"2026-04-27 04:52:39",41.2579,-1.5,35.0,49.0,996.5
2440,"2026-04-27 04:57:39",41.2579,-1.6,35.1,51.0,996.5
2441,"2026-04-27 05:02:39",41.2579,-1.5,35.1,49.0,996.6
2442,"2026-04-27 05:07:39",41.2577,-1.5,35.1,50.0,996.5
2443,"2026-04-27 05:12:39",41.2586,-1.5,35.1,58.0,996.5
2444,"2026-04-27 05:17:39",41.2594,-1.4,35.2,53.0,996.4
2445,"2026-04-27 05:22:39",41.2597,-1.4,35.0,52.0,996.4
2446,"2026-04-27 05:27:40",41.26,-1.5,35.1,51.0,996.5
2447,"2026-04-27 05:32:39",41.2599,-1.6,35.0,55.0,996.4
2448,"2026-04-27 05:37:39",41.26,-1.7,35.1,55.0,996.4
2449,"2026-04-27 05:42:39",41.2602,-1.6,35.1,53.0,996.5
2450,"2026-04-27 05:47:40",41.2607,-1.6,35.1,53.0,996.5
2451,"2026-04-27 05:52:39",41.2606,-1.6,35.1,51.0,996.6
2452,"2026-04-27 05:57:40",41.2612,-1.3,35.1,54.0,996.5
2453,"2026-04-27 06:02:39",41.2623,-1.3,35.1,48.0,996.5
2454,"2026-04-27 06:07:40",41.2632,-1.1,35.1,50.0,996.5
2455,"2026-04-27 06:12:39",41.2633,-1.2,35.0,55.0,996.5
2456,"2026-04-27 06:17:39",41.2647,-1.1,35.0,52.0,996.5
2457,"2026-04-27 06:22:39",41.2676,-0.6,35.1,51.0,996.5
2458,"2026-04-27 06:27:39",41.2712,-0.1,35.1,48.0,996.5
2459,"2026-04-27 06:32:40",41.2749,0.4,35.1,52.0,996.6
2460,"2026-04-27 06:37:39",41.279,0.8,35.1,53.0,996.5
2461,"2026-04-27 06:42:39",41.2838,1.0,35.0,50.0,996.6
2462,"2026-04-27 06:47:39",41.2854,1.0,35.1,50.0,996.6
2463,"2026-04-27 06:52:39",41.2884,1.2,35.1,51.0,996.7
2464,"2026-04-27 06:57:39",41.2937,1.5,35.1,52.0,996.7
2465,"2026-04-27 07:02:39",41.2951,1.9,35.1,50.0,996.7
2466,"2026-04-27 07:07:39",41.2997,2.2,35.1,49.0,996.6
2467,"2026-04-27 07:12:39",41.3028,2.7,35.0,47.0,996.6
2468,"2026-04-27 07:17:39",41.3101,3.2,35.1,47.0,996.7
2469,"2026-04-27 07:22:39",41.3161,3.4,35.1,52.0,996.7
2470,"2026-04-27 07:27:39",41.3192,4.0,35.1,48.0,996.7
2471,"2026-04-27 07:32:39",41.3228,4.4,35.1,51.0,996.7
2472,"2026-04-27 07:37:39",41.3237,5.1,35.1,49.0,996.8
2473,"2026-04-27 07:42:39",41.3301,6.1,35.2,49.0,996.7
2474,"2026-04-27 07:47:39",41.3349,6.4,35.1,49.0,996.7
2475,"2026-04-27 07:52:39",41.336,6.7,35.1,47.0,996.7
2476,"2026-04-27 07:57:39",41.3385,6.9,35.2,51.0,996.7
2477,"2026-04-27 08:02:39",41.3407,7.3,35.2,54.0,996.7
2478,"2026-04-27 08:07:39",41.3401,7.9,35.3,51.0,996.8
2479,"2026-04-27 08:12:39",41.3411,8.6,35.3,49.0,996.8
2480,"2026-04-27 08:17:39",41.3464,8.7,35.2,51.0,996.7
2481,"2026-04-27 08:22:39",41.344,9.0,35.3,51.0,996.8
2482,"2026-04-27 08:27:39",41.3439,9.4,35.3,48.0,996.7
2483,"2026-04-27 08:32:39",41.3435,9.8,35.3,49.0,996.7
2484,"2026-04-27 08:37:39",41.3392,10.7,35.3,49.0,996.7
2485,"2026-04-27 08:42:39",41.338,11.7,35.4,49.0,996.6
2486,"2026-04-27 08:47:39",41.3296,10.9,35.4,46.0,996.6
2487,"2026-04-27 08:52:39",41.3201,11.4,35.4,50.0,996.6
2488,"2026-04-27 08:57:39",41.3112,11.4,35.5,49.0,996.5
2489,"2026-04-27 09:02:39",41.3065,12.1,35.4,48.0,996.5
2490,"2026-04-27 09:07:39",41.2886,12.2,35.5,49.0,996.5
2491,"2026-04-27 09:12:39",41.2625,12.6,35.5,47.0,996.5
2492,"2026-04-27 09:17:39",41.224,12.8,35.5,54.0,996.5
2493,"2026-04-27 09:22:39",41.1725,12.7,35.6,51.0,996.4
2494,"2026-04-27 09:27:39",41.1259,12.7,35.6,48.0,996.4
2495,"2026-04-27 09:32:39",41.0995,13.4,35.7,50.0,996.4
2496,"2026-04-27 09:37:39",41.0826,13.4,35.7,50.0,996.5
2497,"2026-04-27 09:42:39",41.0389,13.7,35.7,53.0,996.5
2498,"2026-04-27 09:47:39",40.9886,13.2,35.7,49.0,996.4
2499,"2026-04-27 09:52:39",40.9478,13.8,35.7,49.0,996.4
2500,"2026-04-27 09:57:39",40.9147,14.1,35.8,51.0,996.4
2501,"2026-04-27 10:02:39",40.8846,13.8,35.7,46.0,996.4
2502,"2026-04-27 10:07:39",40.8685,15.2,35.8,54.0,996.4
2503,"2026-04-27 10:12:39",40.8476,15.0,35.7,50.0,996.3
2504,"2026-04-27 10:17:39",40.8388,14.1,35.8,48.0,996.3
2505,"2026-04-27 10:22:39",40.8342,14.5,35.8,49.0,996.3
2506,"2026-04-27 10:27:39",40.8363,14.6,35.8,50.0,996.2
2507,"2026-04-27 10:32:39",40.8429,14.5,35.8,54.0,996.2
2508,"2026-04-27 10:37:39",40.8449,14.3,35.8,52.0,996.2
2509,"2026-04-27 10:42:39",40.8591,14.6,35.7,49.0,996.1
2510,"2026-04-27 10:47:39",40.8659,14.7,35.8,55.0,996.2
2511,"2026-04-27 10:52:39",40.8663,14.5,35.8,51.0,996.1
2512,"2026-04-27 10:57:39",40.8638,14.4,35.8,54.0,996.1
2513,"2026-04-27 11:02:39",40.8718,14.9,35.7,55.0,996.2
2514,"2026-04-27 11:07:39",40.8786,15.7,35.7,50.0,996.0
2515,"2026-04-27 11:12:39",40.8834,15.4,35.7,44.0,995.9
2516,"2026-04-27 11:17:39",40.8897,15.2,35.7,49.0,995.9
2517,"2026-04-27 11:22:39",40.899,15.2,35.6,52.0,995.7
2518,"2026-04-27 11:27:39",40.9045,15.6,35.7,52.0,995.7
2519,"2026-04-27 11:32:39",40.9148,15.4,35.7,51.0,995.7
2520,"2026-04-27 11:37:39",40.9172,15.1,35.6,34.0,995.7
2521,"2026-04-27 11:42:39",40.9214,15.2,35.6,49.0,995.6
2522,"2026-04-27 11:47:39",40.9467,15.6,35.5,51.0,995.5
2523,"2026-04-27 11:52:39",40.9463,15.4,35.5,32.0,995.5
2524,"2026-04-27 11:57:39",40.959,15.7,35.5,53.0,995.5
2525,"2026-04-27 12:02:39",40.9601,16.1,35.5,45.0,995.3
2526,"2026-04-27 12:07:39",40.9731,15.6,35.5,53.0,995.3
2527,"2026-04-27 12:12:39",40.9762,15.8,35.5,48.0,995.3
2528,"2026-04-27 12:17:39",40.9595,15.8,35.5,51.0,995.2
2529,"2026-04-27 12:22:39",40.9766,15.8,35.4,49.0,995.2
2530,"2026-04-27 12:27:39",40.9931,15.4,35.4,41.0,995.2
2531,"2026-04-27 12:32:39",40.9687,15.8,35.3,49.0,995.1
2532,"2026-04-27 12:37:39",40.9686,16.0,35.3,49.0,995.0
2533,"2026-04-27 12:42:39",40.9739,16.2,35.3,49.0,995.0
2534,"2026-04-27 12:47:39",40.9591,15.8,35.2,27.0,994.9
2535,"2026-04-27 12:52:39",40.9824,16.1,35.2,40.0,995.0
2536,"2026-04-27 12:57:39",40.9993,15.8,35.1,29.0,994.9
2537,"2026-04-27 13:02:39",41.0163,15.9,35.2,41.0,995.0
2538,"2026-04-27 13:07:39",41.035,16.1,35.2,51.0,994.9
2539,"2026-04-27 13:12:39",41.0421,16.1,35.2,38.0,994.9
2540,"2026-04-27 13:17:39",41.0586,16.3,35.0,29.0,994.8
2541,"2026-04-27 13:22:39",41.0745,15.9,35.2,47.0,994.8
2542,"2026-04-27 13:27:39",41.0781,16.4,35.1,24.0,994.7
2543,"2026-04-27 13:32:39",41.0944,16.5,35.2,54.0,994.7
2544,"2026-04-27 13:37:39",41.1111,16.4,35.2,41.0,994.7
2545,"2026-04-27 13:42:39",41.1251,16.8,35.2,38.0,994.6
2546,"2026-04-27 13:47:39",41.1348,16.8,35.2,39.0,994.6
2547,"2026-04-27 13:52:39",41.1499,17.0,35.3,52.0,994.6
2548,"2026-04-27 13:57:39",41.1579,16.8,35.2,27.0,994.4
2549,"2026-04-27 14:02:39",41.1631,16.6,35.3,55.0,994.5
2550,"2026-04-27 14:07:39",41.1695,16.4,35.3,45.0,994.4
2551,"2026-04-27 14:12:39",41.1752,17.1,35.3,28.0,994.3
2552,"2026-04-27 14:17:39",41.1755,16.6,35.3,19.0,994.2
2553,"2026-04-27 14:22:39",41.1924,17.1,35.4,51.0,994.2
2554,"2026-04-27 14:27:39",41.2065,17.8,35.4,37.0,994.2
2555,"2026-04-27 14:32:39",41.2195,16.8,35.5,51.0,994.2
2556,"2026-04-27 14:37:39",41.2219,17.4,35.4,42.0,994.1
2557,"2026-04-27 14:42:39",41.2394,17.6,35.4,47.0,994.0
2558,"2026-04-27 14:47:39",41.2365,17.8,35.4,46.0,994.0
2559,"2026-04-27 14:52:39",41.2383,17.8,35.4,29.0,994.0
2560,"2026-04-27 14:57:39",41.2555,17.9,35.4,45.0,993.9
2561,"2026-04-27 15:02:39",41.2521,18.2,35.4,42.0,993.8
2562,"2026-04-27 15:07:39",41.2537,17.8,35.4,43.0,993.8
2563,"2026-04-27 15:12:39",41.2688,17.6,35.4,44.0,993.8
2564,"2026-04-27 15:17:39",41.2878,18.1,35.3,32.0,993.6
2565,"2026-04-27 15:22:39",41.2915,18.2,35.4,41.0,993.6
2566,"2026-04-27 15:27:39",41.2984,18.2,35.4,38.0,993.6
2567,"2026-04-27 15:32:39",41.3069,18.6,35.4,50.0,993.5
2568,"2026-04-27 15:37:39",41.3063,18.2,35.4,39.0,993.5
2569,"2026-04-27 15:42:39",41.312,18.6,35.4,40.0,993.4
2570,"2026-04-27 15:47:39",41.3172,19.1,35.5,49.0,993.3
2571,"2026-04-27 15:52:39",41.3352,19.0,35.5,50.0,993.2
2572,"2026-04-27 15:57:39",41.3471,19.6,35.6,49.0,993.2
2573,"2026-04-27 16:02:39",41.3494,18.7,35.5,45.0,993.1
2574,"2026-04-27 16:07:39",41.3517,18.9,35.6,46.0,993.2
2575,"2026-04-27 16:12:39",41.3515,18.5,35.6,41.0,993.2
2576,"2026-04-27 16:17:39",41.3754,18.8,35.5,34.0,993.0
2577,"2026-04-27 16:22:39",41.3843,18.8,35.6,40.0,993.1
2578,"2026-04-27 16:27:39",41.3784,18.6,35.4,21.0,993.0
2579,"2026-04-27 16:32:39",41.3958,19.1,35.5,43.0,993.0
2580,"2026-04-27 16:37:39",41.412,19.0,35.5,50.0,992.9
2581,"2026-04-27 16:42:39",41.4201,19.1,35.4,41.0,992.9
2582,"2026-04-27 16:47:39",41.4495,19.5,35.5,38.0,992.8
2583,"2026-04-27 16:52:39",41.4511,18.9,35.4,32.0,992.7
2584,"2026-04-27 16:57:39",41.4589,18.2,35.4,37.0,992.6
2585,"2026-04-27 17:02:39",41.4687,18.6,35.3,18.0,992.6
2586,"2026-04-27 17:07:39",41.4654,18.6,35.2,22.0,992.6
2587,"2026-04-27 17:12:39",41.4809,18.6,35.2,18.0,992.6
2588,"2026-04-27 17:17:39",41.492,19.2,35.3,42.0,992.5
2589,"2026-04-27 17:22:39",41.5029,18.9,35.2,36.0,992.5
2590,"2026-04-27 17:27:39",41.5233,18.6,35.4,48.0,992.4
2591,"2026-04-27 17:32:39",41.5515,19.1,35.4,51.0,992.3
2592,"2026-04-27 17:37:39",41.5557,18.4,35.3,15.0,992.2
2593,"2026-04-27 17:42:39",41.5595,18.4,35.4,38.0,992.3
2594,"2026-04-27 17:47:39",41.5699,18.2,35.4,41.0,992.3
2595,"2026-04-27 17:52:39",41.5902,18.0,35.4,44.0,992.2
2596,"2026-04-27 17:57:39",41.6188,18.0,35.4,47.0,992.2
2597,"2026-04-27 18:02:39",41.6294,17.9,35.5,44.0,992.1
2598,"2026-04-27 18:07:39",41.6303,17.7,35.5,41.0,992.1
2599,"2026-04-27 18:12:39",41.6355,17.8,35.4,31.0,992.0
2600,"2026-04-27 18:17:39",41.6386,16.7,35.5,46.0,992.0
2601,"2026-04-27 18:22:39",41.6441,16.1,35.5,44.0,991.9
2602,"2026-04-27 18:27:39",41.6485,15.9,35.5,47.0,991.9
2603,"2026-04-27 18:32:39",41.6493,15.8,35.5,43.0,991.9
2604,"2026-04-27 18:37:39",41.6455,15.6,35.5,46.0,991.9
2605,"2026-04-27 18:42:39",41.6427,15.4,35.4,44.0,991.9
2606,"2026-04-27 18:47:39",41.6399,15.0,35.3,44.0,991.8
2607,"2026-04-27 18:52:39",41.6367,14.7,35.4,47.0,991.8
2608,"2026-04-27 18:57:39",41.6327,14.1,35.4,46.0,991.8
2609,"2026-04-27 19:02:39",41.6249,13.7,35.4,46.0,991.8
2610,"2026-04-27 19:07:39",41.621,13.6,35.4,46.0,991.8
2611,"2026-04-27 19:12:39",41.6147,13.0,35.4,43.0,991.8
2612,"2026-04-27 19:17:39",41.6086,12.4,35.4,42.0,991.8
2613,"2026-04-27 19:22:39",41.6036,12.1,35.3,43.0,991.7
2614,"2026-04-27 19:27:39",41.5983,11.8,35.3,48.0,991.7
2615,"2026-04-27 19:32:39",41.594,11.4,35.3,49.0,991.8
2616,"2026-04-27 19:37:39",41.588,10.9,35.2,43.0,991.8
2617,"2026-04-27 19:42:39",41.5835,10.6,35.2,50.0,991.8
2618,"2026-04-27 19:47:39",41.5784,10.6,35.2,46.0,991.8
2619,"2026-04-27 19:52:39",41.5739,10.1,35.3,54.0,991.9
2620,"2026-04-27 19:57:39",41.5675,9.6,35.2,45.0,992.0
2621,"2026-04-27 20:02:39",41.5681,9.5,35.2,44.0,992.1
2622,"2026-04-27 20:07:39",41.5555,9.3,35.2,46.0,992.2
2623,"2026-04-27 20:12:39",41.5519,9.0,35.2,43.0,992.2
2624,"2026-04-27 20:17:39",41.5477,9.1,35.1,50.0,992.3
2625,"2026-04-27 20:22:39",41.5451,9.4,35.2,47.0,992.3
2626,"2026-04-27 20:27:39",41.5437,9.8,35.2,47.0,992.3
2627,"2026-04-27 20:32:39",41.5419,9.9,35.2,49.0,992.4
2628,"2026-04-27 20:37:39",41.5414,10.1,35.2,47.0,992.4
2629,"2026-04-27 20:42:39",41.5407,10.2,35.3,52.0,992.5
2630,"2026-04-27 20:47:39",41.5397,10.6,35.2,47.0,992.5
2631,"2026-04-27 20:52:39",41.5303,10.6,35.1,51.0,992.5
2632,"2026-04-27 20:57:39",41.5357,10.8,35.1,46.0,992.5
2633,"2026-04-27 21:02:39",41.5355,10.8,35.2,53.0,992.5
2634,"2026-04-27 21:07:39",41.532,10.9,35.2,40.0,992.4
2635,"2026-04-27 21:12:39",41.531,10.9,35.2,52.0,992.5
2636,"2026-04-27 21:17:39",41.5282,10.9,35.1,47.0,992.6
2637,"2026-04-27 21:22:39",41.5258,10.9,35.2,50.0,992.5
2638,"2026-04-27 21:27:39",41.5231,10.8,35.2,48.0,992.6
2639,"2026-04-27 21:32:39",41.515,10.9,35.2,53.0,992.6
2640,"2026-04-27 21:37:39",41.5125,10.8,35.3,57.0,992.6
2641,"2026-04-27 21:42:39",41.5126,10.9,35.2,48.0,992.6
2642,"2026-04-27 21:47:39",41.5118,10.6,35.2,45.0,992.6
2643,"2026-04-27 21:52:39",41.5078,10.4,35.2,46.0,992.6
2644,"2026-04-27 21:57:39",41.5052,10.3,35.2,52.0,992.7
2645,"2026-04-27 22:02:39",41.5018,9.9,35.2,55.0,992.7
2646,"2026-04-27 22:07:39",41.4986,9.6,35.2,43.0,992.6
2647,"2026-04-27 22:12:39",41.4941,9.1,35.2,49.0,992.7
2648,"2026-04-27 22:17:39",41.4901,8.8,35.1,45.0,992.7
2649,"2026-04-27 22:22:39",41.4848,8.6,35.2,50.0,992.7
2650,"2026-04-27 22:27:39",41.4788,8.1,35.2,51.0,992.8
2651,"2026-04-27 22:32:39",41.4751,7.6,35.2,50.0,992.8
2652,"2026-04-27 22:37:39",41.4702,7.1,35.1,50.0,992.9
2653,"2026-04-27 22:42:39",41.4662,7.3,35.2,50.0,992.8
2654,"2026-04-27 22:47:39",41.4611,6.8,35.2,55.0,992.9
2655,"2026-04-27 22:52:39",41.4556,6.5,35.1,48.0,992.9
2656,"2026-04-27 22:57:39",41.4527,6.2,35.1,52.0,992.9
2657,"2026-04-27 23:02:39",41.4501,5.8,35.1,50.0,992.9
2658,"2026-04-27 23:07:39",41.4455,5.6,35.1,51.0,992.9
2659,"2026-04-27 23:12:39",41.4433,5.4,35.2,48.0,992.9
2660,"2026-04-27 23:17:39",41.4397,5.1,35.1,48.0,992.9
2661,"2026-04-27 23:22:39",41.4372,4.9,35.1,45.0,992.9
2662,"2026-04-27 23:27:39",41.4342,4.6,35.0,49.0,992.9
2663,"2026-04-27 23:32:39",41.4324,4.5,35.1,48.0,992.9
2664,"2026-04-27 23:37:39",41.4304,4.5,35.2,48.0,992.8
2665,"2026-04-27 23:42:39",41.4291,4.3,35.1,48.0,992.8
2666,"2026-04-27 23:47:39",41.4278,4.3,35.1,48.0,992.8
2667,"2026-04-27 23:52:39",41.4266,4.3,35.1,53.0,992.9
2668,"2026-04-27 23:57:39",41.4259,4.1,35.2,55.0,992.8
2669,"2026-04-28 00:02:39",41.4229,3.7,35.2,52.0,992.8
2670,"2026-04-28 00:07:39",41.4218,3.6,35.2,55.0,992.8
2671,"2026-04-28 00:12:39",41.4202,3.6,35.2,54.0,992.9
2672,"2026-04-28 00:17:39",41.4184,3.4,35.2,46.0,992.9
2673,"2026-04-28 00:22:39",41.4181,3.4,35.1,47.0,992.9
2674,"2026-04-28 00:27:39",41.418,3.2,35.1,55.0,992.9
2675,"2026-04-28 00:32:39",41.4158,3.2,35.1,50.0,992.9
2676,"2026-04-28 00:37:39",41.414,3.0,35.1,50.0,992.9
2677,"2026-04-28 00:42:39",41.4124,2.8,35.1,56.0,993.0
2678,"2026-04-28 00:47:39",41.4105,2.6,35.1,49.0,993.0
2679,"2026-04-28 00:52:39",41.4075,2.4,35.1,52.0,993.1
2680,"2026-04-28 00:57:39",41.4068,2.2,35.0,46.0,993.0
2681,"2026-04-28 01:02:39",41.4034,2.4,35.0,44.0,993.1
2682,"2026-04-28 01:07:39",41.4035,2.2,35.1,49.0,993.1
2683,"2026-04-28 01:12:39",41.4007,2.2,35.0,48.0,993.1
2684,"2026-04-28 01:17:39",41.4007,2.2,35.0,49.0,993.1
2685,"2026-04-28 01:22:39",41.3987,1.9,35.0,51.0,993.1
2686,"2026-04-28 01:27:39",41.3969,1.8,35.1,56.0,993.1
2687,"2026-04-28 01:32:39",41.3948,1.6,35.0,52.0,993.1
2688,"2026-04-28 01:37:39",41.3946,1.8,35.1,50.0,993.1
2689,"2026-04-28 01:42:39",41.3927,1.3,35.0,50.0,993.2
2690,"2026-04-28 01:47:39",41.3921,1.2,35.1,59.0,993.1
2691,"2026-04-28 01:52:39",41.3902,1.6,35.1,51.0,993.1
2692,"2026-04-28 01:57:39",41.3899,1.3,35.1,56.0,993.0
2693,"2026-04-28 02:02:39",41.3877,1.3,35.1,56.0,993.0
2694,"2026-04-28 02:07:39",41.3876,1.3,35.1,51.0,993.1
2695,"2026-04-28 02:12:39",41.3865,1.0,35.1,51.0,993.1
2696,"2026-04-28 02:17:39",41.3861,0.9,35.0,52.0,993.1
2697,"2026-04-28 02:22:39",41.3849,0.8,35.0,49.0,993.1
2698,"2026-04-28 02:27:39",41.3839,0.9,35.0,50.0,993.1
2699,"2026-04-28 02:32:39",41.3827,0.6,35.2,53.0,993.2
2700,"2026-04-28 02:37:39",41.3798,0.8,35.2,55.0,993.2
2701,"2026-04-28 02:42:39",41.3808,0.7,35.1,49.0,993.3
2702,"2026-04-28 02:47:39",41.3801,0.4,35.1,53.0,993.3
2703,"2026-04-28 02:52:39",41.3779,0.3,35.0,51.0,993.3
2704,"2026-04-28 02:57:39",41.3782,0.6,35.1,51.0,993.3
2705,"2026-04-28 03:02:39",41.3776,0.8,35.1,47.0,993.2
2706,"2026-04-28 03:07:39",41.3767,0.4,35.1,54.0,993.3
2707,"2026-04-28 03:12:39",41.3767,0.1,35.2,56.0,993.2
2708,"2026-04-28 03:17:39",41.3757,-0.1,35.1,49.0,993.2
2709,"2026-04-28 03:22:39",41.3738,-0.2,35.1,53.0,993.2
2710,"2026-04-28 03:27:39",41.3728,-0.2,35.1,55.0,993.2
2711,"2026-04-28 03:32:39",41.3729,-0.2,35.2,52.0,993.2
2712,"2026-04-28 03:37:39",41.3713,-0.4,35.1,53.0,993.2
2713,"2026-04-28 03:47:39",41.3695,-0.3,35.1,52.0,993.2
2714,"2026-04-28 03:52:39",41.3693,-0.4,35.1,48.0,993.3
2715,"2026-04-28 03:57:39",41.3682,-0.7,35.1,53.0,993.3
2716,"2026-04-28 04:02:39",41.3684,-0.8,35.1,52.0,993.2
2717,"2026-04-28 04:07:39",41.367,-0.8,35.1,50.0,993.2
2718,"2026-04-28 04:12:39",41.366,-0.9,35.0,49.0,993.1
2719,"2026-04-28 04:17:39",41.3658,-1.0,35.1,51.0,993.2
2720,"2026-04-28 04:22:39",41.3649,-1.0,35.1,52.0,993.2
2721,"2026-04-28 04:27:39",41.363,-0.8,35.0,48.0,993.1
2722,"2026-04-28 04:32:39",41.3639,-0.6,35.0,52.0,993.1
2723,"2026-04-28 04:37:39",41.3627,-0.9,35.0,46.0,993.1
2724,"2026-04-28 04:42:39",41.3622,-1.0,35.1,54.0,993.1
2725,"2026-04-28 04:47:39",41.3627,-1.1,35.0,52.0,993.1
2726,"2026-04-28 04:52:39",41.3624,-1.2,35.1,54.0,993.1
2727,"2026-04-28 04:57:39",41.3621,-1.2,35.1,48.0,993.1
2728,"2026-04-28 05:02:39",41.3617,-1.2,35.0,48.0,993.1
2729,"2026-04-28 05:07:39",41.3622,-1.2,35.0,53.0,993.0
2730,"2026-04-28 05:12:39",41.361,-1.3,35.0,51.0,993.0
2731,"2026-04-28 05:17:39",41.3613,-1.3,35.0,51.0,993.1
2732,"2026-04-28 05:22:39",41.3616,-1.2,35.0,49.0,993.1
2733,"2026-04-28 05:27:39",41.3611,-1.2,35.0,51.0,993.1
2734,"2026-04-28 05:32:39",41.3614,-1.0,35.0,48.0,993.2
2735,"2026-04-28 05:37:39",41.362,-0.9,35.0,52.0,993.1
2736,"2026-04-28 05:42:39",41.3613,-1.0,35.0,49.0,993.2
2737,"2026-04-28 05:47:39",41.3623,-1.0,35.0,46.0,993.2
2738,"2026-04-28 05:52:39",41.3618,-0.8,35.0,50.0,993.3
2739,"2026-04-28 05:57:39",41.3629,-0.6,35.0,49.0,993.4
2740,"2026-04-28 06:02:39",41.3641,-0.3,35.0,50.0,993.3
2741,"2026-04-28 06:07:39",41.3646,-0.3,35.0,49.0,993.4
2742,"2026-04-28 06:12:39",41.3663,-0.2,35.0,51.0,993.4
2743,"2026-04-28 06:17:39",41.3683,0.1,35.0,51.0,993.4
2744,"2026-04-28 06:22:39",41.3702,0.7,35.0,46.0,993.4
2745,"2026-04-28 06:27:39",41.3743,0.9,35.0,48.0,993.4
2746,"2026-04-28 06:32:39",41.3763,1.1,35.0,51.0,993.4
2747,"2026-04-28 06:37:39",41.3792,1.4,35.0,54.0,993.6
2748,"2026-04-28 06:42:39",41.3818,1.7,35.0,54.0,993.6
2749,"2026-04-28 06:47:39",41.384,1.9,35.0,52.0,993.6
2750,"2026-04-28 06:52:39",41.3869,2.1,35.0,50.0,993.6
2751,"2026-04-28 06:57:39",41.3895,2.5,35.0,44.0,993.6
2752,"2026-04-28 07:02:39",41.3922,2.9,35.0,53.0,993.7
2753,"2026-04-28 07:07:39",41.3969,3.6,35.0,51.0,993.7
2754,"2026-04-28 07:12:39",41.4013,4.1,35.1,45.0,993.8
2755,"2026-04-28 07:17:39",41.409,4.4,35.1,49.0,993.8
2756,"2026-04-28 07:22:39",41.4141,4.7,35.1,51.0,993.9
2757,"2026-04-28 07:27:39",41.4193,5.1,35.1,54.0,993.8
2758,"2026-04-28 07:32:39",41.4234,5.6,35.1,45.0,993.8
2759,"2026-04-28 07:37:39",41.4289,6.2,35.2,49.0,993.8
2760,"2026-04-28 07:42:39",41.436,6.6,35.2,49.0,993.8
2761,"2026-04-28 07:47:39",41.4417,7.2,35.2,54.0,993.8
2762,"2026-04-28 07:52:39",41.4456,8.0,35.2,44.0,993.8
2763,"2026-04-28 07:57:39",41.4511,8.6,35.1,48.0,993.8
2764,"2026-04-28 08:02:39",41.4558,8.9,35.2,49.0,993.8
2765,"2026-04-28 08:07:39",41.4567,9.2,35.1,50.0,993.8
2766,"2026-04-28 08:12:39",41.4548,9.4,35.2,46.0,993.8
2767,"2026-04-28 08:17:39",41.4524,9.9,35.2,46.0,993.8
2768,"2026-04-28 08:22:39",41.452,10.3,35.2,55.0,993.8
2769,"2026-04-28 08:27:39",41.456,11.1,35.2,52.0,993.8
2770,"2026-04-28 08:32:39",41.4513,11.7,35.3,45.0,993.8
2771,"2026-04-28 08:37:39",41.4457,12.0,35.3,45.0,993.8
2772,"2026-04-28 08:42:39",41.4279,11.7,35.3,48.0,993.8
2773,"2026-04-28 08:47:39",41.3964,12.6,35.4,48.0,993.8
2774,"2026-04-28 08:52:39",41.3573,12.6,35.4,50.0,993.8
2775,"2026-04-28 08:57:39",41.3248,12.8,35.4,53.0,993.8
2776,"2026-04-28 09:02:39",41.2955,13.2,35.5,51.0,993.8
2777,"2026-04-28 09:07:39",41.2712,14.0,35.5,46.0,993.8
2778,"2026-04-28 09:12:39",41.2538,14.0,35.5,48.0,993.8
2779,"2026-04-28 09:17:39",41.235,15.2,35.6,50.0,993.9
2780,"2026-04-28 09:22:39",41.2172,15.1,35.5,49.0,993.8
2781,"2026-04-28 09:27:39",41.2073,15.4,35.6,49.0,993.9
2782,"2026-04-28 09:32:39",41.1785,14.3,35.5,41.0,993.9
2783,"2026-04-28 09:37:39",41.132,14.8,35.6,48.0,993.8
2784,"2026-04-28 09:42:39",41.0957,14.9,35.7,51.0,993.8
2785,"2026-04-28 09:47:39",41.0559,15.7,35.7,48.0,993.9
2786,"2026-04-28 09:52:39",41.0125,16.2,35.7,49.0,993.9
2787,"2026-04-28 09:57:39",40.9713,16.3,35.8,50.0,993.9
2788,"2026-04-28 10:02:39",40.9407,16.2,35.8,50.0,993.9
2789,"2026-04-28 10:07:39",40.9177,16.4,35.7,47.0,993.9
2790,"2026-04-28 10:12:39",40.9,16.9,35.7,48.0,993.9
2791,"2026-04-28 10:17:39",40.887,17.2,35.7,51.0,993.9
2792,"2026-04-28 10:22:39",40.8859,16.8,35.7,52.0,993.9
2793,"2026-04-28 10:27:39",40.8836,16.8,35.7,48.0,993.8
2794,"2026-04-28 10:32:39",40.8881,16.7,35.8,57.0,993.9
2795,"2026-04-28 10:37:39",40.8982,16.2,35.8,47.0,993.9
2796,"2026-04-28 10:42:39",40.9094,15.9,35.8,42.0,993.9
2797,"2026-04-28 10:47:39",40.9069,16.1,35.8,49.0,994.0
2798,"2026-04-28 10:52:39",40.9116,17.0,35.8,52.0,993.9
2799,"2026-04-28 10:57:39",40.9168,17.3,35.8,51.0,994.0
2800,"2026-04-28 11:02:39",40.9355,17.8,35.8,55.0,994.0
2801,"2026-04-28 11:07:39",40.9373,17.4,35.8,49.0,993.9
2802,"2026-04-28 11:12:39",40.9482,17.1,35.7,46.0,993.9
2803,"2026-04-28 11:17:39",40.9575,16.8,35.7,33.0,993.9
2804,"2026-04-28 11:22:39",40.9576,16.9,35.7,45.0,993.9
2805,"2026-04-28 11:27:39",40.9777,17.2,35.8,53.0,993.9
2806,"2026-04-28 11:32:39",40.985,17.7,35.7,50.0,993.8
2807,"2026-04-28 11:37:39",40.9955,18.2,35.8,45.0,993.8
2808,"2026-04-28 11:42:39",41.0062,16.8,35.7,37.0,993.7
2809,"2026-04-28 11:47:39",41.0125,16.8,35.7,36.0,993.7
2810,"2026-04-28 11:52:39",41.0144,17.1,35.7,49.0,993.7
2811,"2026-04-28 11:57:39",41.0401,17.8,35.6,39.0,993.7
2812,"2026-04-28 12:02:39",41.0593,18.0,35.7,47.0,993.6
2813,"2026-04-28 12:07:39",41.0747,18.1,35.7,40.0,993.5
2814,"2026-04-28 12:12:39",41.0844,17.4,35.8,55.0,993.5
2815,"2026-04-28 12:17:39",41.0914,17.5,35.7,51.0,993.5
2816,"2026-04-28 12:22:39",41.1016,17.7,35.7,45.0,993.4
2817,"2026-04-28 12:27:39",41.1127,17.6,35.7,40.0,993.5
2818,"2026-04-28 12:32:39",41.1311,16.9,35.6,45.0,993.5
2819,"2026-04-28 12:37:39",41.1441,17.3,35.5,48.0,993.4
2820,"2026-04-28 12:42:39",41.1424,17.6,35.6,48.0,993.4
2821,"2026-04-28 12:47:39",41.1743,17.6,35.6,47.0,993.5
2822,"2026-04-28 12:52:39",41.1799,17.5,35.5,53.0,993.5
2823,"2026-04-28 12:57:39",41.1925,17.3,35.5,55.0,993.5
2824,"2026-04-28 13:02:39",41.1942,17.8,35.4,33.0,993.4
2825,"2026-04-28 13:07:39",41.2153,17.1,35.4,44.0,993.4
2826,"2026-04-28 13:12:39",41.2298,17.6,35.4,49.0,993.5
2827,"2026-04-28 13:17:39",41.2453,17.5,35.3,27.0,993.5
2828,"2026-04-28 13:22:39",41.2626,17.2,35.4,39.0,993.4
2829,"2026-04-28 13:27:39",41.2581,17.5,35.3,52.0,993.5
2830,"2026-04-28 13:32:39",41.2683,17.1,35.2,44.0,993.5
2831,"2026-04-28 13:37:39",41.2825,17.7,35.3,51.0,993.4
2832,"2026-04-28 13:42:39",41.2882,18.0,35.3,54.0,993.5
2833,"2026-04-28 13:47:39",41.3008,17.2,35.3,47.0,993.4
2834,"2026-04-28 13:52:39",41.3201,17.2,35.2,49.0,993.4
2835,"2026-04-28 13:57:39",41.3305,17.8,35.2,33.0,993.3
2836,"2026-04-28 14:02:39",41.3307,17.8,35.3,56.0,993.4
2837,"2026-04-28 14:07:39",41.3377,17.8,35.3,46.0,993.3
2838,"2026-04-28 14:12:39",41.3466,17.6,35.2,45.0,993.4
2839,"2026-04-28 14:17:39",41.3637,17.9,35.2,49.0,993.3
2840,"2026-04-28 14:22:39",41.3732,18.1,35.2,46.0,993.2
2841,"2026-04-28 14:27:39",41.3894,17.9,35.2,28.0,993.2
2842,"2026-04-28 14:32:39",41.4042,18.1,35.3,56.0,993.2
2843,"2026-04-28 14:37:39",41.4055,18.1,35.3,49.0,993.2
2844,"2026-04-28 14:42:39",41.4282,18.1,35.3,51.0,993.2
2845,"2026-04-28 14:47:39",41.4431,18.6,35.3,50.0,993.2
2846,"2026-04-28 14:52:39",41.4596,17.6,35.3,48.0,993.2
2847,"2026-04-28 14:57:39",41.4695,18.4,35.3,44.0,993.2
2848,"2026-04-28 15:02:39",41.4781,17.8,35.3,37.0,993.1
2849,"2026-04-28 15:07:39",41.4887,17.9,35.3,46.0,993.1
2850,"2026-04-28 15:12:39",41.5005,17.9,35.2,45.0,993.1
2851,"2026-04-28 15:17:39",41.5212,17.6,35.2,41.0,993.1
2852,"2026-04-28 15:22:39",41.5404,17.6,35.1,34.0,993.1
2853,"2026-04-28 15:27:39",41.5452,18.0,35.2,49.0,993.1
2854,"2026-04-28 15:32:39",41.5418,18.1,35.1,30.0,993.1
2855,"2026-04-28 15:37:39",41.5682,18.2,35.2,37.0,993.1
2856,"2026-04-28 15:42:39",41.5851,18.2,35.2,51.0,993.1
2857,"2026-04-28 15:47:39",41.5985,18.2,35.2,38.0,993.1
2858,"2026-04-28 15:52:39",41.6232,18.6,35.2,47.0,993.0
2859,"2026-04-28 15:57:39",41.6468,18.6,35.2,45.0,993.1
2860,"2026-04-28 16:02:39",41.6609,18.1,35.2,30.0,993.0
2861,"2026-04-28 16:07:39",41.6883,18.2,35.1,31.0,992.9
2862,"2026-04-28 16:12:39",41.7013,17.9,35.2,41.0,992.9
2863,"2026-04-28 16:17:39",41.709,17.8,35.2,51.0,992.9
2864,"2026-04-28 16:22:39",41.7298,18.2,35.2,46.0,992.8
2865,"2026-04-28 16:27:39",41.7274,17.5,35.2,43.0,992.8
2866,"2026-04-28 16:32:39",41.7604,18.3,35.2,53.0,992.7
2867,"2026-04-28 16:37:39",41.7766,17.9,35.2,39.0,992.7
2868,"2026-04-28 16:42:39",41.7999,18.0,35.2,45.0,992.7
2869,"2026-04-28 16:47:39",41.8133,18.4,35.2,49.0,992.7
2870,"2026-04-28 16:52:39",41.8159,18.6,35.2,42.0,992.7
2871,"2026-04-28 16:57:39",41.8319,18.4,35.2,40.0,992.6
2872,"2026-04-28 17:02:39",41.8366,18.2,35.1,31.0,992.6
2873,"2026-04-28 17:07:39",41.83,17.4,35.2,38.0,992.6
2874,"2026-04-28 17:12:39",41.8408,17.3,35.0,30.0,992.6
2875,"2026-04-28 17:17:39",41.8501,18.1,35.1,51.0,992.6
2876,"2026-04-28 17:22:39",41.8498,17.2,35.0,31.0,992.6
2877,"2026-04-28 17:27:39",41.8815,17.6,35.0,33.0,992.7
2878,"2026-04-28 17:32:39",41.8817,16.6,35.0,27.0,992.6
2879,"2026-04-28 17:37:39",41.9022,15.5,35.0,36.0,992.6
2880,"2026-04-28 17:42:39",41.9197,15.0,35.0,39.0,992.7
2881,"2026-04-28 17:47:39",41.9175,14.6,35.0,44.0,992.7
2882,"2026-04-28 17:52:39",41.9165,15.0,35.0,45.0,992.7
2883,"2026-04-28 17:57:39",41.9084,15.5,35.0,38.0,992.6
2884,"2026-04-28 18:02:39",41.9088,15.9,35.0,31.0,992.5
2885,"2026-04-28 18:07:39",41.9095,16.1,35.1,43.0,992.6
2886,"2026-04-28 18:12:39",41.9027,15.8,35.0,36.0,992.5
2887,"2026-04-28 18:17:39",41.9024,15.4,35.1,47.0,992.5
2888,"2026-04-28 18:22:39",41.8976,15.1,35.1,42.0,992.4
2889,"2026-04-28 18:27:39",41.8929,15.2,35.0,42.0,992.5
2890,"2026-04-28 18:32:39",41.8927,14.5,35.1,45.0,992.5
2891,"2026-04-28 18:37:39",41.8877,14.0,35.1,55.0,992.6
2892,"2026-04-28 18:42:39",41.8737,13.4,35.0,35.0,992.5
2893,"2026-04-28 18:47:39",41.8681,13.0,35.0,46.0,992.5
2894,"2026-04-28 18:52:39",41.8608,12.8,35.0,48.0,992.6
2895,"2026-04-28 18:57:39",41.8439,12.6,35.0,37.0,992.6
2896,"2026-04-28 19:02:39",41.8462,12.4,35.0,52.0,992.6
2897,"2026-04-28 19:07:39",41.8415,12.2,34.9,39.0,992.6
2898,"2026-04-28 19:12:39",41.8311,12.0,34.9,32.0,992.6
2899,"2026-04-28 19:17:39",41.8278,11.7,34.9,45.0,992.6
2900,"2026-04-28 19:22:39",41.8222,11.6,34.9,38.0,992.7
2901,"2026-04-28 19:27:39",41.8153,11.6,34.9,40.0,992.7
2902,"2026-04-28 19:32:39",41.8143,11.4,34.8,42.0,992.8
2903,"2026-04-28 19:37:39",41.8053,11.2,34.8,38.0,992.8
2904,"2026-04-28 19:42:39",41.8044,11.1,34.9,58.0,992.9
2905,"2026-04-28 19:47:39",41.8002,11.1,35.0,59.0,992.9
2906,"2026-04-28 19:52:39",41.7948,10.8,34.8,45.0,993.0
2907,"2026-04-28 19:57:39",41.7901,10.6,34.9,55.0,993.1
2908,"2026-04-28 20:02:39",41.7812,10.2,34.8,47.0,993.1
2909,"2026-04-28 20:07:39",41.7797,10.0,34.9,45.0,993.2
2910,"2026-04-28 20:12:39",41.7763,9.9,34.9,49.0,993.3
2911,"2026-04-28 20:17:39",41.7682,9.6,35.0,41.0,993.3
2912,"2026-04-28 20:22:39",41.7646,9.6,34.9,44.0,993.4
2913,"2026-04-28 20:27:39",41.7531,9.9,34.9,48.0,993.4
2914,"2026-04-28 20:32:39",41.7564,9.6,35.0,52.0,993.6
2915,"2026-04-28 20:37:39",41.7535,9.2,35.0,49.0,993.6
2916,"2026-04-28 20:42:39",41.7502,8.9,35.0,49.0,993.7
2917,"2026-04-28 20:47:39",41.7473,9.1,35.0,47.0,993.7
2918,"2026-04-28 20:52:39",41.7412,8.9,35.0,47.0,993.8
2919,"2026-04-28 20:57:39",41.7389,8.8,35.0,52.0,993.9
2920,"2026-04-28 21:02:39",41.733,8.8,35.0,38.0,993.9
2921,"2026-04-28 21:07:39",41.7345,8.6,35.0,54.0,994.0
2922,"2026-04-28 21:12:39",41.7287,8.5,35.0,54.0,994.0
2923,"2026-04-28 21:17:39",41.7266,8.4,35.0,48.0,994.0
2924,"2026-04-28 21:22:39",41.7238,8.3,34.9,51.0,994.0
2925,"2026-04-28 21:27:39",41.7207,8.2,35.0,46.0,994.0
2926,"2026-04-28 21:32:39",41.7199,8.1,34.9,45.0,994.0
2927,"2026-04-28 21:37:39",41.7172,7.9,35.0,52.0,994.1
2928,"2026-04-28 21:42:39",41.7083,7.8,35.0,43.0,994.0
2929,"2026-04-28 21:47:39",41.7112,7.6,35.0,53.0,994.1
2930,"2026-04-28 21:52:39",41.7086,7.8,35.0,52.0,994.1
2931,"2026-04-28 21:57:39",41.7043,7.4,35.1,56.0,994.0
2932,"2026-04-28 22:02:39",41.6994,7.3,35.1,53.0,994.0
2933,"2026-04-28 22:07:39",41.6987,6.9,35.1,52.0,994.0
2934,"2026-04-28 22:12:39",41.6954,7.1,35.0,46.0,994.1
2935,"2026-04-28 22:17:39",41.6936,6.8,35.0,46.0,994.1
2936,"2026-04-28 22:22:39",41.6894,7.3,35.0,44.0,994.1
2937,"2026-04-28 22:27:39",41.6883,7.4,35.0,46.0,994.2
2938,"2026-04-28 22:32:39",41.6859,7.5,35.0,44.0,994.2
2939,"2026-04-28 22:37:39",41.6818,7.6,35.0,39.0,994.2
2940,"2026-04-28 22:42:39",41.6755,7.7,35.0,28.0,994.2
2941,"2026-04-28 22:47:39",41.6845,7.6,35.0,55.0,994.3
2942,"2026-04-28 22:52:39",41.683,7.4,35.1,50.0,994.2
2943,"2026-04-28 22:57:39",41.6783,7.2,35.1,50.0,994.3
2944,"2026-04-28 23:02:39",41.6719,7.2,35.0,29.0,994.2
2945,"2026-04-28 23:07:39",41.6723,7.1,35.0,43.0,994.3
2946,"2026-04-28 23:12:39",41.6721,6.7,35.0,46.0,994.3
2947,"2026-04-28 23:17:39",41.6658,6.6,35.0,47.0,994.3
2948,"2026-04-28 23:22:39",41.6625,6.6,35.0,52.0,994.4
2949,"2026-04-28 23:27:39",41.6621,6.5,35.0,46.0,994.4
2950,"2026-04-28 23:32:39",41.6592,6.3,35.0,44.0,994.4
2951,"2026-04-28 23:37:39",41.6579,6.1,35.0,48.0,994.5
2952,"2026-04-28 23:42:39",41.6547,6.2,35.0,55.0,994.5
2953,"2026-04-28 23:47:39",41.6547,6.1,35.0,49.0,994.4
2954,"2026-04-28 23:52:39",41.6484,6.1,35.0,50.0,994.4
2955,"2026-04-28 23:57:39",41.6491,5.8,35.0,59.0,994.4
2956,"2026-04-29 00:02:39",41.6483,5.7,35.0,46.0,994.4
2957,"2026-04-29 00:07:39",41.6428,5.1,35.0,49.0,994.5
2958,"2026-04-29 00:12:39",41.6373,4.4,35.1,57.0,994.6
2959,"2026-04-29 00:17:39",41.6344,3.9,35.0,48.0,994.6
2960,"2026-04-29 00:22:39",41.6305,3.7,35.0,52.0,994.7
2961,"2026-04-29 00:27:39",41.6269,3.1,35.0,49.0,994.7
2962,"2026-04-29 00:32:39",41.6213,3.0,35.0,41.0,994.8
2963,"2026-04-29 00:37:39",41.6176,3.3,35.0,47.0,994.7
2964,"2026-04-29 00:42:39",41.6145,2.9,35.1,47.0,994.8
2965,"2026-04-29 00:47:39",41.6142,4.6,35.0,48.0,994.8
2966,"2026-04-29 00:52:39",41.6179,5.1,35.0,49.0,994.7
2967,"2026-04-29 00:57:39",41.6187,4.6,35.0,46.0,994.8
2968,"2026-04-29 01:02:39",41.6173,4.8,35.1,50.0,994.8
2969,"2026-04-29 01:07:39",41.6181,4.6,35.1,47.0,994.8
2970,"2026-04-29 01:12:39",41.6164,4.7,35.1,46.0,994.8
2971,"2026-04-29 01:17:39",41.618,4.8,35.0,45.0,994.8
2972,"2026-04-29 01:22:39",41.6192,4.3,35.1,51.0,994.8
2973,"2026-04-29 01:27:39",41.6136,3.3,35.1,52.0,994.8
2974,"2026-04-29 01:32:39",41.6101,2.6,35.0,46.0,994.8
2975,"2026-04-29 01:37:39",41.6061,1.9,35.1,47.0,994.8
2976,"2026-04-29 01:42:39",41.6026,1.6,35.1,52.0,994.8
2977,"2026-04-29 01:47:39",41.5975,1.2,35.0,53.0,994.8
2978,"2026-04-29 01:52:39",41.5927,0.9,35.1,52.0,994.8
2979,"2026-04-29 01:57:39",41.5892,0.8,35.0,50.0,994.8
2980,"2026-04-29 02:02:39",41.5864,0.5,35.0,47.0,994.8
2981,"2026-04-29 02:12:39",41.5781,-0.2,35.1,49.0,994.8
2982,"2026-04-29 02:17:39",41.5752,-0.4,35.0,44.0,994.8
2983,"2026-04-29 02:22:39",41.5711,-0.6,35.1,51.0,994.9
2984,"2026-04-29 02:27:39",41.5693,-0.6,35.1,52.0,994.9
2985,"2026-04-29 02:32:39",41.5671,-0.8,35.1,56.0,994.9
2986,"2026-04-29 02:37:39",41.5648,-0.8,35.1,48.0,994.9
2987,"2026-04-29 02:42:39",41.5636,-0.9,35.1,51.0,994.9
2988,"2026-04-29 02:47:39",41.561,-0.6,35.2,55.0,994.9
2989,"2026-04-29 02:52:39",41.5591,-0.9,35.0,46.0,994.8
2990,"2026-04-29 02:57:39",41.5578,-0.8,35.0,48.0,994.8
2991,"2026-04-29 03:02:39",41.5576,-1.1,35.1,50.0,994.9
2992,"2026-04-29 03:07:39",41.5569,-1.4,35.1,46.0,994.9
2993,"2026-04-29 03:12:39",41.5556,-1.6,35.2,52.0,994.9
2994,"2026-04-29 03:17:39",41.5546,-1.8,35.2,53.0,994.9
2995,"2026-04-29 03:22:39",41.5531,-1.9,35.1,46.0,994.9
2996,"2026-04-29 03:27:39",41.5513,-1.7,35.0,46.0,994.9
2997,"2026-04-29 03:32:39",41.5498,-1.5,35.0,45.0,994.9
2998,"2026-04-29 03:37:39",41.5502,-1.8,35.0,56.0,995.0
2999,"2026-04-29 03:42:39",41.5482,-1.9,35.0,51.0,995.0
3000,"2026-04-29 03:47:39",41.5478,-2.1,35.1,50.0,995.0
3001,"2026-04-29 03:52:39",41.5463,-2.1,35.1,52.0,995.1
3002,"2026-04-29 03:57:39",41.5454,-2.0,35.1,57.0,995.1
3003,"2026-04-29 04:02:39",41.5438,-2.1,35.1,52.0,995.1
3004,"2026-04-29 04:07:39",41.543,-2.0,35.1,51.0,995.1
3005,"2026-04-29 04:12:39",41.5424,-2.1,35.1,49.0,995.0
3006,"2026-04-29 04:17:39",41.5429,-2.3,35.1,47.0,995.1
3007,"2026-04-29 04:22:39",41.5413,-2.5,35.1,45.0,995.1
3008,"2026-04-29 04:27:39",41.5403,-2.6,35.0,55.0,995.2
3009,"2026-04-29 04:32:39",41.5404,-2.6,35.0,47.0,995.1
3010,"2026-04-29 04:37:39",41.5388,-2.3,35.0,47.0,995.1
3011,"2026-04-29 04:42:39",41.5384,-2.6,35.0,51.0,995.1
3012,"2026-04-29 04:47:39",41.5374,-2.4,35.0,49.0,995.2
3013,"2026-04-29 04:52:39",41.5375,-2.3,35.0,45.0,995.3
3014,"2026-04-29 04:57:39",41.5364,-2.7,35.0,49.0,995.4
3015,"2026-04-29 05:02:39",41.536,-2.8,35.0,52.0,995.4
3016,"2026-04-29 05:07:39",41.5356,-2.6,35.0,50.0,995.4
3017,"2026-04-29 05:12:39",41.5338,-2.9,35.0,54.0,995.4
3018,"2026-04-29 05:17:39",41.534,-2.8,35.1,57.0,995.4
3019,"2026-04-29 05:22:39",41.5335,-2.9,35.0,51.0,995.4
3020,"2026-04-29 05:27:39",41.5331,-2.9,35.0,46.0,995.5
3021,"2026-04-29 05:32:39",41.5317,-2.9,35.0,50.0,995.5
3022,"2026-04-29 05:37:39",41.5311,-2.8,35.0,48.0,995.5
3023,"2026-04-29 05:42:39",41.531,-2.8,35.0,47.0,995.5
3024,"2026-04-29 05:47:39",41.5305,-2.9,35.0,48.0,995.6
3025,"2026-04-29 05:52:39",41.5302,-3.1,35.0,45.0,995.5
3026,"2026-04-29 05:57:39",41.53,-3.0,35.0,50.0,995.6
3027,"2026-04-29 06:02:39",41.5291,-2.9,35.0,55.0,995.6
3028,"2026-04-29 06:07:39",41.5286,-2.7,35.1,54.0,995.8
3029,"2026-04-29 06:12:39",41.5328,-2.4,35.1,52.0,995.8
3030,"2026-04-29 06:17:39",41.5356,-2.1,35.0,53.0,995.8
3031,"2026-04-29 06:22:39",41.5402,-1.5,35.0,48.0,995.8
3032,"2026-04-29 06:27:39",41.5429,-0.9,35.0,52.0,995.8
3033,"2026-04-29 06:32:39",41.5454,-0.4,35.0,43.0,995.8
3034,"2026-04-29 06:37:39",41.5485,0.0,35.0,53.0,995.9
3035,"2026-04-29 06:42:39",41.5517,0.2,35.1,47.0,995.9
3036,"2026-04-29 06:47:39",41.5546,0.4,35.1,55.0,995.9
3037,"2026-04-29 06:52:39",41.5567,0.8,35.1,53.0,996.0
3038,"2026-04-29 06:57:39",41.5613,1.3,35.0,46.0,996.0
3039,"2026-04-29 07:02:39",41.5641,1.4,35.0,47.0,996.1
3040,"2026-04-29 07:07:39",41.5667,2.1,35.0,46.0,996.1
3041,"2026-04-29 07:12:38",41.5676,2.2,35.0,51.0,996.1
3042,"2026-04-29 07:17:39",41.5711,2.9,35.0,45.0,996.1
3043,"2026-04-29 07:22:39",41.5723,3.6,35.1,55.0,996.2
3044,"2026-04-29 07:27:39",41.5768,3.9,35.2,53.0,996.2
3045,"2026-04-29 07:32:39",41.5801,4.1,35.2,50.0,996.2
3046,"2026-04-29 07:37:39",41.5821,4.8,35.1,50.0,996.2
3047,"2026-04-29 07:42:38",41.5833,5.1,35.1,45.0,996.3
3048,"2026-04-29 07:47:38",41.5877,5.9,35.1,48.0,996.3
3049,"2026-04-29 07:52:39",41.5903,6.1,35.2,49.0,996.3
3050,"2026-04-29 07:57:39",41.5915,6.4,35.2,45.0,996.3
3051,"2026-04-29 08:02:39",41.5948,6.7,35.4,54.0,996.4
3052,"2026-04-29 08:07:39",41.5943,6.9,35.3,53.0,996.4
3053,"2026-04-29 08:12:38",41.5934,7.8,35.3,53.0,996.4
3054,"2026-04-29 08:17:39",41.5957,7.9,35.3,47.0,996.4
3055,"2026-04-29 08:22:39",41.5973,8.2,35.3,43.0,996.4
3056,"2026-04-29 08:27:38",41.5971,8.3,35.3,58.0,996.4
3057,"2026-04-29 08:32:39",41.5962,8.7,35.3,47.0,996.4
3058,"2026-04-29 08:37:39",41.5846,9.0,35.3,50.0,996.5
3059,"2026-04-29 08:42:38",41.5943,9.5,35.2,50.0,996.4
3060,"2026-04-29 08:47:39",41.5898,10.4,35.3,51.0,996.4
3061,"2026-04-29 08:52:39",41.5769,10.7,35.4,52.0,996.4
3062,"2026-04-29 08:57:39",41.562,10.6,35.4,49.0,996.4
3063,"2026-04-29 09:02:39",41.5619,11.1,35.4,51.0,996.4
3064,"2026-04-29 09:07:39",41.5547,11.9,35.5,49.0,996.4
3065,"2026-04-29 09:12:38",41.5414,12.8,35.4,44.0,996.4
3066,"2026-04-29 09:17:38",41.5235,11.9,35.5,55.0,996.4
3067,"2026-04-29 09:22:38",41.507,13.2,35.5,55.0,996.4
3068,"2026-04-29 09:27:39",41.4951,13.0,35.5,38.0,996.4
3069,"2026-04-29 09:32:38",41.4939,13.1,35.6,46.0,996.4
3070,"2026-04-29 09:37:39",41.4945,13.4,35.6,46.0,996.4
3071,"2026-04-29 09:42:38",41.4802,13.9,35.6,48.0,996.5
3072,"2026-04-29 09:47:38",41.4642,13.1,35.6,48.0,996.4
3073,"2026-04-29 09:52:39",41.4258,13.3,35.6,45.0,996.5
3074,"2026-04-29 09:57:38",41.419,13.2,35.6,47.0,996.5
3075,"2026-04-29 10:02:38",41.3823,12.6,35.6,50.0,996.5
3076,"2026-04-29 10:07:39",41.3558,14.1,35.6,54.0,996.6
3077,"2026-04-29 10:12:38",41.2963,14.4,35.6,50.0,996.6
3078,"2026-04-29 10:17:38",41.2564,14.5,35.6,47.0,996.5
3079,"2026-04-29 10:22:38",41.2054,14.1,35.7,43.0,996.5
3080,"2026-04-29 10:27:38",41.1872,12.9,35.5,43.0,996.6
3081,"2026-04-29 10:32:38",41.1813,13.9,35.6,47.0,996.6
3082,"2026-04-29 10:37:39",41.1776,13.9,35.7,43.0,996.7
3083,"2026-04-29 10:42:39",41.1737,13.2,35.6,47.0,996.7
3084,"2026-04-29 10:47:39",41.1759,12.9,35.5,24.0,996.6
3085,"2026-04-29 10:52:38",41.1771,13.2,35.5,44.0,996.6
3086,"2026-04-29 10:57:39",41.1712,13.2,35.5,37.0,996.6
3087,"2026-04-29 11:02:38",41.168,12.9,35.5,48.0,996.7
3088,"2026-04-29 11:07:39",41.1629,13.5,35.4,43.0,996.7
3089,"2026-04-29 11:12:39",41.1996,14.1,35.4,48.0,996.8
3090,"2026-04-29 11:17:38",41.1948,14.8,35.6,48.0,996.7
3091,"2026-04-29 11:22:38",41.1927,14.8,35.6,51.0,996.7
3092,"2026-04-29 11:27:39",41.1815,14.6,35.5,47.0,996.6
3093,"2026-04-29 11:32:38",41.1804,14.3,35.6,55.0,996.7
3094,"2026-04-29 11:37:38",41.1566,14.2,35.6,50.0,996.6
3095,"2026-04-29 11:42:38",41.1372,14.4,35.5,39.0,996.7
3096,"2026-04-29 11:47:38",41.1324,13.7,35.5,48.0,996.7
3097,"2026-04-29 11:52:38",41.119,14.9,35.5,54.0,996.7
3098,"2026-04-29 11:57:38",41.1037,13.7,35.5,43.0,996.7
3099,"2026-04-29 12:02:38",41.1307,14.1,35.5,30.0,996.7
3100,"2026-04-29 12:07:38",41.1663,13.6,35.4,38.0,996.7
3101,"2026-04-29 12:12:38",41.1714,14.6,35.5,45.0,996.7
3102,"2026-04-29 12:17:38",41.1861,14.9,35.4,41.0,996.8
3103,"2026-04-29 12:22:38",41.1864,13.9,35.4,40.0,996.8
3104,"2026-04-29 12:27:38",41.2343,13.4,35.4,31.0,996.8
3105,"2026-04-29 12:32:38",41.386,13.5,35.4,42.0,996.8
3106,"2026-04-29 12:37:38",41.3746,13.4,35.4,44.0,996.8
3107,"2026-04-29 12:42:38",41.3973,14.7,35.5,44.0,996.7
3108,"2026-04-29 12:47:38",41.3761,14.6,35.3,19.0,996.5
3109,"2026-04-29 12:52:38",41.3806,13.7,35.5,43.0,996.7
3110,"2026-04-29 12:57:38",41.4699,12.6,35.4,25.0,996.6
3111,"2026-04-29 13:02:38",41.537,12.9,35.3,23.0,996.6
3112,"2026-04-29 13:07:38",41.5504,12.8,35.3,40.0,996.5
3113,"2026-04-29 13:12:38",41.544,13.6,35.3,42.0,996.5
3114,"2026-04-29 13:17:38",41.5172,13.8,35.3,50.0,996.5
3115,"2026-04-29 13:22:38",41.4955,12.4,35.2,28.0,996.5
3116,"2026-04-29 13:27:38",41.5775,12.9,35.2,41.0,996.5
3117,"2026-04-29 13:32:38",41.589,13.4,35.1,40.0,996.5
3118,"2026-04-29 13:37:38",41.5828,14.2,35.2,41.0,996.5
3119,"2026-04-29 13:42:38",41.6278,13.1,35.2,34.0,996.5
3120,"2026-04-29 13:47:38",41.6327,12.9,35.1,17.0,996.5
3121,"2026-04-29 13:52:38",41.631,13.6,35.1,40.0,996.5
3122,"2026-04-29 13:57:38",41.6268,14.1,35.2,41.0,996.5
3123,"2026-04-29 14:02:38",41.5952,14.0,35.3,51.0,996.4
3124,"2026-04-29 14:07:38",41.5597,13.9,35.2,18.0,996.4
3125,"2026-04-29 14:12:39",41.6043,12.4,35.2,41.0,996.6
3126,"2026-04-29 14:17:38",41.7018,13.3,35.2,25.0,996.4
3127,"2026-04-29 14:22:38",41.7081,13.8,35.2,40.0,996.4
3128,"2026-04-29 14:27:38",41.7205,13.9,35.2,23.0,996.3
3129,"2026-04-29 14:32:38",41.7245,14.0,35.2,42.0,996.5
3130,"2026-04-29 14:37:38",41.7251,13.2,35.3,47.0,996.5
3131,"2026-04-29 14:42:38",41.7594,13.1,35.3,43.0,996.5
3132,"2026-04-29 14:47:38",41.765,13.8,35.3,46.0,996.6
3133,"2026-04-29 14:52:38",41.7557,13.3,35.2,38.0,996.6
3134,"2026-04-29 14:57:38",41.7708,13.3,35.2,50.0,996.4
3135,"2026-04-29 15:02:38",41.7456,13.7,35.0,19.0,996.5
3136,"2026-04-29 15:07:38",41.7676,12.6,35.0,23.0,996.5
3137,"2026-04-29 15:12:38",41.7798,13.6,35.1,46.0,996.7
3138,"2026-04-29 15:17:38",41.7959,13.9,35.2,53.0,996.6
3139,"2026-04-29 15:22:38",41.7913,13.8,35.1,29.0,996.5
3140,"2026-04-29 15:27:38",41.8016,12.9,35.1,33.0,996.5
3141,"2026-04-29 15:32:38",41.7961,13.5,35.0,39.0,996.6
3142,"2026-04-29 15:37:38",41.791,14.1,35.0,42.0,996.6
3143,"2026-04-29 15:42:38",41.7939,14.0,35.0,54.0,996.7
3144,"2026-04-29 15:47:38",41.7943,13.6,35.0,25.0,996.6
3145,"2026-04-29 15:52:38",41.8029,13.7,35.1,55.0,996.7
3146,"2026-04-29 15:57:38",41.8033,13.6,35.1,52.0,996.7
3147,"2026-04-29 16:02:38",41.7901,12.9,34.9,25.0,996.6
3148,"2026-04-29 16:07:38",41.7982,13.0,34.8,53.0,996.8
3149,"2026-04-29 16:12:38",41.7885,13.2,34.8,46.0,996.7
3150,"2026-04-29 16:17:38",41.7851,13.4,34.8,21.0,996.6
3151,"2026-04-29 16:22:38",41.7928,13.1,34.8,30.0,996.8
3152,"2026-04-29 16:27:38",41.7859,13.4,34.9,56.0,996.7
3153,"2026-04-29 16:32:38",41.7863,13.3,34.8,42.0,996.7
3154,"2026-04-29 16:37:38",41.7827,13.4,34.8,40.0,996.6
3155,"2026-04-29 16:42:38",41.7781,13.1,34.9,55.0,996.7
3156,"2026-04-29 16:47:38",41.7781,13.7,34.8,51.0,996.5
3157,"2026-04-29 16:52:38",41.7795,13.9,34.9,46.0,996.6
3158,"2026-04-29 16:57:38",41.7561,12.9,34.8,36.0,996.6
3159,"2026-04-29 17:02:38",41.7753,13.2,34.8,53.0,996.8
3160,"2026-04-29 17:07:38",41.7608,13.8,34.8,22.0,996.7
3161,"2026-04-29 17:12:38",41.7603,13.0,34.8,34.0,996.8
3162,"2026-04-29 17:17:38",41.7609,13.4,34.7,21.0,996.7
3163,"2026-04-29 17:22:38",41.7384,12.1,34.6,43.0,996.7
3164,"2026-04-29 17:27:38",41.7524,13.1,34.6,41.0,996.8
3165,"2026-04-29 17:32:38",41.7231,12.6,34.7,47.0,996.8
3166,"2026-04-29 17:37:38",41.7217,12.4,34.4,36.0,996.7
3167,"2026-04-29 17:42:38",41.7328,12.5,34.5,58.0,996.9
3168,"2026-04-29 17:47:38",41.7139,12.4,34.8,52.0,996.7
3169,"2026-04-29 17:52:38",41.7183,12.4,34.9,52.0,996.8
3170,"2026-04-29 17:57:38",41.7191,12.6,34.8,41.0,996.9
3171,"2026-04-29 18:02:38",41.7055,11.8,34.8,36.0,996.9
3172,"2026-04-29 18:07:38",41.7061,11.2,34.7,29.0,996.9
3173,"2026-04-29 18:12:38",41.71,11.9,34.7,48.0,997.0
3174,"2026-04-29 18:17:38",41.6999,11.9,34.6,17.0,996.9
3175,"2026-04-29 18:22:38",41.7227,11.0,34.5,18.0,997.0
3176,"2026-04-29 18:27:38",41.6939,10.5,34.5,36.0,997.0
3177,"2026-04-29 18:32:38",41.6931,10.3,34.7,55.0,997.1
3178,"2026-04-29 18:37:39",41.678,9.8,34.8,49.0,997.1
3179,"2026-04-29 18:42:38",41.6686,9.3,34.7,41.0,997.2
3180,"2026-04-29 18:47:38",41.6691,9.0,34.7,49.0,997.3
3181,"2026-04-29 18:52:38",41.6596,8.7,34.7,47.0,997.3
3182,"2026-04-29 18:57:38",41.648,8.6,34.6,40.0,997.4
3183,"2026-04-29 19:02:38",41.6501,8.4,34.5,45.0,997.3
3184,"2026-04-29 19:07:38",41.643,8.2,34.7,51.0,997.4
3185,"2026-04-29 19:12:38",41.64,8.1,34.7,41.0,997.5
3186,"2026-04-29 19:17:38",41.6279,7.9,34.7,19.0,997.6
3187,"2026-04-29 19:22:38",41.6239,7.8,34.5,18.0,997.7
3188,"2026-04-29 19:27:38",41.6169,7.7,34.5,22.0,997.7
3189,"2026-04-29 19:32:38",41.6217,7.5,34.6,35.0,997.8
3190,"2026-04-29 19:37:38",41.625,7.4,34.7,55.0,997.9
3191,"2026-04-29 19:42:38",41.6258,7.3,34.6,23.0,997.9
3192,"2026-04-29 19:47:38",41.6091,7.3,34.6,35.0,998.0
3193,"2026-04-29 19:52:38",41.6114,7.0,34.6,50.0,998.1
3194,"2026-04-29 19:57:38",41.6101,6.7,34.5,43.0,998.3
3195,"2026-04-29 20:02:38",41.6053,6.6,34.7,42.0,998.3
3196,"2026-04-29 20:07:38",41.5934,6.6,34.8,50.0,998.4
3197,"2026-04-29 20:12:38",41.6003,6.2,34.8,52.0,998.4
3198,"2026-04-29 20:17:38",41.5967,6.1,34.8,42.0,998.5
3199,"2026-04-29 20:22:38",41.5963,5.9,34.8,47.0,998.6
3200,"2026-04-29 20:27:38",41.5935,5.5,34.8,42.0,998.7
3201,"2026-04-29 20:32:38",41.5911,5.3,34.9,42.0,998.8
3202,"2026-04-29 20:37:38",41.5838,5.2,35.0,53.0,998.9
3203,"2026-04-29 20:42:38",41.5669,5.8,34.9,29.0,999.0
3204,"2026-04-29 20:47:38",41.5826,5.8,34.8,42.0,999.1
3205,"2026-04-29 20:52:38",41.5802,5.4,35.0,44.0,999.1
3206,"2026-04-29 20:57:38",41.5749,5.9,34.8,34.0,999.1
3207,"2026-04-29 21:02:38",41.5792,5.7,34.8,51.0,999.3
3208,"2026-04-29 21:07:38",41.5729,5.4,34.8,48.0,999.4
3209,"2026-04-29 21:12:38",41.575,5.2,34.9,48.0,999.4
3210,"2026-04-29 21:17:38",41.5746,5.0,34.9,45.0,999.4
3211,"2026-04-29 21:22:38",41.5696,4.8,34.9,47.0,999.5
3212,"2026-04-29 21:27:38",41.5681,4.4,35.1,55.0,999.6
3213,"2026-04-29 21:32:38",41.5634,4.7,35.1,59.0,999.6
3214,"2026-04-29 21:37:38",41.5552,4.8,34.9,42.0,999.7
3215,"2026-04-29 21:42:38",41.5594,4.6,35.0,43.0,999.8
3216,"2026-04-29 21:47:38",41.5604,4.4,35.0,47.0,999.9
3217,"2026-04-29 21:52:38",41.5591,4.2,35.0,41.0,999.9
3218,"2026-04-29 21:57:38",41.5564,3.9,35.0,48.0,999.9
3219,"2026-04-29 22:02:38",41.5519,3.8,35.0,42.0,1000.0
3220,"2026-04-29 22:07:38",41.5508,4.2,35.1,51.0,1000.1
3221,"2026-04-29 22:12:38",41.5482,4.2,35.0,40.0,1000.1
3222,"2026-04-29 22:17:38",41.5465,3.9,35.0,52.0,1000.1
3223,"2026-04-29 22:22:38",41.5445,3.9,34.9,48.0,1000.2
3224,"2026-04-29 22:27:38",41.5431,3.8,34.9,41.0,1000.2
3225,"2026-04-29 22:32:38",41.5452,3.6,35.0,44.0,1000.2
3226,"2026-04-29 22:37:38",41.542,2.9,35.0,50.0,1000.3
3227,"2026-04-29 22:42:38",41.5376,2.9,35.0,48.0,1000.3
3228,"2026-04-29 22:47:38",41.5376,3.4,35.1,51.0,1000.4
3229,"2026-04-29 22:52:38",41.5339,2.7,35.1,55.0,1000.4
3230,"2026-04-29 22:57:38",41.5313,2.1,35.1,50.0,1000.4
3231,"2026-04-29 23:02:38",41.5287,2.1,35.1,53.0,1000.4
3232,"2026-04-29 23:07:38",41.5248,1.7,35.0,44.0,1000.4
3233,"2026-04-29 23:12:38",41.5211,1.4,35.1,55.0,1000.4
3234,"2026-04-29 23:17:38",41.5183,1.3,35.1,51.0,1000.5
3235,"2026-04-29 23:22:38",41.5128,1.2,35.0,58.0,1000.5
3236,"2026-04-29 23:27:38",41.5133,1.1,35.1,50.0,1000.6
3237,"2026-04-29 23:32:38",41.511,0.7,35.0,48.0,1000.6
3238,"2026-04-29 23:37:38",41.5068,0.2,35.1,50.0,1000.6
3239,"2026-04-29 23:42:38",41.5068,0.4,35.0,45.0,1000.6
3240,"2026-04-29 23:47:38",41.5049,0.4,35.1,59.0,1000.6
3241,"2026-04-29 23:52:38",41.5029,0.9,35.1,53.0,1000.6
3242,"2026-04-29 23:57:38",41.5053,1.0,35.2,50.0,1000.7
3243,"2026-04-30 00:02:38",41.506,1.0,35.2,50.0,1000.7
3244,"2026-04-30 00:07:38",41.5058,0.9,35.2,61.0,1000.7
3245,"2026-04-30 00:12:38",41.506,1.1,35.1,48.0,1000.7
3246,"2026-04-30 00:17:38",41.4991,1.1,35.1,56.0,1000.7
3247,"2026-04-30 00:22:38",41.5048,1.6,35.1,49.0,1000.8
3248,"2026-04-30 00:27:38",41.5093,2.0,35.0,50.0,1000.8
3249,"2026-04-30 00:32:38",41.5093,2.6,34.9,46.0,1000.8
3250,"2026-04-30 00:37:38",41.5106,1.9,35.1,56.0,1000.9
3251,"2026-04-30 00:42:38",41.5129,1.6,35.1,47.0,1000.9
3252,"2026-04-30 00:47:38",41.5098,1.1,35.1,50.0,1001.0
3253,"2026-04-30 00:52:38",41.5052,0.4,35.1,53.0,1001.0
3254,"2026-04-30 00:57:38",41.502,0.4,35.1,50.0,1001.1
3255,"2026-04-30 01:02:38",41.497,-0.2,35.0,44.0,1001.1
3256,"2026-04-30 01:07:38",41.4942,-0.5,35.0,49.0,1001.2
3257,"2026-04-30 01:12:38",41.4898,-0.7,35.1,54.0,1001.2
3258,"2026-04-30 01:17:38",41.4847,-0.8,35.0,49.0,1001.1
3259,"2026-04-30 01:22:38",41.4838,-0.9,35.1,49.0,1001.1
3260,"2026-04-30 01:27:38",41.4815,-1.2,35.2,52.0,1001.2
3261,"2026-04-30 01:32:38",41.4789,-1.4,35.1,49.0,1001.1
3262,"2026-04-30 01:37:38",41.4754,-1.4,35.1,52.0,1001.2
3263,"2026-04-30 01:42:38",41.4749,-1.5,35.0,50.0,1001.2
3264,"2026-04-30 01:47:38",41.4733,-1.4,35.0,54.0,1001.2
3265,"2026-04-30 01:52:38",41.4715,-1.1,35.1,54.0,1001.3
3266,"2026-04-30 01:57:38",41.4719,-1.6,35.0,50.0,1001.2
3267,"2026-04-30 02:02:38",41.4699,-1.6,35.0,49.0,1001.3
3268,"2026-04-30 02:07:38",41.4671,-1.8,35.0,45.0,1001.3
3269,"2026-04-30 02:12:38",41.4664,-1.8,35.0,48.0,1001.4
3270,"2026-04-30 02:17:38",41.4658,-1.9,35.0,53.0,1001.4
3271,"2026-04-30 02:22:38",41.465,-2.1,34.9,47.0,1001.3
3272,"2026-04-30 02:27:38",41.4636,-2.5,35.0,53.0,1001.4
3273,"2026-04-30 02:32:38",41.4624,-2.6,35.0,55.0,1001.4
3274,"2026-04-30 02:37:38",41.4609,-2.7,35.0,57.0,1001.4
3275,"2026-04-30 02:42:38",41.4605,-2.8,35.1,61.0,1001.4
3276,"2026-04-30 02:47:38",41.4584,-2.9,35.0,49.0,1001.4
3277,"2026-04-30 02:52:38",41.4576,-2.9,35.1,51.0,1001.3
3278,"2026-04-30 02:57:38",41.4556,-2.9,35.0,51.0,1001.4
3279,"2026-04-30 03:02:38",41.4552,-3.0,35.0,52.0,1001.5
3280,"2026-04-30 03:07:38",41.4542,-3.1,35.0,56.0,1001.5
3281,"2026-04-30 03:12:38",41.4534,-3.4,34.9,51.0,1001.5
3282,"2026-04-30 03:17:38",41.4519,-3.1,34.9,48.0,1001.6
3283,"2026-04-30 03:22:38",41.451,-3.2,35.0,57.0,1001.8
3284,"2026-04-30 03:27:38",41.4502,-3.6,34.9,46.0,1001.7
3285,"2026-04-30 03:32:38",41.4495,-3.8,35.0,61.0,1001.8
3286,"2026-04-30 03:37:38",41.4464,-3.8,35.0,53.0,1001.8
3287,"2026-04-30 03:42:38",41.4475,-3.6,35.1,52.0,1001.8
3288,"2026-04-30 03:47:38",41.4464,-3.8,35.0,49.0,1001.9
3289,"2026-04-30 03:52:38",41.445,-3.8,34.9,53.0,1001.9
3290,"2026-04-30 03:57:38",41.4455,-3.9,34.9,50.0,1001.8
3291,"2026-04-30 04:02:38",41.4451,-3.6,35.0,58.0,1001.8
3292,"2026-04-30 04:07:38",41.4456,-3.8,35.0,53.0,1001.8
3293,"2026-04-30 04:12:38",41.4442,-4.1,35.1,51.0,1001.8
3294,"2026-04-30 04:17:38",41.4436,-4.3,35.1,54.0,1001.8
3295,"2026-04-30 04:22:38",41.443,-4.3,35.0,55.0,1001.8
3296,"2026-04-30 04:27:38",41.4419,-4.4,35.0,54.0,1001.7
3297,"2026-04-30 04:32:38",41.4421,-4.3,35.0,54.0,1001.7
3298,"2026-04-30 04:37:38",41.4412,-4.2,35.0,58.0,1001.8
3299,"2026-04-30 04:42:38",41.4408,-4.4,35.1,49.0,1001.8
3300,"2026-04-30 04:47:38",41.4389,-4.4,35.0,53.0,1001.9
3301,"2026-04-30 04:52:38",41.4397,-4.4,35.0,55.0,1001.8
3302,"2026-04-30 04:57:38",41.4394,-4.3,35.0,52.0,1001.8
3303,"2026-04-30 05:02:38",41.4391,-4.2,35.1,56.0,1001.9
3304,"2026-04-30 05:07:38",41.4399,-4.1,35.1,54.0,1001.9
3305,"2026-04-30 05:12:38",41.4408,-4.1,35.0,53.0,1001.9
3306,"2026-04-30 05:17:38",41.4386,-4.1,35.0,49.0,1001.9
3307,"2026-04-30 05:22:38",41.4414,-3.9,35.0,47.0,1002.0
3308,"2026-04-30 05:27:38",41.4404,-4.4,35.0,52.0,1002.0
3309,"2026-04-30 05:32:38",41.4395,-4.6,35.0,52.0,1002.1
3310,"2026-04-30 05:37:38",41.4381,-4.5,35.0,52.0,1002.2
3311,"2026-04-30 05:42:38",41.4391,-4.5,35.0,58.0,1002.2
3312,"2026-04-30 05:47:38",41.439,-4.6,35.0,51.0,1002.2
3313,"2026-04-30 05:52:38",41.4391,-4.6,35.0,52.0,1002.2
3314,"2026-04-30 05:57:38",41.4385,-4.6,35.1,55.0,1002.2
3315,"2026-04-30 06:02:38",41.4374,-4.1,35.1,56.0,1002.3
3316,"2026-04-30 06:07:38",41.4411,-3.9,35.0,51.0,1002.3
3317,"2026-04-30 06:12:38",41.4441,-3.3,34.9,55.0,1002.4
3318,"2026-04-30 06:17:38",41.4492,-3.1,34.9,53.0,1002.4
3319,"2026-04-30 06:22:38",41.4555,-2.7,34.9,57.0,1002.3
3320,"2026-04-30 06:27:38",41.4537,-2.1,35.0,59.0,1002.3
3321,"2026-04-30 06:32:38",41.4576,-1.6,34.9,54.0,1002.3
3322,"2026-04-30 06:37:38",41.4623,-0.9,35.0,52.0,1002.3
3323,"2026-04-30 06:42:38",41.4657,-0.6,34.9,56.0,1002.4
3324,"2026-04-30 06:47:38",41.4726,-0.5,34.9,47.0,1002.5
3325,"2026-04-30 06:52:38",41.4736,-0.2,35.0,49.0,1002.5
3326,"2026-04-30 06:57:38",41.4793,0.2,35.0,56.0,1002.6
3327,"2026-04-30 07:02:38",41.483,0.8,35.0,53.0,1002.6
3328,"2026-04-30 07:07:38",41.486,1.0,35.0,51.0,1002.5
3329,"2026-04-30 07:12:38",41.4903,1.6,35.1,52.0,1002.6
3330,"2026-04-30 07:17:38",41.4909,1.5,35.0,52.0,1002.6
3331,"2026-04-30 07:22:38",41.4907,1.9,35.1,51.0,1002.6
3332,"2026-04-30 07:27:38",41.4952,2.8,35.0,49.0,1002.6
3333,"2026-04-30 07:32:38",41.4981,2.8,35.0,54.0,1002.6
3334,"2026-04-30 07:37:38",41.5021,3.4,35.0,47.0,1002.6
3335,"2026-04-30 07:42:38",41.5032,3.8,35.0,49.0,1002.6
3336,"2026-04-30 07:47:38",41.5055,4.3,35.1,49.0,1002.6
3337,"2026-04-30 07:52:38",41.5111,4.6,35.1,53.0,1002.6
3338,"2026-04-30 07:57:38",41.5161,5.2,35.2,56.0,1002.6
3339,"2026-04-30 08:02:38",41.5217,5.4,35.1,56.0,1002.6
3340,"2026-04-30 08:07:38",41.5238,5.6,35.1,47.0,1002.7
3341,"2026-04-30 08:12:38",41.5235,5.8,35.1,46.0,1002.7
3342,"2026-04-30 08:17:38",41.5219,6.6,35.2,47.0,1002.8
3343,"2026-04-30 08:22:38",41.527,6.9,35.2,45.0,1002.7
3344,"2026-04-30 08:27:38",41.5258,7.8,35.2,46.0,1002.8
3345,"2026-04-30 08:32:38",41.5265,7.4,35.2,47.0,1002.8
3346,"2026-04-30 08:37:38",41.5289,8.5,35.2,49.0,1002.7
3347,"2026-04-30 08:42:38",41.5344,9.6,35.2,52.0,1002.7
3348,"2026-04-30 08:47:38",41.5321,9.4,35.2,48.0,1002.7
3349,"2026-04-30 08:52:38",41.5202,9.1,35.2,39.0,1002.6
3350,"2026-04-30 08:57:38",41.5352,9.6,35.3,49.0,1002.6
3351,"2026-04-30 09:02:38",41.532,9.4,35.3,49.0,1002.6
3352,"2026-04-30 09:07:38",41.5304,9.8,35.3,46.0,1002.6
3353,"2026-04-30 09:12:38",41.5305,10.3,35.4,54.0,1002.6
3354,"2026-04-30 09:17:38",41.5253,9.4,35.3,40.0,1002.5
3355,"2026-04-30 09:22:38",41.5157,10.1,35.3,48.0,1002.5
3356,"2026-04-30 09:27:38",41.5138,10.6,35.4,52.0,1002.5
3357,"2026-04-30 09:32:38",41.518,10.2,35.3,44.0,1002.4
3358,"2026-04-30 09:37:38",41.5117,10.4,35.4,51.0,1002.5
3359,"2026-04-30 09:42:38",41.5126,11.2,35.4,53.0,1002.5
3360,"2026-04-30 09:47:38",41.5046,9.8,35.4,54.0,1002.5
3361,"2026-04-30 09:52:38",41.5107,10.4,35.3,46.0,1002.4
3362,"2026-04-30 09:57:38",41.502,10.9,35.3,51.0,1002.5
3363,"2026-04-30 10:02:38",41.499,10.6,35.3,40.0,1002.5
3364,"2026-04-30 10:07:38",41.4936,10.7,35.4,43.0,1002.5
3365,"2026-04-30 10:12:38",41.489,10.9,35.5,49.0,1002.4
3366,"2026-04-30 10:17:38",41.4752,11.0,35.5,52.0,1002.4
3367,"2026-04-30 10:22:38",41.4879,10.8,35.4,48.0,1002.4
3368,"2026-04-30 10:27:38",41.4674,12.3,35.4,47.0,1002.4
3369,"2026-04-30 10:32:38",41.4363,11.5,35.5,53.0,1002.4
3370,"2026-04-30 10:37:38",41.4203,12.1,35.5,52.0,1002.4
3371,"2026-04-30 10:42:38",41.402,11.9,35.6,54.0,1002.4
3372,"2026-04-30 10:47:38",41.3975,11.4,35.6,48.0,1002.4
3373,"2026-04-30 10:52:38",41.403,11.4,35.5,41.0,1002.3
3374,"2026-04-30 10:57:38",41.3543,11.2,35.5,50.0,1002.3
3375,"2026-04-30 11:02:38",41.3338,12.2,35.5,47.0,1002.2
3376,"2026-04-30 11:07:38",41.2961,12.8,35.6,54.0,1002.3
3377,"2026-04-30 11:12:38",41.2374,12.9,35.6,49.0,1002.3
3378,"2026-04-30 11:17:38",41.2565,11.6,35.5,44.0,1002.3
3379,"2026-04-30 11:22:38",41.2216,11.8,35.5,51.0,1002.4
3380,"2026-04-30 11:27:38",41.2139,11.6,35.6,48.0,1002.3
3381,"2026-04-30 11:32:38",41.1909,11.6,35.5,55.0,1002.3
3382,"2026-04-30 11:37:38",41.1889,12.1,35.5,41.0,1002.3
3383,"2026-04-30 11:42:38",41.1627,12.2,35.6,51.0,1002.3
3384,"2026-04-30 11:47:38",41.1584,12.9,35.7,56.0,1002.3
3385,"2026-04-30 11:52:38",41.1257,13.1,35.6,53.0,1002.2
3386,"2026-04-30 11:57:38",41.1082,13.1,35.6,53.0,1002.1
3387,"2026-04-30 12:02:38",41.0835,12.2,35.5,29.0,1002.1
3388,"2026-04-30 12:07:38",41.0828,12.1,35.6,51.0,1002.1
3389,"2026-04-30 12:12:38",41.0843,13.0,35.5,48.0,1002.0
3390,"2026-04-30 12:17:38",41.1035,13.4,35.6,53.0,1002.0
3391,"2026-04-30 12:22:38",41.1195,13.6,35.6,53.0,1002.0
3392,"2026-04-30 12:27:38",41.1298,13.4,35.7,58.0,1002.1
3393,"2026-04-30 12:32:38",41.1265,13.6,35.6,49.0,1001.9
3394,"2026-04-30 12:37:38",41.1343,13.4,35.6,51.0,1001.9
3395,"2026-04-30 12:42:38",41.1583,12.9,35.5,37.0,1001.8
3396,"2026-04-30 12:47:38",41.1677,13.2,35.4,44.0,1001.8
3397,"2026-04-30 12:52:38",41.177,13.3,35.3,40.0,1001.8
3398,"2026-04-30 12:57:38",41.1753,13.0,35.2,30.0,1001.8
3399,"2026-04-30 13:02:38",41.1891,13.6,35.3,51.0,1001.7
3400,"2026-04-30 13:07:38",41.1992,12.7,35.2,50.0,1001.6
3401,"2026-04-30 13:12:38",41.2186,12.6,35.2,50.0,1001.6
3402,"2026-04-30 13:17:38",41.2061,12.9,35.1,44.0,1001.5
3403,"2026-04-30 13:22:38",41.2232,13.4,35.2,32.0,1001.6
3404,"2026-04-30 13:27:38",41.22,13.1,35.2,32.0,1001.4
3405,"2026-04-30 13:32:38",41.2066,13.2,35.0,19.0,1001.4
3406,"2026-04-30 13:37:38",41.235,14.1,35.1,47.0,1001.5
3407,"2026-04-30 13:42:38",41.2632,14.4,35.1,43.0,1001.5
3408,"2026-04-30 13:47:38",41.268,14.4,35.2,50.0,1001.4
3409,"2026-04-30 13:52:38",41.2841,14.4,35.1,46.0,1001.4
3410,"2026-04-30 13:57:38",41.3116,14.2,35.2,31.0,1001.4
3411,"2026-04-30 14:02:38",41.3187,14.4,35.2,47.0,1001.3
3412,"2026-04-30 14:07:38",41.326,14.9,35.2,48.0,1001.3
3413,"2026-04-30 14:12:38",41.3443,14.2,35.2,33.0,1001.2
3414,"2026-04-30 14:17:38",41.3543,13.8,35.2,49.0,1001.2
3415,"2026-04-30 14:22:38",41.3829,13.9,35.1,44.0,1001.2
3416,"2026-04-30 14:27:38",41.4108,14.4,35.0,36.0,1001.2
3417,"2026-04-30 14:32:38",41.4313,14.1,35.1,30.0,1001.1
3418,"2026-04-30 14:37:38",41.4376,14.1,35.1,22.0,1001.0
3419,"2026-04-30 14:42:38",41.4273,14.4,35.1,34.0,1000.9
3420,"2026-04-30 14:47:38",41.4401,14.7,35.1,27.0,1000.9
3421,"2026-04-30 14:52:38",41.4695,15.1,35.2,46.0,1000.9
3422,"2026-04-30 14:57:38",41.4975,14.3,35.1,39.0,1000.9
3423,"2026-04-30 15:02:40",41.5095,14.6,35.1,40.0,1000.7
3424,"2026-04-30 15:07:38",41.529,15.1,35.2,51.0,1000.8
3425,"2026-04-30 15:12:38",41.5562,15.1,35.1,43.0,1000.7
3426,"2026-04-30 15:17:38",41.5725,14.7,35.1,54.0,1000.7
3427,"2026-04-30 15:22:38",41.5826,14.4,35.1,36.0,1000.5
3428,"2026-04-30 15:27:38",41.6003,15.2,35.1,45.0,1000.5
3429,"2026-04-30 15:32:38",41.6297,15.9,35.2,43.0,1000.4
3430,"2026-04-30 15:37:38",41.64,15.3,35.2,29.0,1000.3
3431,"2026-04-30 15:42:38",41.6326,15.2,35.2,49.0,1000.3
3432,"2026-04-30 15:47:38",41.6452,15.3,35.2,48.0,1000.3
3433,"2026-04-30 15:52:38",41.6386,15.0,35.1,20.0,1000.2
3434,"2026-04-30 15:57:38",41.6432,15.9,35.1,31.0,1000.2
3435,"2026-04-30 16:02:38",41.6438,15.6,35.2,38.0,1000.2
3436,"2026-04-30 16:07:38",41.6512,15.8,35.2,47.0,1000.2
3437,"2026-04-30 16:12:38",41.6597,16.3,35.2,42.0,1000.2
3438,"2026-04-30 16:17:38",41.6558,15.7,35.1,35.0,1000.2
3439,"2026-04-30 16:22:38",41.6631,16.2,35.2,49.0,1000.0
3440,"2026-04-30 16:27:38",41.6585,15.9,35.3,48.0,1000.0
3441,"2026-04-30 16:32:38",41.6798,16.1,35.3,50.0,1000.0
3442,"2026-04-30 16:37:38",41.6927,15.9,35.4,49.0,999.9
3443,"2026-04-30 16:42:38",41.717,16.2,35.3,47.0,999.9
3444,"2026-04-30 16:47:38",41.7183,16.1,35.2,49.0,999.9
3445,"2026-04-30 16:52:38",41.7313,15.9,35.1,32.0,999.8
3446,"2026-04-30 16:57:38",41.7403,16.1,35.2,48.0,999.7
3447,"2026-04-30 17:02:38",41.7449,16.2,35.2,30.0,999.7
3448,"2026-04-30 17:07:38",41.7427,16.9,35.3,48.0,999.6
3449,"2026-04-30 17:12:38",41.7361,16.5,35.2,44.0,999.7
3450,"2026-04-30 17:17:38",41.7327,16.2,35.2,45.0,999.6
3451,"2026-04-30 17:22:38",41.7416,16.1,35.3,33.0,999.6
3452,"2026-04-30 17:27:38",41.7233,15.6,35.0,15.0,999.6
3453,"2026-04-30 17:32:38",41.7329,15.9,35.2,29.0,999.6
3454,"2026-04-30 17:37:38",41.7353,15.8,35.2,42.0,999.5
3455,"2026-04-30 17:42:38",41.7313,15.4,35.2,37.0,999.5
3456,"2026-04-30 17:47:38",41.7369,15.6,35.1,33.0,999.5
3457,"2026-04-30 17:52:38",41.7331,16.2,35.1,37.0,999.5
3458,"2026-04-30 17:57:38",41.7355,15.1,35.1,39.0,999.6
3459,"2026-04-30 18:02:38",41.738,15.1,35.2,37.0,999.5
3460,"2026-04-30 18:07:38",41.7301,15.2,35.2,51.0,999.5
3461,"2026-04-30 18:12:38",41.7287,14.9,35.1,36.0,999.4
3462,"2026-04-30 18:17:38",41.7293,15.3,35.2,43.0,999.4
3463,"2026-04-30 18:22:38",41.7271,15.7,35.2,45.0,999.3
3464,"2026-04-30 18:27:38",41.73,15.6,35.2,49.0,999.3
3465,"2026-04-30 18:32:38",41.7296,14.4,35.3,58.0,999.2
3466,"2026-04-30 18:37:38",41.7199,13.9,35.2,38.0,999.2
3467,"2026-04-30 18:42:38",41.7071,13.2,35.2,29.0,999.2
3468,"2026-04-30 18:47:38",41.7008,12.8,35.3,45.0,999.3
3469,"2026-04-30 18:52:38",41.697,12.3,35.2,52.0,999.4
3470,"2026-04-30 18:57:38",41.6846,12.2,35.2,44.0,999.3
3471,"2026-04-30 19:02:38",41.6816,11.9,35.2,49.0,999.4
3472,"2026-04-30 19:07:38",41.6745,11.6,35.2,48.0,999.4
3473,"2026-04-30 19:12:38",41.6682,11.5,35.3,42.0,999.3
3474,"2026-04-30 19:17:38",41.6674,11.4,35.2,43.0,999.3
3475,"2026-04-30 19:22:38",41.6621,11.3,35.2,54.0,999.3
3476,"2026-04-30 19:27:38",41.6602,11.3,35.2,42.0,999.2
3477,"2026-04-30 19:32:38",41.6561,11.1,35.2,51.0,999.2
3478,"2026-04-30 19:37:38",41.653,10.8,35.2,51.0,999.3
3479,"2026-04-30 19:42:38",41.65,10.4,35.2,47.0,999.3
3480,"2026-04-30 19:47:38",41.6449,10.1,35.2,47.0,999.3
3481,"2026-04-30 19:52:38",41.6402,9.8,35.3,55.0,999.4
3482,"2026-04-30 19:57:38",41.6357,9.1,35.3,52.0,999.3
3483,"2026-04-30 20:02:38",41.6294,8.9,35.2,38.0,999.3
3484,"2026-04-30 20:07:38",41.626,8.3,35.2,48.0,999.3
3485,"2026-04-30 20:12:38",41.6209,7.4,35.1,41.0,999.3
3486,"2026-04-30 20:17:38",41.6158,6.8,35.1,46.0,999.4
3487,"2026-04-30 20:22:38",41.6094,6.3,35.2,53.0,999.4
3488,"2026-04-30 20:27:38",41.6015,5.8,35.2,47.0,999.4
3489,"2026-04-30 20:32:38",41.5963,5.5,35.1,50.0,999.4
3490,"2026-04-30 20:37:38",41.5911,5.2,35.1,48.0,999.4
3491,"2026-04-30 20:42:38",41.5873,4.9,35.1,51.0,999.5
3492,"2026-04-30 20:47:38",41.581,4.8,35.2,56.0,999.6
3493,"2026-04-30 20:52:38",41.5763,5.1,35.2,45.0,999.6
3494,"2026-04-30 20:57:38",41.5709,4.8,35.2,58.0,999.7
3495,"2026-04-30 21:02:38",41.5706,4.4,35.1,58.0,999.8
3496,"2026-04-30 21:07:38",41.568,4.6,35.1,45.0,999.8
3497,"2026-04-30 21:12:38",41.5664,4.8,35.1,50.0,999.9
3498,"2026-04-30 21:17:38",41.5641,4.3,35.2,50.0,999.8
3499,"2026-04-30 21:22:38",41.5638,4.5,35.2,51.0,999.9
3500,"2026-04-30 21:27:38",41.5618,4.1,35.1,47.0,999.9
3501,"2026-04-30 21:32:38",41.5578,3.9,35.1,44.0,999.9
3502,"2026-04-30 21:37:38",41.5583,3.8,35.1,59.0,999.9
3503,"2026-04-30 21:42:38",41.5569,3.6,35.2,60.0,999.9
3504,"2026-04-30 21:47:38",41.5554,3.2,35.4,61.0,1000.0
3505,"2026-04-30 21:52:38",41.5532,3.1,35.3,52.0,1000.0
3506,"2026-04-30 21:57:38",41.5513,3.1,35.3,55.0,1000.0
3507,"2026-04-30 22:02:38",41.5499,3.2,35.3,50.0,1000.0
3508,"2026-04-30 22:07:38",41.5481,3.1,35.2,50.0,1000.1
3509,"2026-04-30 22:12:38",41.5461,2.9,35.2,45.0,1000.2
3510,"2026-04-30 22:17:38",41.5461,3.2,35.2,51.0,1000.2
3511,"2026-04-30 22:22:38",41.5436,2.6,35.1,49.0,1000.3
3512,"2026-04-30 22:27:38",41.5426,2.3,35.2,54.0,1000.3
3513,"2026-04-30 22:32:38",41.5406,2.2,35.2,57.0,1000.2
3514,"2026-04-30 22:37:38",41.5389,2.2,35.2,47.0,1000.2
3515,"2026-04-30 22:42:38",41.5378,2.1,35.2,49.0,1000.2
3516,"2026-04-30 22:47:38",41.5359,2.4,35.1,45.0,1000.2
3517,"2026-04-30 22:52:38",41.536,2.5,35.2,54.0,1000.3
3518,"2026-04-30 22:57:38",41.5347,2.2,35.2,47.0,1000.2
3519,"2026-04-30 23:02:38",41.5317,1.9,35.1,47.0,1000.2
3520,"2026-04-30 23:07:38",41.5312,2.0,35.2,53.0,1000.3
3521,"2026-04-30 23:12:38",41.5309,2.0,35.2,51.0,1000.2
3522,"2026-04-30 23:17:38",41.5305,1.9,35.2,55.0,1000.3
3523,"2026-04-30 23:22:38",41.5292,1.6,35.1,55.0,1000.4
3524,"2026-04-30 23:27:38",41.5284,1.4,35.1,51.0,1000.4
3525,"2026-04-30 23:32:38",41.527,1.2,35.2,52.0,1000.4
3526,"2026-04-30 23:37:38",41.5269,1.2,35.1,50.0,1000.4
3527,"2026-04-30 23:42:38",41.5256,1.4,35.2,56.0,1000.5
3528,"2026-04-30 23:47:38",41.5252,1.3,35.2,47.0,1000.5
3529,"2026-04-30 23:52:38",41.5241,1.2,35.2,50.0,1000.5
3530,"2026-04-30 23:57:38",41.5233,1.1,35.2,52.0,1000.6
3531,"2026-05-01 00:02:38",41.5216,0.9,35.2,52.0,1000.5
3532,"2026-05-01 00:07:38",41.5204,0.9,35.3,55.0,1000.5
3533,"2026-05-01 00:12:38",41.5197,1.1,35.2,48.0,1000.5
3534,"2026-05-01 00:17:38",41.5192,1.1,35.2,49.0,1000.5
3535,"2026-05-01 00:22:38",41.5187,1.0,35.2,54.0,1000.6
3536,"2026-05-01 00:27:38",41.5189,1.0,35.1,49.0,1000.6
3537,"2026-05-01 00:32:38",41.5176,0.8,35.2,52.0,1000.6
3538,"2026-05-01 00:37:38",41.5175,0.8,35.2,53.0,1000.5
3539,"2026-05-01 00:42:38",41.518,0.8,35.2,50.0,1000.5
3540,"2026-05-01 00:47:38",41.5172,0.9,35.1,51.0,1000.5
3541,"2026-05-01 00:52:38",41.5155,0.6,35.2,52.0,1000.5
3542,"2026-05-01 00:57:38",41.5154,1.1,35.2,55.0,1000.5
3543,"2026-05-01 01:02:38",41.5156,1.2,35.1,52.0,1000.4
3544,"2026-05-01 01:07:38",41.5139,0.8,35.1,51.0,1000.4
3545,"2026-05-01 01:12:38",41.5139,0.7,35.2,52.0,1000.4
3546,"2026-05-01 01:17:38",41.5113,0.8,35.2,46.0,1000.4
3547,"2026-05-01 01:22:38",41.5119,1.2,35.2,49.0,1000.4
3548,"2026-05-01 01:27:38",41.5131,1.3,35.1,45.0,1000.4
3549,"2026-05-01 01:32:38",41.5138,1.4,35.1,54.0,1000.5
3550,"2026-05-01 01:37:38",41.5145,1.4,35.1,54.0,1000.4
3551,"2026-05-01 01:42:38",41.5149,1.3,35.2,54.0,1000.4
3552,"2026-05-01 01:47:38",41.5147,1.3,35.2,51.0,1000.5
3553,"2026-05-01 01:52:38",41.5148,1.2,35.2,50.0,1000.5
3554,"2026-05-01 01:57:38",41.5162,1.2,35.2,52.0,1000.4
3555,"2026-05-01 02:02:38",41.5124,1.4,35.1,50.0,1000.3
3556,"2026-05-01 02:07:38",41.5158,1.5,35.2,48.0,1000.3
3557,"2026-05-01 02:12:38",41.516,1.6,35.2,55.0,1000.4
3558,"2026-05-01 02:17:38",41.5163,1.2,35.1,50.0,1000.4
3559,"2026-05-01 02:22:38",41.5152,1.0,35.1,48.0,1000.5
3560,"2026-05-01 02:27:38",41.5151,1.1,35.1,56.0,1000.5
3561,"2026-05-01 02:32:38",41.5146,1.1,35.1,51.0,1000.4
3562,"2026-05-01 02:37:38",41.5157,1.4,35.2,54.0,1000.5
3563,"2026-05-01 02:42:38",41.5152,1.2,35.2,53.0,1000.5
3564,"2026-05-01 02:47:38",41.5142,0.9,35.2,50.0,1000.5
3565,"2026-05-01 02:52:38",41.5139,0.9,35.2,52.0,1000.5
3566,"2026-05-01 02:57:38",41.5139,1.2,35.2,51.0,1000.5
3567,"2026-05-01 03:02:38",41.5143,1.7,35.3,53.0,1000.5
3568,"2026-05-01 03:07:38",41.5156,1.9,35.3,48.0,1000.6
3569,"2026-05-01 03:12:38",41.5172,2.1,35.3,51.0,1000.6
3570,"2026-05-01 03:17:38",41.5187,2.1,35.3,48.0,1000.6
3571,"2026-05-01 03:22:38",41.5206,2.4,35.2,52.0,1000.6
3572,"2026-05-01 03:27:38",41.5224,2.4,35.3,52.0,1000.6
3573,"2026-05-01 03:32:38",41.5244,2.5,35.3,50.0,1000.6
3574,"2026-05-01 03:37:38",41.5254,2.6,35.2,54.0,1000.5
3575,"2026-05-01 03:42:38",41.5275,2.7,35.2,51.0,1000.5
3576,"2026-05-01 03:47:38",41.5285,2.7,35.2,52.0,1000.5
3577,"2026-05-01 03:52:38",41.5302,2.7,35.2,48.0,1000.5
3578,"2026-05-01 03:57:38",41.532,2.8,35.3,55.0,1000.4
3579,"2026-05-01 04:02:38",41.533,2.8,35.3,57.0,1000.4
3580,"2026-05-01 04:07:38",41.534,2.8,35.3,53.0,1000.3
3581,"2026-05-01 04:12:38",41.5356,2.8,35.3,53.0,1000.3
3582,"2026-05-01 04:17:38",41.536,2.9,35.3,53.0,1000.2
3583,"2026-05-01 04:22:38",41.5373,2.9,35.3,52.0,1000.2
3584,"2026-05-01 04:27:38",41.5378,2.8,35.3,57.0,1000.2
3585,"2026-05-01 04:32:38",41.5387,3.0,35.4,57.0,1000.2
3586,"2026-05-01 04:37:38",41.5393,2.9,35.3,53.0,1000.3
3587,"2026-05-01 04:42:38",41.5395,2.8,35.3,51.0,1000.3
3588,"2026-05-01 04:47:38",41.5394,2.7,35.2,51.0,1000.3
3589,"2026-05-01 04:52:38",41.5396,2.6,35.2,55.0,1000.2
3590,"2026-05-01 04:57:38",41.5404,2.6,35.2,49.0,1000.2
3591,"2026-05-01 05:02:38",41.5398,2.5,35.2,53.0,1000.3
3592,"2026-05-01 05:07:38",41.5401,2.4,35.3,55.0,1000.3
3593,"2026-05-01 05:12:38",41.5406,2.4,35.3,51.0,1000.3
3594,"2026-05-01 05:17:38",41.5418,2.4,35.3,54.0,1000.3
3595,"2026-05-01 05:22:38",41.5423,2.2,35.2,52.0,1000.3
3596,"2026-05-01 05:27:38",41.5412,2.1,35.2,53.0,1000.3
3597,"2026-05-01 05:32:38",41.5414,2.1,35.3,53.0,1000.3
3598,"2026-05-01 05:37:38",41.5414,2.4,35.2,49.0,1000.3
3599,"2026-05-01 05:42:38",41.5418,2.6,35.2,48.0,1000.2
3600,"2026-05-01 05:47:38",41.5429,2.8,35.3,51.0,1000.3
3601,"2026-05-01 05:52:38",41.5425,2.7,35.2,49.0,1000.3
3602,"2026-05-01 05:57:38",41.5438,2.8,35.3,53.0,1000.2
3603,"2026-05-01 06:02:38",41.5457,3.1,35.3,55.0,1000.3
3604,"2026-05-01 06:07:38",41.5465,3.1,35.3,57.0,1000.3
3605,"2026-05-01 06:12:38",41.5478,3.2,35.3,45.0,1000.3
3606,"2026-05-01 06:17:38",41.5487,3.7,35.2,52.0,1000.4
3607,"2026-05-01 06:22:38",41.552,4.1,35.2,48.0,1000.3
3608,"2026-05-01 06:27:37",41.5545,4.4,35.2,49.0,1000.3
3609,"2026-05-01 06:32:38",41.5563,4.5,35.2,49.0,1000.3
3610,"2026-05-01 06:37:38",41.5578,4.7,35.2,47.0,1000.3
3611,"2026-05-01 06:42:38",41.5579,4.9,35.3,53.0,1000.4
3612,"2026-05-01 06:47:38",41.5595,5.2,35.3,50.0,1000.4
3613,"2026-05-01 06:52:38",41.5603,5.6,35.2,52.0,1000.4
3614,"2026-05-01 06:57:38",41.5627,6.1,35.3,55.0,1000.4
3615,"2026-05-01 07:02:38",41.5656,6.4,35.2,47.0,1000.3
3616,"2026-05-01 07:07:38",41.5677,7.0,35.2,45.0,1000.4
3617,"2026-05-01 07:12:37",41.5698,7.1,35.3,51.0,1000.4
3618,"2026-05-01 07:17:38",41.5734,7.1,35.3,50.0,1000.5
3619,"2026-05-01 07:22:38",41.5751,7.6,35.4,56.0,1000.5
3620,"2026-05-01 07:27:38",41.5772,7.8,35.3,47.0,1000.5
3621,"2026-05-01 07:32:37",41.5793,8.2,35.2,45.0,1000.5
3622,"2026-05-01 07:37:38",41.5794,8.4,35.3,47.0,1000.4
3623,"2026-05-01 07:42:38",41.5812,8.9,35.3,55.0,1000.3
3624,"2026-05-01 07:47:38",41.5817,9.2,35.3,49.0,1000.3
3625,"2026-05-01 07:52:38",41.5831,9.8,35.3,51.0,1000.4
3626,"2026-05-01 07:57:38",41.5851,9.6,35.4,48.0,1000.4
3627,"2026-05-01 08:02:37",41.5839,9.5,35.3,50.0,1000.4
3628,"2026-05-01 08:07:38",41.5832,9.9,35.3,49.0,1000.5
3629,"2026-05-01 08:12:38",41.5822,10.4,35.4,46.0,1000.4
3630,"2026-05-01 08:17:38",41.5837,10.6,35.3,45.0,1000.4
3631,"2026-05-01 08:22:38",41.5834,11.1,35.3,51.0,1000.4
3632,"2026-05-01 08:27:37",41.5839,11.1,35.3,47.0,1000.4
3633,"2026-05-01 08:32:37",41.5839,11.5,35.4,48.0,1000.4
3634,"2026-05-01 08:37:38",41.5815,11.9,35.4,50.0,1000.3
3635,"2026-05-01 08:42:37",41.582,11.8,35.4,50.0,1000.3
3636,"2026-05-01 08:47:37",41.5689,11.7,35.5,47.0,1000.3
3637,"2026-05-01 08:52:38",41.5661,12.2,35.5,53.0,1000.3
3638,"2026-05-01 08:57:38",41.5612,13.1,35.5,51.0,1000.3
3639,"2026-05-01 09:02:37",41.5343,12.9,35.4,50.0,1000.3
3640,"2026-05-01 09:07:37",41.5113,13.2,35.5,49.0,1000.4
3641,"2026-05-01 09:12:38",41.5008,13.1,35.4,49.0,1000.4
3642,"2026-05-01 09:17:38",41.5031,13.2,35.5,52.0,1000.5
3643,"2026-05-01 09:22:37",41.4743,13.6,35.6,47.0,1000.5
3644,"2026-05-01 09:27:37",41.4526,13.8,35.6,48.0,1000.6
3645,"2026-05-01 09:32:38",41.4282,13.9,35.6,55.0,1000.6
3646,"2026-05-01 09:37:38",41.4076,13.7,35.7,49.0,1000.6
3647,"2026-05-01 09:42:37",41.4019,13.5,35.7,55.0,1000.7
3648,"2026-05-01 09:47:38",41.394,13.6,35.6,50.0,1000.6
3649,"2026-05-01 09:52:37",41.3594,13.6,35.6,40.0,1000.6
3650,"2026-05-01 09:57:37",41.327,13.6,35.7,50.0,1000.6
3651,"2026-05-01 10:02:38",41.2633,13.6,35.7,57.0,1000.6
3652,"2026-05-01 10:07:37",41.2155,13.8,35.7,55.0,1000.6
3653,"2026-05-01 10:12:38",41.147,14.5,35.8,59.0,1000.5
3654,"2026-05-01 10:17:38",41.0714,15.2,35.7,54.0,1000.5
3655,"2026-05-01 10:22:38",41.0152,15.4,35.8,56.0,1000.4
3656,"2026-05-01 10:27:38",40.9926,16.3,35.8,54.0,1000.3
3657,"2026-05-01 10:32:38",40.9821,16.4,35.9,58.0,1000.3
3658,"2026-05-01 10:37:37",40.9837,16.6,35.8,57.0,1000.4
3659,"2026-05-01 10:42:38",41.0007,17.4,35.8,55.0,1000.3
3660,"2026-05-01 10:47:38",41.0167,17.9,35.9,61.0,1000.2
3661,"2026-05-01 10:52:38",41.042,17.9,35.9,52.0,1000.1
3662,"2026-05-01 10:57:38",41.0644,17.4,35.9,60.0,1000.1
3663,"2026-05-01 11:02:37",41.1013,17.4,35.8,54.0,1000.1
3664,"2026-05-01 11:07:37",41.1384,17.8,35.8,57.0,1000.1
3665,"2026-05-01 11:12:38",41.1561,17.6,35.9,56.0,1000.0
3666,"2026-05-01 11:17:38",40.7881,17.8,35.8,54.0,999.9
3667,"2026-05-01 11:22:37",40.8021,17.6,35.8,58.0,999.9
3668,"2026-05-01 11:27:37",40.8103,17.5,35.8,55.0,999.9
3669,"2026-05-01 11:32:38",40.8073,17.9,35.9,61.0,999.9
3670,"2026-05-01 11:37:38",40.8163,17.4,35.8,45.0,999.8
3671,"2026-05-01 11:42:37",40.8354,17.1,35.7,40.0,999.8
3672,"2026-05-01 11:47:37",40.8309,18.2,35.7,45.0,999.8
3673,"2026-05-01 11:52:37",40.8025,18.1,35.6,47.0,999.8
3674,"2026-05-01 11:57:38",40.7615,18.6,35.6,48.0,999.8
3675,"2026-05-01 12:02:37",40.7197,18.2,35.5,41.0,999.7
3676,"2026-05-01 12:07:38",40.6495,19.6,35.5,56.0,999.7
3677,"2026-05-01 12:12:37",40.6034,18.4,35.5,49.0,999.7
3678,"2026-05-01 12:17:37",40.6326,19.7,35.3,52.0,999.6
3679,"2026-05-01 12:22:37",40.6092,18.7,35.2,43.0,999.6
3680,"2026-05-01 12:27:37",40.6215,19.1,35.3,45.0,999.6
3681,"2026-05-01 12:32:37",40.6318,18.3,35.3,44.0,999.6
3682,"2026-05-01 12:37:38",40.6436,18.5,35.4,50.0,999.5
3683,"2026-05-01 12:42:38",40.672,18.9,35.4,49.0,999.4
3684,"2026-05-01 12:47:38",40.7069,18.8,35.5,53.0,999.5
3685,"2026-05-01 12:52:38",40.728,19.2,35.4,33.0,999.4
3686,"2026-05-01 12:57:38",40.7135,18.8,35.4,25.0,999.3
3687,"2026-05-01 13:02:37",40.7324,18.8,35.5,47.0,999.3
3688,"2026-05-01 13:07:38",40.7667,19.4,35.4,50.0,999.3
3689,"2026-05-01 13:12:37",40.7784,19.6,35.4,27.0,999.2
3690,"2026-05-01 13:17:38",40.7975,19.4,35.3,24.0,999.2
3691,"2026-05-01 13:22:38",40.8233,20.4,35.4,38.0,999.2
3692,"2026-05-01 13:27:38",40.8446,20.2,35.5,47.0,999.0
3693,"2026-05-01 13:32:37",40.8669,20.8,35.4,38.0,999.1
3694,"2026-05-01 13:37:38",40.887,21.4,35.4,46.0,999.0
3695,"2026-05-01 13:42:38",40.8985,20.9,35.4,50.0,999.0
3696,"2026-05-01 13:47:38",40.9145,20.7,35.5,49.0,998.9
3697,"2026-05-01 13:52:37",40.9256,21.7,35.5,42.0,998.8
3698,"2026-05-01 13:57:37",40.9408,20.3,35.6,45.0,998.7
3699,"2026-05-01 14:02:37",40.971,20.3,35.6,44.0,998.6
3700,"2026-05-01 14:07:37",40.9684,20.8,35.5,31.0,998.7
3701,"2026-05-01 14:12:37",40.9844,20.9,35.6,45.0,998.6
3702,"2026-05-01 14:17:38",41.0079,20.7,35.6,45.0,998.5
3703,"2026-05-01 14:22:38",41.029,20.8,35.6,51.0,998.4
3704,"2026-05-01 14:27:38",41.0778,20.1,35.6,45.0,998.3
3705,"2026-05-01 14:32:38",41.0737,20.7,35.6,40.0,998.3
3706,"2026-05-01 14:37:38",41.0928,20.3,35.6,42.0,998.2
3707,"2026-05-01 14:42:38",41.163,19.6,35.5,34.0,998.1
3708,"2026-05-01 14:47:38",41.1866,20.7,35.5,33.0,998.2
3709,"2026-05-01 14:52:38",41.2089,20.8,35.7,50.0,998.0
3710,"2026-05-01 14:57:38",41.2131,20.8,35.5,23.0,997.9
3711,"2026-05-01 15:02:38",41.2319,20.3,35.5,27.0,997.8
3712,"2026-05-01 15:07:38",41.2211,21.4,35.5,28.0,997.7
3713,"2026-05-01 15:12:38",41.2119,21.1,35.5,32.0,997.6
3714,"2026-05-01 15:17:37",41.2131,21.9,35.5,45.0,997.5
3715,"2026-05-01 15:22:38",41.2128,21.9,35.6,50.0,997.6
3716,"2026-05-01 15:27:38",41.2092,21.6,35.5,28.0,997.4
3717,"2026-05-01 15:32:38",41.2184,22.6,35.6,46.0,997.3
3718,"2026-05-01 15:37:38",41.2184,20.8,35.6,21.0,997.3
3719,"2026-05-01 15:42:38",41.2435,21.2,35.7,46.0,997.3
3720,"2026-05-01 15:47:38",41.2533,20.5,35.6,33.0,997.2
3721,"2026-05-01 15:52:38",41.2718,20.8,35.7,49.0,997.2
3722,"2026-05-01 15:57:38",41.2901,21.3,35.7,31.0,997.2
3723,"2026-05-01 16:02:38",41.3125,20.5,35.7,48.0,997.2
3724,"2026-05-01 16:07:38",41.3203,20.8,35.6,35.0,997.0
3725,"2026-05-01 16:12:38",41.3428,21.3,35.7,50.0,997.1
3726,"2026-05-01 16:17:38",41.3461,21.3,35.7,43.0,997.1
3727,"2026-05-01 16:22:38",41.3825,20.3,35.7,34.0,997.1
3728,"2026-05-01 16:27:38",41.4097,20.6,35.8,50.0,997.1
3729,"2026-05-01 16:32:38",41.4235,20.8,35.8,53.0,997.0
3730,"2026-05-01 16:37:38",41.4209,22.8,35.8,47.0,997.0
3731,"2026-05-01 16:42:38",41.4035,23.5,35.8,51.0,996.9
3732,"2026-05-01 16:47:38",41.4005,23.6,35.7,47.0,996.9
3733,"2026-05-01 16:52:38",41.3955,24.3,35.7,49.0,996.9
3734,"2026-05-01 16:57:38",41.3979,23.2,35.7,43.0,996.8
3735,"2026-05-01 17:02:37",41.4084,22.0,35.7,37.0,996.8
3736,"2026-05-01 17:07:38",41.4039,22.6,35.6,30.0,996.8
3737,"2026-05-01 17:12:39",41.3963,23.1,35.6,33.0,996.9
3738,"2026-05-01 17:17:38",41.4059,22.6,35.6,34.0,996.8
3739,"2026-05-01 17:22:38",41.4326,23.2,35.7,54.0,996.9
3740,"2026-05-01 17:27:38",41.4433,22.9,35.8,46.0,996.8
3741,"2026-05-01 17:32:38",41.4584,23.2,35.8,44.0,996.8
3742,"2026-05-01 17:37:38",41.4729,22.6,35.8,44.0,996.7
3743,"2026-05-01 17:42:38",41.4963,22.9,35.8,44.0,996.7
3744,"2026-05-01 17:47:38",41.5182,22.6,35.8,44.0,996.7
3745,"2026-05-01 17:52:38",41.5417,22.0,35.8,46.0,996.7
3746,"2026-05-01 17:57:38",41.5747,22.4,35.8,46.0,996.7
3747,"2026-05-01 18:02:38",41.6044,22.1,35.8,40.0,996.6
3748,"2026-05-01 18:07:37",41.622,21.9,35.7,42.0,996.6
3749,"2026-05-01 18:12:38",41.6542,22.0,35.7,41.0,996.6
3750,"2026-05-01 18:17:38",41.6768,21.6,35.7,47.0,996.6
3751,"2026-05-01 18:22:38",41.6987,21.8,35.7,42.0,996.6
3752,"2026-05-01 18:27:38",41.7258,21.6,35.7,45.0,996.6
3753,"2026-05-01 18:32:38",41.7412,20.9,35.8,46.0,996.5
3754,"2026-05-01 18:37:38",41.7635,20.4,35.7,49.0,996.5
3755,"2026-05-01 18:42:38",41.7718,19.4,35.8,45.0,996.5
3756,"2026-05-01 18:47:38",41.7933,19.1,35.7,48.0,996.5
3757,"2026-05-01 18:52:38",41.7987,18.7,35.7,40.0,996.5
3758,"2026-05-01 18:57:38",41.8021,18.2,35.7,35.0,996.5
3759,"2026-05-01 19:02:38",41.8091,18.1,35.7,48.0,996.4
3760,"2026-05-01 19:07:38",41.8142,17.9,35.7,39.0,996.5
3761,"2026-05-01 19:12:38",41.8206,17.8,35.7,36.0,996.5
3762,"2026-05-01 19:17:38",41.8375,17.6,35.6,40.0,996.4
3763,"2026-05-01 19:22:38",41.8451,17.1,35.6,40.0,996.4
3764,"2026-05-01 19:27:38",41.8552,16.6,35.6,41.0,996.5
3765,"2026-05-01 19:32:38",41.8627,16.2,35.5,45.0,996.5
3766,"2026-05-01 19:37:38",41.8705,16.1,35.5,38.0,996.5
3767,"2026-05-01 19:42:38",41.8759,15.7,35.5,39.0,996.5
3768,"2026-05-01 19:47:38",41.879,15.3,35.5,41.0,996.6
3769,"2026-05-01 19:52:38",41.8833,14.4,35.5,44.0,996.6
3770,"2026-05-01 19:57:38",41.8818,13.9,35.5,48.0,996.6
3771,"2026-05-01 20:02:38",41.8794,13.4,35.5,43.0,996.6
3772,"2026-05-01 20:07:38",42.7445,12.9,35.5,45.0,996.6
3773,"2026-05-01 20:12:38",42.7401,12.4,35.4,48.0,996.6
3774,"2026-05-01 20:17:38",42.7397,12.1,35.4,41.0,996.7
3775,"2026-05-01 20:22:38",42.7255,11.5,35.5,42.0,996.7
3776,"2026-05-01 20:27:38",42.718,11.2,35.5,43.0,996.8
3777,"2026-05-01 20:32:38",42.7133,10.9,35.5,43.0,996.8
3778,"2026-05-01 20:37:38",42.7079,10.5,35.5,44.0,996.8
3779,"2026-05-01 20:42:38",42.7018,10.2,35.4,44.0,996.9
3780,"2026-05-01 20:47:38",42.6955,9.9,35.4,48.0,996.9
3781,"2026-05-01 20:52:38",42.6902,9.5,35.4,43.0,996.9
3782,"2026-05-01 20:57:37",42.686,9.2,35.4,46.0,997.0
3783,"2026-05-01 21:02:37",42.6796,8.9,35.4,46.0,996.9
3784,"2026-05-01 21:07:38",42.6748,8.5,35.4,49.0,997.0
3785,"2026-05-01 21:12:38",42.671,8.3,35.4,50.0,997.1
3786,"2026-05-01 21:17:38",42.6658,8.3,35.4,46.0,997.1
3787,"2026-05-01 21:22:38",42.6628,8.0,35.4,47.0,997.1
3788,"2026-05-01 21:27:38",42.6583,7.8,35.4,43.0,997.1
3789,"2026-05-01 21:32:38",42.6549,7.6,35.3,46.0,997.1
3790,"2026-05-01 21:37:38",42.6525,7.4,35.3,42.0,997.1
3791,"2026-05-01 21:42:38",42.6481,7.5,35.4,45.0,997.1
3792,"2026-05-01 21:47:38",42.6436,7.1,35.3,48.0,997.2
3793,"2026-05-01 21:52:38",42.6405,7.1,35.3,45.0,997.2
3794,"2026-05-01 21:57:38",42.6374,6.6,35.3,46.0,997.2
3795,"2026-05-01 22:02:38",42.6346,6.6,35.3,42.0,997.1
3796,"2026-05-01 22:07:37",42.6324,6.4,35.4,54.0,997.2
3797,"2026-05-01 22:12:38",42.6288,6.4,35.4,45.0,997.2
3798,"2026-05-01 22:17:38",42.6263,6.3,35.4,45.0,997.2
3799,"2026-05-01 22:22:37",42.6241,6.1,35.5,46.0,997.2
3800,"2026-05-01 22:27:37",42.6221,5.9,35.4,48.0,997.2
3801,"2026-05-01 22:32:38",42.6186,5.8,35.3,56.0,997.2
3802,"2026-05-01 22:37:38",42.6153,5.8,35.4,53.0,997.3
3803,"2026-05-01 22:42:38",42.6134,5.8,35.4,47.0,997.3
3804,"2026-05-01 22:47:37",42.6094,5.5,35.2,43.0,997.3
3805,"2026-05-01 22:52:37",42.6086,5.4,35.2,47.0,997.3
3806,"2026-05-01 22:57:38",42.6055,5.1,35.3,55.0,997.3
3807,"2026-05-01 23:02:38",42.6025,5.2,35.2,41.0,997.3
3808,"2026-05-01 23:07:38",42.601,5.1,35.2,40.0,997.4
3809,"2026-05-01 23:12:37",42.599,5.1,35.3,51.0,997.3
3810,"2026-05-01 23:17:37",42.5976,5.0,35.2,45.0,997.3
3811,"2026-05-01 23:22:38",42.5961,4.8,35.2,51.0,997.4
3812,"2026-05-01 23:27:37",42.5949,4.7,35.2,41.0,997.5
3813,"2026-05-01 23:32:37",42.5934,4.6,35.2,45.0,997.5
3814,"2026-05-01 23:37:37",42.5904,4.5,35.2,43.0,997.5
3815,"2026-05-01 23:42:37",42.5871,4.4,35.2,49.0,997.5
3816,"2026-05-01 23:47:38",42.585,4.6,35.2,43.0,997.5
3817,"2026-05-01 23:52:38",42.5831,4.4,35.3,51.0,997.5
3818,"2026-05-01 23:57:38",42.5806,4.2,35.3,53.0,997.6
3819,"2026-05-02 00:02:38",42.5789,4.2,35.3,45.0,997.6
3820,"2026-05-02 00:07:37",42.5764,4.5,35.3,39.0,997.6
3821,"2026-05-02 00:12:38",42.5746,4.2,35.3,52.0,997.7
3822,"2026-05-02 00:17:37",42.5733,3.9,35.2,52.0,997.6
3823,"2026-05-02 00:22:37",42.5707,3.8,35.2,52.0,997.6
3824,"2026-05-02 00:27:37",42.5703,3.8,35.2,51.0,997.6
3825,"2026-05-02 00:32:37",42.5683,3.6,35.3,55.0,997.6
3826,"2026-05-02 00:37:37",42.5667,3.6,35.2,44.0,997.6
3827,"2026-05-02 00:42:37",42.5634,4.0,35.2,51.0,997.6
3828,"2026-05-02 00:47:37",42.5614,3.9,35.2,47.0,997.7
3829,"2026-05-02 00:52:37",42.5598,3.6,35.2,44.0,997.6
3830,"2026-05-02 00:57:37",42.5577,3.4,35.2,53.0,997.7
3831,"2026-05-02 01:02:37",42.5554,3.4,35.2,46.0,997.6
3832,"2026-05-02 01:07:37",42.5556,3.6,35.2,47.0,997.6
3833,"2026-05-02 01:12:37",42.5538,3.2,35.2,51.0,997.6
3834,"2026-05-02 01:17:38",42.5531,2.9,35.1,46.0,997.5
3835,"2026-05-02 01:22:37",42.5516,3.1,35.2,58.0,997.6
3836,"2026-05-02 01:27:37",42.5507,2.8,35.1,46.0,997.5
3837,"2026-05-02 01:32:38",42.55,2.8,35.1,51.0,997.6
3838,"2026-05-02 01:37:37",42.5494,2.8,35.1,49.0,997.6
3839,"2026-05-02 01:42:37",42.547,2.6,35.1,40.0,997.6
3840,"2026-05-02 01:47:37",42.5461,2.9,35.1,48.0,997.5
3841,"2026-05-02 01:52:37",42.545,3.0,35.1,50.0,997.6
3842,"2026-05-02 01:57:37",42.543,2.8,35.1,44.0,997.5
3843,"2026-05-02 02:02:37",42.5425,2.6,35.2,41.0,997.5
3844,"2026-05-02 02:07:37",42.5413,2.4,35.1,45.0,997.5
3845,"2026-05-02 02:12:37",42.5407,2.4,35.0,44.0,997.5
3846,"2026-05-02 02:17:37",42.5411,2.3,35.1,42.0,997.4
3847,"2026-05-02 02:27:37",42.5406,2.1,35.1,50.0,997.4
3848,"2026-05-02 02:32:37",42.5394,2.0,35.1,44.0,997.4
3849,"2026-05-02 02:37:37",42.5386,2.2,35.1,43.0,997.3
3850,"2026-05-02 02:42:37",42.5381,2.2,35.1,48.0,997.3
3851,"2026-05-02 02:47:37",42.5372,2.1,35.2,42.0,997.3
3852,"2026-05-02 02:52:37",42.5373,2.1,35.2,54.0,997.3
3853,"2026-05-02 02:57:37",42.5364,1.9,35.2,52.0,997.3
3854,"2026-05-02 03:02:37",42.536,1.7,35.2,44.0,997.3
3855,"2026-05-02 03:07:37",42.5356,1.8,35.1,43.0,997.2
3856,"2026-05-02 03:12:37",42.5345,1.8,35.2,52.0,997.3
3857,"2026-05-02 03:17:37",42.5335,1.9,35.2,52.0,997.2
3858,"2026-05-02 03:22:37",42.5329,2.2,35.3,43.0,997.2
3859,"2026-05-02 03:27:37",42.5322,2.2,35.2,50.0,997.2
3860,"2026-05-02 03:32:37",42.5301,1.7,35.3,46.0,997.2
3861,"2026-05-02 03:37:37",42.5299,1.8,35.3,52.0,997.2
3862,"2026-05-02 03:42:37",42.529,1.4,35.4,45.0,997.3
3863,"2026-05-02 03:47:37",42.5273,1.4,35.3,50.0,997.3
3864,"2026-05-02 03:52:37",42.5268,1.4,35.2,52.0,997.3
3865,"2026-05-02 03:57:37",42.5266,1.3,35.2,49.0,997.3
3866,"2026-05-02 04:02:37",42.5262,1.3,35.2,44.0,997.2
3867,"2026-05-02 04:07:37",42.5236,1.4,35.2,43.0,997.3
3868,"2026-05-02 04:12:37",42.5242,1.3,35.2,45.0,997.3
3869,"2026-05-02 04:17:37",42.522,1.5,35.3,55.0,997.4
3870,"2026-05-02 04:22:37",42.5219,1.4,35.3,47.0,997.4
3871,"2026-05-02 04:27:37",42.5218,1.5,35.3,47.0,997.3
3872,"2026-05-02 04:32:37",42.5214,1.2,35.2,52.0,997.4
3873,"2026-05-02 04:37:37",42.521,0.9,35.2,48.0,997.3
3874,"2026-05-02 04:42:37",42.5201,0.8,35.2,56.0,997.4
3875,"2026-05-02 04:47:37",42.5196,0.8,35.3,53.0,997.4
3876,"2026-05-02 04:52:37",42.5192,0.8,35.2,50.0,997.4
3877,"2026-05-02 04:57:37",42.5195,0.8,35.3,45.0,997.4
3878,"2026-05-02 05:02:37",42.5195,0.9,35.2,50.0,997.4
3879,"2026-05-02 05:07:37",42.5191,0.8,35.2,51.0,997.3
3880,"2026-05-02 05:12:37",42.5189,0.9,35.1,49.0,997.3
3881,"2026-05-02 05:17:37",42.5191,1.2,35.2,44.0,997.3
3882,"2026-05-02 05:22:37",42.519,0.9,35.3,57.0,997.3
3883,"2026-05-02 05:27:37",42.5173,0.6,35.3,45.0,997.3
3884,"2026-05-02 05:32:37",42.5173,0.5,35.2,52.0,997.3
3885,"2026-05-02 05:37:37",42.5225,0.6,35.2,46.0,997.3
3886,"2026-05-02 05:42:37",42.5157,0.7,35.2,48.0,997.4
3887,"2026-05-02 05:47:37",42.5158,0.8,35.1,42.0,997.3
3888,"2026-05-02 05:52:37",42.5154,0.7,35.2,43.0,997.3
3889,"2026-05-02 05:57:37",42.517,0.8,35.2,43.0,997.3
3890,"2026-05-02 06:02:37",42.5177,1.2,35.2,53.0,997.3
3891,"2026-05-02 06:07:37",42.5186,1.8,35.2,44.0,997.3
3892,"2026-05-02 06:12:37",42.5219,1.9,35.2,48.0,997.4
3893,"2026-05-02 06:17:37",42.5252,2.2,35.2,49.0,997.4
3894,"2026-05-02 06:22:37",42.5305,2.7,35.3,51.0,997.3
3895,"2026-05-02 06:27:37",42.5328,3.1,35.2,44.0,997.4
3896,"2026-05-02 06:32:37",42.534,3.6,35.2,49.0,997.4
3897,"2026-05-02 06:37:37",42.5385,4.3,35.3,57.0,997.5
3898,"2026-05-02 06:42:37",42.5412,4.9,35.3,48.0,997.6
3899,"2026-05-02 06:47:37",42.5476,5.1,35.3,48.0,997.6
3900,"2026-05-02 06:52:37",42.5469,5.5,35.2,44.0,997.6
3901,"2026-05-02 06:57:37",42.5499,6.0,35.2,42.0,997.6
3902,"2026-05-02 07:02:37",42.5506,6.2,35.2,43.0,997.6
3903,"2026-05-02 07:07:37",42.5522,6.6,35.3,49.0,997.7
3904,"2026-05-02 07:12:37",42.5529,7.6,35.3,44.0,997.7
3905,"2026-05-02 07:17:37",42.5583,8.1,35.2,42.0,997.7
3906,"2026-05-02 07:22:37",42.5608,8.6,35.3,43.0,997.6
3907,"2026-05-02 07:27:37",42.5639,9.1,35.3,44.0,997.6
3908,"2026-05-02 07:32:37",42.5918,9.8,35.3,45.0,997.6
3909,"2026-05-02 07:37:37",42.5898,10.6,35.3,44.0,997.6
3910,"2026-05-02 07:42:37",42.591,10.9,35.2,44.0,997.7
3911,"2026-05-02 07:47:37",42.5867,11.2,35.4,48.0,997.7
3912,"2026-05-02 07:52:37",42.5894,11.5,35.5,46.0,997.6
3913,"2026-05-02 07:57:37",42.5875,11.8,35.4,46.0,997.6
3914,"2026-05-02 08:02:37",42.5889,12.4,35.4,46.0,997.6
3915,"2026-05-02 08:07:37",42.5863,12.9,35.6,45.0,997.6
3916,"2026-05-02 08:12:37",42.5886,13.2,35.5,44.0,997.5
3917,"2026-05-02 08:17:37",42.5844,13.8,35.5,46.0,997.5
3918,"2026-05-02 08:22:37",42.5822,14.3,35.6,50.0,997.5
3919,"2026-05-02 08:27:37",42.576,14.6,35.5,44.0,997.4
3920,"2026-05-02 08:32:37",42.5658,14.8,35.6,44.0,997.4
3921,"2026-05-02 08:37:37",42.5546,14.7,35.6,46.0,997.4
3922,"2026-05-02 08:42:37",42.539,14.9,35.6,45.0,997.4
3923,"2026-05-02 08:47:37",42.51,15.6,35.6,46.0,997.4
3924,"2026-05-02 08:52:37",42.4839,15.8,35.6,41.0,997.4
3925,"2026-05-02 08:57:37",42.4603,16.2,35.7,45.0,997.3
3926,"2026-05-02 09:02:37",42.4455,16.2,35.7,43.0,997.3
3927,"2026-05-02 09:07:37",42.4262,16.8,35.8,49.0,997.3
3928,"2026-05-02 09:12:37",42.3813,17.1,35.8,46.0,997.3
3929,"2026-05-02 09:17:37",42.3513,17.5,35.7,45.0,997.3
3930,"2026-05-02 09:22:37",42.3051,17.7,35.8,47.0,997.3
3931,"2026-05-02 09:27:37",42.2598,18.1,35.7,43.0,997.3
3932,"2026-05-02 09:32:37",42.2216,18.5,35.8,45.0,997.3
3933,"2026-05-02 09:37:37",42.1671,18.7,35.8,46.0,997.3
3934,"2026-05-02 09:42:37",42.1227,18.9,35.9,46.0,997.2
3935,"2026-05-02 09:47:37",42.0781,18.8,35.9,42.0,997.2
3936,"2026-05-02 09:52:37",42.0363,18.9,35.9,43.0,997.1
3937,"2026-05-02 09:57:37",42.0086,18.9,35.9,34.0,997.1
3938,"2026-05-02 10:02:37",41.9907,19.4,35.9,42.0,997.1
3939,"2026-05-02 10:07:37",41.9729,19.8,35.9,42.0,997.1
3940,"2026-05-02 10:12:37",41.9548,19.8,35.9,39.0,997.0
3941,"2026-05-02 10:17:37",41.9417,19.9,35.8,44.0,997.0
3942,"2026-05-02 10:22:37",41.9403,19.2,35.8,38.0,997.0
3943,"2026-05-02 10:27:37",41.95,19.9,35.8,41.0,996.9
3944,"2026-05-02 10:32:37",41.9567,19.8,35.9,43.0,996.9
3945,"2026-05-02 10:37:37",41.9666,19.9,35.8,44.0,996.9
3946,"2026-05-02 10:42:37",41.963,20.3,35.8,32.0,996.9
3947,"2026-05-02 10:47:37",41.9721,20.5,35.8,36.0,996.8
3948,"2026-05-02 10:52:37",41.989,20.4,35.8,42.0,996.7
3949,"2026-05-02 10:57:37",41.9918,20.6,35.9,43.0,996.7
3950,"2026-05-02 11:02:37",41.9959,21.0,35.8,43.0,996.6
3951,"2026-05-02 11:07:37",42.0004,21.3,35.9,42.0,996.5
3952,"2026-05-02 11:12:37",42.0241,21.8,35.8,30.0,996.4
3953,"2026-05-02 11:17:37",42.0301,21.8,35.9,34.0,996.3
3954,"2026-05-02 11:22:37",42.034,21.9,35.9,40.0,996.3
3955,"2026-05-02 11:27:37",42.0454,22.3,35.9,44.0,996.3
3956,"2026-05-02 11:32:37",42.0529,21.7,35.8,38.0,996.2
3957,"2026-05-02 11:37:37",42.0506,22.1,35.9,44.0,996.1
3958,"2026-05-02 11:42:37",42.0717,22.5,35.9,39.0,996.1
3959,"2026-05-02 11:47:37",42.0804,21.9,35.9,43.0,996.1
3960,"2026-05-02 11:52:37",42.0876,22.9,35.9,43.0,996.0
3961,"2026-05-02 11:57:37",42.1043,23.0,35.9,43.0,995.9
3962,"2026-05-02 12:02:37",42.1344,23.0,35.9,36.0,995.9
3963,"2026-05-02 12:07:37",42.1398,22.9,35.9,44.0,995.8
3964,"2026-05-02 12:12:37",42.1438,23.2,35.9,46.0,995.8
3965,"2026-05-02 12:17:37",42.1707,23.1,35.9,36.0,995.8
3966,"2026-05-02 12:22:37",42.2009,23.8,35.9,49.0,995.7
3967,"2026-05-02 12:27:37",42.2068,23.0,35.9,38.0,995.7
3968,"2026-05-02 12:32:37",42.2332,23.4,36.0,46.0,995.6
3969,"2026-05-02 12:37:37",42.2379,23.7,35.9,41.0,995.6
3970,"2026-05-02 12:42:37",42.2469,23.8,35.9,47.0,995.6
3971,"2026-05-02 12:47:37",42.2649,22.9,35.9,46.0,995.5
3972,"2026-05-02 12:52:37",42.2616,23.6,35.9,44.0,995.4
3973,"2026-05-02 12:57:37",42.2785,23.9,35.9,43.0,995.3
3974,"2026-05-02 13:02:37",42.2865,23.4,35.8,35.0,995.1
3975,"2026-05-02 13:07:37",42.3057,23.2,35.8,34.0,995.1
3976,"2026-05-02 13:12:37",42.3103,23.8,35.8,47.0,995.1
3977,"2026-05-02 13:17:37",42.3323,24.1,35.8,43.0,994.9
3978,"2026-05-02 13:22:37",42.3615,24.4,35.9,42.0,994.9
3979,"2026-05-02 13:27:37",42.3701,23.8,35.8,45.0,994.9
3980,"2026-05-02 13:32:37",42.3883,24.4,35.8,41.0,994.8
3981,"2026-05-02 13:37:37",42.3952,24.1,35.8,37.0,994.8
3982,"2026-05-02 13:42:37",42.3943,23.8,35.8,42.0,994.8
3983,"2026-05-02 13:47:37",42.3951,23.8,35.7,44.0,994.6
3984,"2026-05-02 13:52:37",42.4159,23.9,35.7,45.0,994.6
3985,"2026-05-02 13:57:37",42.4315,24.3,35.7,39.0,994.5
3986,"2026-05-02 14:02:37",42.4424,24.8,35.7,43.0,994.4
3987,"2026-05-02 14:07:37",42.4469,24.9,35.7,35.0,994.3
3988,"2026-05-02 14:12:37",42.4628,24.8,35.8,46.0,994.2
3989,"2026-05-02 14:17:37",42.4744,24.8,35.8,45.0,994.1
3990,"2026-05-02 14:22:37",42.4857,24.8,35.8,44.0,994.2
3991,"2026-05-02 14:27:37",42.4741,24.6,35.8,47.0,994.1
3992,"2026-05-02 14:32:37",42.4969,24.8,35.8,41.0,993.9
3993,"2026-05-02 14:37:37",42.4889,25.3,35.8,44.0,993.9
3994,"2026-05-02 14:42:37",42.4934,25.4,35.8,45.0,993.9
3995,"2026-05-02 14:47:37",42.4885,25.7,35.7,38.0,993.8
3996,"2026-05-02 14:52:37",42.4978,25.1,35.8,44.0,993.8
3997,"2026-05-02 14:57:37",42.4956,25.1,35.7,35.0,993.7
3998,"2026-05-02 15:02:37",42.4908,25.4,35.7,44.0,993.7
3999,"2026-05-02 15:07:37",42.4771,25.0,35.6,36.0,993.6
4000,"2026-05-02 15:12:37",42.4923,25.1,35.6,41.0,993.5
4001,"2026-05-02 15:17:37",42.4859,25.4,35.6,41.0,993.5
4002,"2026-05-02 15:22:37",42.4799,25.3,35.6,39.0,993.4
4003,"2026-05-02 15:27:37",42.473,25.7,35.5,29.0,993.3
4004,"2026-05-02 15:32:37",42.4781,25.6,35.5,33.0,993.2
4005,"2026-05-02 15:37:37",42.4814,26.1,35.5,39.0,993.2
4006,"2026-05-02 15:42:37",42.4868,25.5,35.5,37.0,993.2
4007,"2026-05-02 15:52:37",42.4909,26.4,35.5,44.0,993.1
4008,"2026-05-02 15:57:37",42.4918,26.2,35.5,44.0,993.1
4009,"2026-05-02 16:02:37",42.4972,26.4,35.5,45.0,993.1
4010,"2026-05-02 16:07:37",42.5063,26.4,35.6,45.0,993.1
4011,"2026-05-02 16:12:37",42.5202,26.4,35.6,45.0,993.1
4012,"2026-05-02 16:17:37",42.5151,26.1,35.5,42.0,993.0
4013,"2026-05-02 16:22:37",42.5226,25.8,35.6,46.0,993.0
4014,"2026-05-02 16:27:37",42.5261,26.3,35.6,45.0,992.9
4015,"2026-05-02 16:32:37",42.5319,26.6,35.6,48.0,992.9
4016,"2026-05-02 16:37:37",42.5471,26.4,35.6,48.0,992.8
4017,"2026-05-02 16:42:37",42.5494,25.9,35.6,36.0,992.8
4018,"2026-05-02 16:47:37",42.5691,25.8,35.6,36.0,992.8
4019,"2026-05-02 16:52:37",42.6069,26.9,35.6,46.0,992.7
4020,"2026-05-02 16:57:37",42.6261,26.9,35.7,50.0,992.6
4021,"2026-05-02 17:02:37",42.6443,26.8,35.7,44.0,992.7
4022,"2026-05-02 17:07:37",42.6727,26.6,35.6,41.0,992.6
4023,"2026-05-02 17:17:37",42.7159,27.1,35.8,46.0,992.5
4024,"2026-05-02 17:22:37",42.7266,26.1,35.7,36.0,992.4
4025,"2026-05-02 17:27:37",42.7364,26.1,35.8,49.0,992.5
4026,"2026-05-02 17:32:37",42.7449,26.2,35.8,42.0,992.4
4027,"2026-05-02 17:37:37",42.7663,26.0,35.8,52.0,992.4
4028,"2026-05-02 17:42:37",42.7892,25.6,35.7,41.0,992.4
4029,"2026-05-02 17:47:37",42.8112,25.6,35.8,43.0,992.2
4030,"2026-05-02 17:52:37",42.8263,25.9,35.8,42.0,992.2
4031,"2026-05-02 17:57:37",42.8449,25.6,35.8,46.0,992.2
4032,"2026-05-02 18:02:37",42.8596,25.8,35.8,42.0,992.1
4033,"2026-05-02 18:07:37",42.8419,25.3,35.8,44.0,992.1
4034,"2026-05-02 18:12:37",42.8626,25.3,35.7,39.0,992.0
4035,"2026-05-02 18:17:37",42.8804,25.1,35.7,31.0,991.9
4036,"2026-05-02 18:22:37",42.8985,25.1,35.8,41.0,991.9
4037,"2026-05-02 18:27:37",42.9118,24.4,35.8,47.0,991.9
4038,"2026-05-02 18:32:37",42.9341,23.9,35.8,41.0,991.8
4039,"2026-05-02 18:37:37",42.9454,23.3,35.8,40.0,991.8
4040,"2026-05-02 18:42:37",42.9494,22.6,35.8,44.0,991.8
4041,"2026-05-02 18:47:37",42.95,21.7,35.8,51.0,991.8
4042,"2026-05-02 18:52:37",42.9604,21.1,35.8,49.0,991.8
4043,"2026-05-02 18:57:37",42.9693,20.5,35.9,51.0,991.8
4044,"2026-05-02 19:02:37",42.9888,20.4,35.8,47.0,991.7
4045,"2026-05-02 19:07:37",43.0069,19.9,35.8,47.0,991.7
4046,"2026-05-02 19:12:37",43.0177,19.8,35.8,45.0,991.7
4047,"2026-05-02 19:17:37",43.0363,19.4,35.8,51.0,991.6
4048,"2026-05-02 19:22:37",43.0518,19.1,35.8,49.0,991.7
4049,"2026-05-02 19:27:37",43.0635,19.0,35.9,49.0,991.7
4050,"2026-05-02 19:32:37",43.0762,18.5,35.8,49.0,991.6
4051,"2026-05-02 19:37:37",43.0843,18.1,35.8,46.0,991.6
4052,"2026-05-02 19:42:37",43.1039,18.1,35.7,47.0,991.6
4053,"2026-05-02 19:47:37",42.2807,17.2,35.8,54.0,991.6
4054,"2026-05-02 19:52:37",42.2961,16.2,35.7,42.0,991.6
4055,"2026-05-02 19:57:37",42.3149,15.5,35.7,44.0,991.7
4056,"2026-05-02 20:02:37",42.33,14.8,35.6,47.0,991.7
4057,"2026-05-02 20:07:37",42.334,14.2,35.6,46.0,991.7
4058,"2026-05-02 20:12:37",42.3318,14.0,35.6,46.0,991.7
4059,"2026-05-02 20:17:37",42.3224,13.1,35.6,49.0,991.8
4060,"2026-05-02 20:22:37",42.3125,12.8,35.6,42.0,991.9
4061,"2026-05-02 20:27:37",42.3016,12.2,35.5,45.0,991.9
4062,"2026-05-02 20:32:37",42.2919,12.1,35.5,48.0,991.9
4063,"2026-05-02 20:37:37",42.2843,11.7,35.4,41.0,991.9
4064,"2026-05-02 20:42:37",42.2768,11.1,35.4,46.0,991.9
4065,"2026-05-02 20:47:37",42.2694,10.9,35.4,50.0,991.9
4066,"2026-05-02 20:52:37",42.2608,11.0,35.3,40.0,991.9
4067,"2026-05-02 20:57:37",42.2576,10.8,35.3,44.0,991.9
4068,"2026-05-02 21:02:37",42.2514,10.2,35.3,50.0,992.0
4069,"2026-05-02 21:07:37",42.2474,9.9,35.4,50.0,992.0
4070,"2026-05-02 21:12:37",42.2419,9.9,35.4,43.0,992.1
4071,"2026-05-02 21:17:37",42.238,9.7,35.4,49.0,992.1
4072,"2026-05-02 21:22:37",42.2329,9.4,35.4,48.0,992.2
4073,"2026-05-02 21:27:37",42.2273,9.8,35.5,57.0,992.2
4074,"2026-05-02 21:32:37",42.2234,9.4,35.4,44.0,992.2
4075,"2026-05-02 21:37:37",42.2186,8.9,35.4,43.0,992.2
4076,"2026-05-02 21:42:37",42.2144,8.5,35.4,47.0,992.2
4077,"2026-05-02 21:47:37",42.2091,8.4,35.3,41.0,992.2
4078,"2026-05-02 21:57:37",42.1998,8.2,35.3,46.0,992.1
4079,"2026-05-02 22:02:37",42.1957,8.0,35.3,44.0,992.1
4080,"2026-05-02 22:07:37",42.1926,7.6,35.3,44.0,992.1
4081,"2026-05-02 22:12:37",42.1876,7.6,35.4,50.0,992.1
4082,"2026-05-02 22:17:37",42.1837,7.1,35.4,51.0,992.1
4083,"2026-05-02 22:22:37",42.1803,7.1,35.4,45.0,992.1
4084,"2026-05-02 22:27:37",42.1767,6.9,35.4,48.0,992.1
4085,"2026-05-02 22:32:37",42.1727,6.6,35.3,48.0,992.1
4086,"2026-05-02 22:37:37",42.1699,6.6,35.4,46.0,992.0
4087,"2026-05-02 22:42:37",42.1657,6.6,35.3,52.0,992.1
4088,"2026-05-02 22:47:37",42.1625,6.4,35.3,50.0,992.1
4089,"2026-05-02 22:52:37",42.1597,6.1,35.3,45.0,992.0
4090,"2026-05-02 22:57:37",42.1562,6.0,35.3,44.0,991.9
4091,"2026-05-02 23:02:37",42.1528,6.0,35.3,41.0,991.9
4092,"2026-05-02 23:07:37",42.1498,5.9,35.3,46.0,991.9
4093,"2026-05-02 23:12:37",42.1475,5.9,35.3,58.0,991.9
4094,"2026-05-02 23:17:37",42.1452,5.6,35.4,57.0,991.9
4095,"2026-05-02 23:22:37",42.1423,5.4,35.3,51.0,991.9
4096,"2026-05-02 23:27:37",42.1398,5.4,35.3,56.0,991.8
4097,"2026-05-02 23:32:37",42.1373,5.5,35.3,48.0,991.8
4098,"2026-05-02 23:37:37",42.1346,5.4,35.3,47.0,991.8
4099,"2026-05-02 23:42:37",42.1322,5.7,35.2,47.0,991.8
4100,"2026-05-02 23:47:37",42.1294,5.3,35.2,48.0,991.8
4101,"2026-05-02 23:52:37",42.1268,4.9,35.2,46.0,991.9
4102,"2026-05-02 23:57:37",42.1236,4.8,35.3,46.0,991.9
4103,"2026-05-03 00:02:37",42.1217,4.8,35.3,50.0,991.9
4104,"2026-05-03 00:07:37",42.1192,4.9,35.2,47.0,991.8
4105,"2026-05-03 00:12:37",42.1185,4.6,35.3,51.0,991.8
4106,"2026-05-03 00:17:37",42.1147,4.4,35.2,42.0,991.8
4107,"2026-05-03 00:22:37",42.1125,4.3,35.1,43.0,991.8
4108,"2026-05-03 00:27:37",42.111,4.4,35.2,47.0,991.9
4109,"2026-05-03 00:32:37",42.1074,4.4,35.3,49.0,991.8
4110,"2026-05-03 00:37:37",42.1065,4.6,35.2,53.0,991.8
4111,"2026-05-03 00:42:37",42.1056,5.0,35.2,44.0,991.7
4112,"2026-05-03 00:47:37",42.1055,4.6,35.2,49.0,991.7
4113,"2026-05-03 00:52:37",42.1038,4.2,35.2,44.0,991.6
4114,"2026-05-03 00:57:37",42.1016,4.0,35.2,45.0,991.6
4115,"2026-05-03 01:02:37",42.0974,4.2,35.2,45.0,991.6
4116,"2026-05-03 01:07:37",42.0976,4.1,35.3,48.0,991.6
4117,"2026-05-03 01:12:37",42.0945,4.1,35.3,50.0,991.6
4118,"2026-05-03 01:17:37",42.0943,4.2,35.3,45.0,991.6
4119,"2026-05-03 01:22:37",42.0924,3.7,35.3,46.0,991.6
4120,"2026-05-03 01:27:37",42.09,3.6,35.3,48.0,991.6
4121,"2026-05-03 01:32:37",42.0883,3.6,35.3,53.0,991.6
4122,"2026-05-03 01:37:37",42.0864,3.2,35.3,46.0,991.6
4123,"2026-05-03 01:42:37",42.0849,3.4,35.2,42.0,991.5
4124,"2026-05-03 01:47:37",42.0826,3.7,35.2,45.0,991.6
4125,"2026-05-03 01:52:37",42.0824,3.8,35.2,48.0,991.6
4126,"2026-05-03 01:57:37",42.0819,3.4,35.2,47.0,991.6
4127,"2026-05-03 02:02:37",42.08,3.2,35.2,49.0,991.6
4128,"2026-05-03 02:07:37",42.0782,3.3,35.2,50.0,991.6
4129,"2026-05-03 02:12:37",42.0772,3.4,35.2,53.0,991.6
4130,"2026-05-03 02:17:37",42.0762,3.2,35.2,50.0,991.7
4131,"2026-05-03 02:22:37",42.0753,3.2,35.2,46.0,991.6
4132,"2026-05-03 02:27:37",42.0728,3.4,35.3,56.0,991.6
4133,"2026-05-03 02:32:37",42.0727,3.4,35.3,55.0,991.7
4134,"2026-05-03 02:37:37",42.0716,3.0,35.2,44.0,991.7
4135,"2026-05-03 02:42:37",42.0695,3.2,35.2,43.0,991.6
4136,"2026-05-03 02:47:37",42.0687,3.5,35.3,55.0,991.7
4137,"2026-05-03 02:52:37",42.0689,3.2,35.3,46.0,991.6
4138,"2026-05-03 02:57:37",42.0675,3.1,35.2,46.0,991.7
4139,"2026-05-03 03:02:37",42.0673,2.9,35.2,51.0,991.7
4140,"2026-05-03 03:07:37",42.0639,2.9,35.2,42.0,991.6
4141,"2026-05-03 03:12:37",42.0646,3.4,35.2,53.0,991.7
4142,"2026-05-03 03:17:37",42.0645,3.5,35.2,44.0,991.7
4143,"2026-05-03 03:22:37",42.0631,3.2,35.3,49.0,991.7
4144,"2026-05-03 03:27:37",42.0623,3.7,35.3,45.0,991.7
4145,"2026-05-03 03:32:37",42.0636,3.2,35.3,47.0,991.8
4146,"2026-05-03 03:37:37",42.063,3.2,35.3,47.0,991.9
4147,"2026-05-03 03:42:37",42.0617,3.2,35.2,46.0,991.9
4148,"2026-05-03 03:47:37",42.0612,3.2,35.2,43.0,991.9
4149,"2026-05-03 03:52:37",42.0603,3.4,35.3,48.0,991.8
4150,"2026-05-03 03:57:37",42.0609,3.6,35.3,47.0,991.8
4151,"2026-05-03 04:02:37",42.0609,3.2,35.3,49.0,991.7
4152,"2026-05-03 04:07:37",42.0601,3.3,35.4,48.0,991.7
4153,"2026-05-03 04:12:37",42.0597,3.4,35.5,53.0,991.7
4154,"2026-05-03 04:17:37",42.0606,3.3,35.4,48.0,991.7
4155,"2026-05-03 04:22:37",42.0602,3.3,35.3,50.0,991.7
4156,"2026-05-03 04:27:37",42.0591,3.1,35.3,47.0,991.7
4157,"2026-05-03 04:32:37",42.0585,3.3,35.3,50.0,991.7
4158,"2026-05-03 04:37:37",42.0575,3.1,35.3,45.0,991.7
4159,"2026-05-03 04:42:37",42.0573,2.8,35.3,44.0,991.7
4160,"2026-05-03 04:47:37",42.0557,3.0,35.4,49.0,991.7
4161,"2026-05-03 04:52:37",42.0556,2.9,35.3,49.0,991.7
4162,"2026-05-03 04:57:37",42.0545,2.9,35.3,46.0,991.7
4163,"2026-05-03 05:02:37",42.054,3.0,35.3,42.0,991.8
4164,"2026-05-03 05:07:37",42.0529,2.9,35.4,48.0,991.8
4165,"2026-05-03 05:12:37",42.0507,2.8,35.3,42.0,991.8
4166,"2026-05-03 05:17:37",42.0497,2.9,35.3,45.0,991.8
4167,"2026-05-03 05:22:37",42.0489,3.0,35.3,47.0,991.9
4168,"2026-05-03 05:27:37",42.0479,3.1,35.3,49.0,991.8
4169,"2026-05-03 05:32:37",42.0465,3.1,35.3,49.0,991.9
4170,"2026-05-03 05:37:37",42.0471,3.1,35.4,52.0,992.0
4171,"2026-05-03 05:42:37",42.0453,3.1,35.4,52.0,992.0
4172,"2026-05-03 05:47:37",42.0449,3.1,35.3,49.0,992.0
4173,"2026-05-03 05:52:37",42.0471,3.3,35.3,49.0,992.0
4174,"2026-05-03 05:57:37",42.0508,3.4,35.3,46.0,992.0
4175,"2026-05-03 06:02:37",42.0525,4.0,35.3,42.0,992.0
4176,"2026-05-03 06:07:37",42.0484,4.1,35.3,46.0,992.0
4177,"2026-05-03 06:12:37",42.0509,4.5,35.3,45.0,992.0
4178,"2026-05-03 06:17:37",42.0542,5.2,35.4,53.0,992.1
4179,"2026-05-03 06:22:37",42.0595,5.6,35.3,49.0,992.1
4180,"2026-05-03 06:27:37",42.0627,6.1,35.3,51.0,992.1
4181,"2026-05-03 06:32:37",42.0655,6.7,35.3,45.0,992.2
4182,"2026-05-03 06:37:37",42.0725,7.3,35.3,47.0,992.2
4183,"2026-05-03 06:42:37",42.0768,7.9,35.3,46.0,992.2
4184,"2026-05-03 06:47:37",42.0828,8.4,35.3,45.0,992.2
4185,"2026-05-03 06:52:37",42.0873,9.1,35.3,49.0,992.2
4186,"2026-05-03 06:57:37",42.093,9.8,35.3,47.0,992.2
4187,"2026-05-03 07:02:37",42.1002,10.6,35.4,50.0,992.2
4188,"2026-05-03 07:07:37",42.1037,10.8,35.4,48.0,992.2
4189,"2026-05-03 07:12:37",42.1057,11.4,35.5,46.0,992.1
4190,"2026-05-03 07:17:37",42.108,11.9,35.5,47.0,992.1
4191,"2026-05-03 07:22:37",42.1076,12.3,35.4,44.0,992.2
4192,"2026-05-03 07:27:37",42.0937,12.9,35.5,48.0,992.1
4193,"2026-05-03 07:32:37",42.091,13.5,35.5,53.0,992.1
4194,"2026-05-03 07:37:37",42.0595,14.1,35.5,48.0,992.1
4195,"2026-05-03 07:42:37",42.0278,15.3,35.5,47.0,992.0
4196,"2026-05-03 07:47:37",41.986,15.8,35.5,48.0,992.1
4197,"2026-05-03 07:52:37",41.9423,16.6,35.5,43.0,992.1
4198,"2026-05-03 07:57:37",41.8988,17.0,35.5,47.0,992.1
4199,"2026-05-03 08:02:37",41.8559,17.7,35.5,48.0,992.1
4200,"2026-05-03 08:07:37",41.8143,18.1,35.6,48.0,992.1
4201,"2026-05-03 08:12:37",41.772,18.2,35.6,50.0,992.1
4202,"2026-05-03 08:17:37",41.715,19.0,35.7,50.0,992.2
4203,"2026-05-03 08:22:37",41.6638,19.2,35.7,45.0,992.2
4204,"2026-05-03 08:27:37",41.6173,19.0,35.7,47.0,992.2
4205,"2026-05-03 08:32:37",41.5828,18.6,35.7,47.0,992.2
4206,"2026-05-03 08:37:37",41.5561,19.6,35.8,47.0,992.3
4207,"2026-05-03 08:42:37",41.5342,19.4,35.8,53.0,992.3
4208,"2026-05-03 08:47:37",41.5239,19.2,35.9,53.0,992.3
4209,"2026-05-03 08:52:37",41.5174,19.4,36.0,55.0,992.3
4210,"2026-05-03 08:57:37",41.507,19.8,35.9,49.0,992.3
4211,"2026-05-03 09:02:37",41.4977,20.0,36.0,52.0,992.4
4212,"2026-05-03 09:07:37",41.51,20.2,36.0,51.0,992.3
4213,"2026-05-03 09:12:37",41.5171,19.8,35.9,49.0,992.3
4214,"2026-05-03 09:17:37",41.5326,20.1,36.0,54.0,992.4
4215,"2026-05-03 09:22:37",41.5477,20.4,36.0,51.0,992.4
4216,"2026-05-03 09:27:37",41.5599,20.4,36.0,43.0,992.5
4217,"2026-05-03 09:32:37",41.5923,21.1,35.9,50.0,992.5
4218,"2026-05-03 09:37:37",41.602,21.0,36.0,55.0,992.5
4219,"2026-05-03 09:42:37",41.6176,21.7,36.0,48.0,992.5
4220,"2026-05-03 09:47:37",41.6186,21.4,36.0,51.0,992.5
4221,"2026-05-03 09:52:37",41.6226,21.5,36.1,50.0,992.5
4222,"2026-05-03 09:57:37",41.6254,21.8,36.1,50.0,992.5
4223,"2026-05-03 10:02:37",41.6145,21.4,36.1,49.0,992.4
4224,"2026-05-03 10:07:37",41.63,21.1,36.1,49.0,992.4
4225,"2026-05-03 10:12:37",41.6377,21.2,36.2,50.0,992.5
4226,"2026-05-03 10:17:37",41.6439,21.4,36.2,50.0,992.5
4227,"2026-05-03 10:22:37",41.6517,21.4,36.1,48.0,992.5
4228,"2026-05-03 10:27:37",41.6681,21.6,36.2,48.0,992.4
4229,"2026-05-03 10:32:37",41.6787,21.9,36.1,54.0,992.5
4230,"2026-05-03 10:37:37",41.6774,21.8,36.1,49.0,992.5
4231,"2026-05-03 10:42:37",41.6956,22.4,36.1,49.0,992.5
4232,"2026-05-03 10:47:37",41.708,22.0,36.2,54.0,992.5
4233,"2026-05-03 10:52:37",41.7198,22.1,36.2,54.0,992.3
4234,"2026-05-03 10:57:37",41.7214,21.7,36.2,49.0,992.3
4235,"2026-05-03 11:02:37",41.7541,22.9,36.2,49.0,992.2
4236,"2026-05-03 11:07:37",41.7554,22.9,36.2,49.0,992.2
4237,"2026-05-03 11:12:37",41.7478,22.1,36.2,49.0,992.2
4238,"2026-05-03 11:17:37",41.8045,22.9,36.1,48.0,992.2
4239,"2026-05-03 11:22:37",41.8157,23.2,36.1,52.0,992.2
4240,"2026-05-03 11:27:37",41.8241,22.9,36.1,49.0,992.2
4241,"2026-05-03 11:32:37",41.844,22.9,36.1,46.0,992.2
4242,"2026-05-03 11:37:37",41.8568,22.9,36.1,46.0,992.1
4243,"2026-05-03 11:42:37",41.8678,23.6,36.1,44.0,992.0
4244,"2026-05-03 11:47:37",41.8793,23.5,36.1,51.0,992.1
4245,"2026-05-03 11:52:37",41.8876,23.3,36.1,51.0,991.9
4246,"2026-05-03 11:57:37",41.9,23.9,36.1,52.0,991.9
4247,"2026-05-03 12:02:37",41.916,22.8,36.1,45.0,992.0
4248,"2026-05-03 12:07:37",41.9405,23.6,36.1,50.0,991.9
4249,"2026-05-03 12:12:37",41.9537,23.6,36.2,48.0,991.8
4250,"2026-05-03 12:17:37",41.9759,23.6,36.1,51.0,991.8
4251,"2026-05-03 12:22:37",41.9909,23.8,36.1,51.0,991.8
4252,"2026-05-03 12:27:37",42.0118,23.8,36.1,51.0,991.7
4253,"2026-05-03 12:32:37",42.0254,24.6,36.1,47.0,991.6
4254,"2026-05-03 12:37:37",42.029,23.7,36.0,46.0,991.6
4255,"2026-05-03 12:42:37",42.0509,24.0,36.1,51.0,991.6
4256,"2026-05-03 12:47:37",42.0606,23.6,36.1,46.0,991.5
4257,"2026-05-03 12:52:37",42.0678,22.9,36.1,46.0,991.5
4258,"2026-05-03 12:57:37",42.0835,23.3,36.0,52.0,991.4
4259,"2026-05-03 13:02:37",42.1077,23.8,36.0,51.0,991.4
4260,"2026-05-03 13:07:37",42.11,23.9,36.0,50.0,991.3
4261,"2026-05-03 13:12:37",42.1298,23.6,36.0,48.0,991.3
4262,"2026-05-03 13:17:37",42.1406,23.9,36.0,53.0,991.3
4263,"2026-05-03 13:22:37",42.1574,23.8,36.0,50.0,991.3
4264,"2026-05-03 13:27:37",42.1712,24.2,36.0,55.0,991.2
4265,"2026-05-03 13:32:37",42.171,24.3,35.9,46.0,991.1
4266,"2026-05-03 13:37:37",42.199,25.2,35.9,51.0,991.0
4267,"2026-05-03 13:42:37",42.2069,25.0,35.9,54.0,991.0
4268,"2026-05-03 13:47:37",42.2155,24.9,35.9,49.0,990.9
4269,"2026-05-03 13:52:37",42.2536,25.1,35.9,48.0,990.9
4270,"2026-05-03 13:57:37",42.2693,24.8,35.9,44.0,990.8
4271,"2026-05-03 14:02:37",42.2784,24.9,35.9,45.0,990.9
4272,"2026-05-03 14:07:37",42.299,25.1,35.9,46.0,990.8
4273,"2026-05-03 14:12:37",42.3079,25.2,36.0,45.0,990.7
4274,"2026-05-03 14:17:37",42.329,24.7,35.9,50.0,990.7
4275,"2026-05-03 14:22:37",42.3382,25.4,36.0,56.0,990.6
4276,"2026-05-03 14:27:37",42.3452,25.2,36.0,49.0,990.6
4277,"2026-05-03 14:32:37",42.349,25.2,36.0,53.0,990.6
4278,"2026-05-03 14:37:37",42.3675,25.1,36.1,53.0,990.6
4279,"2026-05-03 14:42:37",42.3921,25.4,36.0,45.0,990.6
4280,"2026-05-03 14:47:37",42.3949,25.1,36.0,52.0,990.5
4281,"2026-05-03 14:52:37",42.4064,24.9,36.0,51.0,990.5
4282,"2026-05-03 14:57:37",42.4161,25.1,36.0,48.0,990.4
4283,"2026-05-03 15:02:37",42.4372,25.1,36.0,53.0,990.3
4284,"2026-05-03 15:07:37",42.4502,24.9,36.0,52.0,990.3
4285,"2026-05-03 15:12:37",42.4519,24.8,36.0,47.0,990.4
4286,"2026-05-03 15:17:37",42.4814,25.4,36.0,46.0,990.2
4287,"2026-05-03 15:22:37",42.5073,26.3,36.0,53.0,990.1
4288,"2026-05-03 15:27:37",42.5099,25.2,36.0,49.0,990.2
4289,"2026-05-03 15:32:37",42.5456,25.9,36.0,49.0,990.0
4290,"2026-05-03 15:37:37",42.5655,25.8,36.0,47.0,990.0
4291,"2026-05-03 15:42:37",42.5879,25.8,36.0,50.0,989.8
4292,"2026-05-03 15:47:37",42.6313,26.1,36.0,50.0,989.8
4293,"2026-05-03 15:52:37",42.6215,25.8,36.0,43.0,989.7
4294,"2026-05-03 15:57:37",42.6418,26.1,36.0,50.0,989.6
4295,"2026-05-03 16:02:37",42.6761,26.2,36.0,47.0,989.6
4296,"2026-05-03 16:07:37",42.7372,25.9,36.0,47.0,989.5
4297,"2026-05-03 16:12:37",42.797,26.1,36.0,48.0,989.5
4298,"2026-05-03 16:17:37",42.8318,26.2,36.1,45.0,989.4
4299,"2026-05-03 16:22:37",42.8426,26.0,36.0,44.0,989.3
4300,"2026-05-03 16:27:37",42.851,25.8,36.0,44.0,989.3
4301,"2026-05-03 16:32:37",42.8424,26.6,36.0,51.0,989.3
4302,"2026-05-03 16:37:37",42.8305,26.1,36.0,50.0,989.2
4303,"2026-05-03 16:42:37",42.8153,25.6,36.0,47.0,989.1
4304,"2026-05-03 16:47:37",42.8205,26.8,36.0,53.0,989.1
4305,"2026-05-03 16:52:37",42.8119,26.1,35.9,48.0,989.1
4306,"2026-05-03 16:57:37",42.8151,26.2,35.8,50.0,989.1
4307,"2026-05-03 17:02:37",42.818,26.2,35.8,49.0,989.1
4308,"2026-05-03 17:07:37",42.8371,26.1,35.8,46.0,989.0
4309,"2026-05-03 17:12:37",42.8469,26.5,35.8,47.0,988.9
4310,"2026-05-03 17:17:37",42.8577,26.4,35.8,52.0,988.9
4311,"2026-05-03 17:22:37",42.863,25.8,35.8,48.0,988.9
4312,"2026-05-03 17:27:37",42.8821,26.1,35.8,49.0,988.9
4313,"2026-05-03 17:32:37",42.9086,25.9,35.8,44.0,988.8
4314,"2026-05-03 17:37:37",42.9343,25.9,35.8,50.0,988.9
4315,"2026-05-03 17:42:37",42.9527,25.2,35.8,47.0,988.9
4316,"2026-05-03 17:47:37",42.9863,25.2,35.8,51.0,988.9
4317,"2026-05-03 17:52:37",43.0201,25.8,35.8,50.0,988.8
4318,"2026-05-03 17:57:37",43.0322,25.2,35.8,45.0,988.8
4319,"2026-05-03 18:02:37",43.0658,24.9,35.8,46.0,988.8
4320,"2026-05-03 18:07:37",43.0984,24.9,35.8,46.0,988.8
4321,"2026-05-03 18:12:37",43.1246,24.5,35.7,49.0,988.8
4322,"2026-05-03 18:17:37",43.1506,24.6,35.7,47.0,988.9
4323,"2026-05-03 18:22:37",43.1965,24.4,35.7,45.0,988.9
4324,"2026-05-03 18:27:37",43.2089,23.8,35.7,44.0,988.9
4325,"2026-05-03 18:32:37",43.2397,23.6,35.7,44.0,988.9
4326,"2026-05-03 18:37:37",43.2523,23.1,35.7,46.0,988.8
4327,"2026-05-03 18:42:37",43.2432,22.1,35.7,46.0,988.9
4328,"2026-05-03 18:47:37",43.248,21.2,35.6,41.0,988.9
4329,"2026-05-03 18:52:37",43.254,20.8,35.6,45.0,988.9
4330,"2026-05-03 18:57:37",43.2641,20.4,35.7,49.0,988.9
4331,"2026-05-03 19:02:37",43.2761,20.1,35.7,41.0,988.8
4332,"2026-05-03 19:07:37",43.2732,19.7,35.7,45.0,988.9
4333,"2026-05-03 19:12:37",43.2812,19.6,35.6,42.0,988.8
4334,"2026-05-03 19:17:37",43.2948,19.3,35.6,46.0,988.9
4335,"2026-05-03 19:22:37",43.3058,18.9,35.6,50.0,988.9
4336,"2026-05-03 19:27:37",43.3106,18.4,35.6,46.0,988.9
4337,"2026-05-03 19:32:37",43.32,18.4,35.5,41.0,988.8
4338,"2026-05-03 19:37:37",43.3339,17.8,35.5,44.0,988.9
4339,"2026-05-03 19:42:37",43.3492,17.1,35.5,45.0,988.9
4340,"2026-05-03 19:47:37",43.3628,16.2,35.5,46.0,988.9
4341,"2026-05-03 19:52:37",43.3755,16.0,35.5,47.0,988.9
4342,"2026-05-03 19:57:37",43.3912,15.7,35.4,43.0,988.9
4343,"2026-05-03 20:02:37",43.4023,15.1,35.4,50.0,989.0
4344,"2026-05-03 20:07:37",43.4084,14.9,35.4,46.0,989.0
4345,"2026-05-03 20:12:37",43.4084,14.4,35.4,43.0,989.0
4346,"2026-05-03 20:17:37",43.4038,13.8,35.4,45.0,989.1
4347,"2026-05-03 20:22:37",43.3924,13.2,35.4,45.0,989.1
4348,"2026-05-03 20:27:37",43.3825,12.7,35.3,41.0,989.2
4349,"2026-05-03 20:32:37",43.3713,12.3,35.3,40.0,989.2
4350,"2026-05-03 20:37:37",43.3632,12.0,35.3,43.0,989.3
4351,"2026-05-03 20:42:37",43.3555,11.9,35.3,46.0,989.3
4352,"2026-05-03 20:47:37",43.3479,11.7,35.3,44.0,989.3
4353,"2026-05-03 20:52:37",43.3408,11.4,35.3,48.0,989.3
4354,"2026-05-03 20:57:37",43.3352,11.1,35.2,48.0,989.3
4355,"2026-05-03 21:02:37",43.3286,10.9,35.3,47.0,989.4
4356,"2026-05-03 21:07:37",43.3229,10.9,35.3,46.0,989.4
4357,"2026-05-03 21:12:37",43.3184,10.8,35.3,43.0,989.5
4358,"2026-05-03 21:17:37",43.3137,10.6,35.3,46.0,989.5
4359,"2026-05-03 21:22:37",43.3093,10.5,35.3,49.0,989.5
4360,"2026-05-03 21:27:37",43.3034,10.3,35.2,42.0,989.5
4361,"2026-05-03 21:32:37",43.2986,9.9,35.2,42.0,989.5
4362,"2026-05-03 21:37:37",43.2942,9.9,35.2,48.0,989.5
4363,"2026-05-03 21:42:37",43.2891,9.8,35.3,47.0,989.4
4364,"2026-05-03 21:47:37",43.2847,9.8,35.2,47.0,989.5
4365,"2026-05-03 21:52:37",43.2797,9.8,35.2,44.0,989.4
4366,"2026-05-03 21:57:37",43.2761,10.1,35.2,46.0,989.4
4367,"2026-05-03 22:02:37",43.2726,10.2,35.1,41.0,989.4
4368,"2026-05-03 22:07:37",43.2678,10.6,35.2,47.0,989.5
4369,"2026-05-03 22:12:37",43.2664,10.4,35.1,42.0,989.4
4370,"2026-05-03 22:17:37",43.2636,10.1,35.2,49.0,989.4
4371,"2026-05-03 22:22:37",43.2596,10.2,35.1,46.0,989.3
4372,"2026-05-03 22:27:37",43.2565,9.9,35.2,45.0,989.3
4373,"2026-05-03 22:32:37",43.2528,9.9,35.2,44.0,989.4
4374,"2026-05-03 22:37:37",43.2476,10.6,35.2,49.0,989.3
4375,"2026-05-03 22:42:37",43.2482,10.8,35.1,47.0,989.3
4376,"2026-05-03 22:47:37",43.2457,10.4,35.1,43.0,989.3
4377,"2026-05-03 22:52:37",43.2427,10.3,35.2,46.0,989.2
4378,"2026-05-03 22:57:37",43.2385,10.4,35.2,45.0,989.2
4379,"2026-05-03 23:02:37",43.2331,9.9,35.2,42.0,989.2
4380,"2026-05-03 23:07:37",43.2299,9.8,35.2,47.0,989.2
4381,"2026-05-03 23:12:37",43.2243,9.8,35.2,44.0,989.1
4382,"2026-05-03 23:17:37",43.2198,9.6,35.2,42.0,989.2
4383,"2026-05-03 23:22:37",43.2158,9.4,35.2,45.0,989.1
4384,"2026-05-03 23:27:37",43.2123,9.1,35.3,48.0,989.1
4385,"2026-05-03 23:32:37",43.2095,9.4,35.3,41.0,989.2
4386,"2026-05-03 23:37:37",43.2059,9.4,35.2,40.0,989.1
4387,"2026-05-03 23:42:37",43.2034,9.4,35.2,43.0,989.1
4388,"2026-05-03 23:47:37",43.1994,9.5,35.2,44.0,989.0
4389,"2026-05-03 23:52:37",43.1991,9.7,35.2,42.0,989.0
4390,"2026-05-03 23:57:37",43.194,10.5,35.2,48.0,989.0
4391,"2026-05-04 00:02:37",43.1974,10.9,35.2,43.0,989.0
4392,"2026-05-04 00:07:37",43.1953,10.7,35.3,44.0,989.0
4393,"2026-05-04 00:12:37",43.195,10.9,35.3,47.0,989.0
4394,"2026-05-04 00:17:37",43.1922,11.1,35.3,41.0,989.0
4395,"2026-05-04 00:22:37",43.1923,11.1,35.3,44.0,988.9
4396,"2026-05-04 00:27:37",43.1892,11.1,35.3,44.0,988.9
4397,"2026-05-04 00:32:37",43.1867,11.2,35.3,45.0,988.9
4398,"2026-05-04 00:37:37",43.1854,11.2,35.3,40.0,988.9
4399,"2026-05-04 00:42:37",43.1794,11.2,35.3,46.0,988.9
4400,"2026-05-04 00:47:37",43.174,11.2,35.3,41.0,988.9
4401,"2026-05-04 00:52:37",43.1763,11.6,35.3,41.0,988.9
4402,"2026-05-04 00:57:37",43.1735,11.8,35.2,46.0,988.8
4403,"2026-05-04 01:02:37",43.1729,11.8,35.3,50.0,988.8
4404,"2026-05-04 01:07:37",43.1691,12.2,35.3,43.0,988.8
4405,"2026-05-04 01:12:37",43.1686,12.2,35.3,38.0,988.8
4406,"2026-05-04 01:17:37",43.1677,12.2,35.3,41.0,988.8
4407,"2026-05-04 01:22:37",43.1638,12.1,35.3,44.0,988.8
4408,"2026-05-04 01:27:37",43.1614,11.9,35.3,43.0,988.8
4409,"2026-05-04 01:32:37",43.1575,11.6,35.3,43.0,988.8
4410,"2026-05-04 01:37:37",43.1527,11.6,35.3,45.0,988.8
4411,"2026-05-04 01:42:37",43.1492,11.2,35.3,46.0,988.8
4412,"2026-05-04 01:47:37",43.1442,11.1,35.3,40.0,988.8
4413,"2026-05-04 01:52:37",43.1391,10.4,35.3,43.0,988.8
4414,"2026-05-04 01:57:37",43.1339,10.0,35.3,41.0,988.8
4415,"2026-05-04 02:02:37",43.1285,9.9,35.4,42.0,988.8
4416,"2026-05-04 02:07:37",43.1239,10.4,35.4,42.0,988.7
4417,"2026-05-04 02:12:37",43.1223,10.6,35.4,43.0,988.7
4418,"2026-05-04 02:17:37",43.1196,10.4,35.4,44.0,988.7
4419,"2026-05-04 02:22:37",43.116,9.9,35.3,40.0,988.7
4420,"2026-05-04 02:27:37",43.1118,9.2,35.3,43.0,988.7
4421,"2026-05-04 02:32:37",43.106,8.9,35.4,50.0,988.7
4422,"2026-05-04 02:37:37",43.102,8.9,35.4,45.0,988.7
4423,"2026-05-04 02:42:37",43.0984,9.0,35.4,44.0,988.7
4424,"2026-05-04 02:47:37",43.0935,8.8,35.4,42.0,988.6
4425,"2026-05-04 02:52:37",43.0901,8.4,35.4,44.0,988.6
4426,"2026-05-04 02:57:37",43.0854,8.2,35.4,45.0,988.7
4427,"2026-05-04 03:02:37",43.0805,8.4,35.4,44.0,988.7
4428,"2026-05-04 03:07:37",43.0783,8.6,35.4,44.0,988.6
4429,"2026-05-04 03:12:37",43.0758,8.6,35.4,43.0,988.6
4430,"2026-05-04 03:17:37",43.0737,8.2,35.4,42.0,988.6
4431,"2026-05-04 03:22:37",43.0707,8.1,35.4,48.0,988.7
4432,"2026-05-04 03:27:37",43.0685,8.1,35.3,41.0,988.7
4433,"2026-05-04 03:32:37",43.0652,8.3,35.3,45.0,988.6
4434,"2026-05-04 03:37:37",43.0624,8.2,35.3,46.0,988.6
4435,"2026-05-04 03:42:37",43.0606,8.1,35.4,47.0,988.6
4436,"2026-05-04 03:47:37",43.0584,8.0,35.4,52.0,988.7
4437,"2026-05-04 03:52:37",43.055,7.5,35.4,44.0,988.7
4438,"2026-05-04 03:57:37",43.0494,7.4,35.4,44.0,988.7
4439,"2026-05-04 04:02:37",43.0462,7.1,35.4,45.0,988.7
4440,"2026-05-04 04:07:37",43.041,6.8,35.5,48.0,988.6
4441,"2026-05-04 04:12:37",43.0369,6.5,35.4,45.0,988.7
4442,"2026-05-04 04:17:37",43.0325,6.2,35.4,46.0,988.7
4443,"2026-05-04 04:22:37",43.027,5.8,35.4,43.0,988.7
4444,"2026-05-04 04:27:37",43.0229,5.6,35.4,47.0,988.8
4445,"2026-05-04 04:32:37",43.0202,5.4,35.4,44.0,988.9
4446,"2026-05-04 04:37:37",43.0162,5.1,35.5,48.0,989.0
4447,"2026-05-04 04:42:37",43.0141,5.1,35.4,44.0,989.0
4448,"2026-05-04 04:47:37",43.0095,4.9,35.4,41.0,989.0
4449,"2026-05-04 04:52:37",43.0061,4.9,35.4,42.0,988.9
4450,"2026-05-04 04:57:37",43.0026,4.5,35.4,44.0,988.9
4451,"2026-05-04 05:02:37",42.9974,4.5,35.4,43.0,989.0
4452,"2026-05-04 05:07:37",42.9938,4.2,35.4,47.0,989.1
4453,"2026-05-04 05:12:37",42.9901,4.2,35.4,50.0,989.0
4454,"2026-05-04 05:17:37",42.9877,4.4,35.4,48.0,989.0
4455,"2026-05-04 05:22:37",42.9853,4.6,35.4,41.0,989.0
4456,"2026-05-04 05:27:37",42.9844,4.5,35.4,49.0,989.0
4457,"2026-05-04 05:32:37",42.9812,4.1,35.4,46.0,988.9
4458,"2026-05-04 05:37:37",42.9778,4.3,35.4,54.0,988.9
4459,"2026-05-04 05:42:37",42.9755,4.1,35.3,43.0,988.9
4460,"2026-05-04 05:47:37",42.9747,4.5,35.3,51.0,988.8
4461,"2026-05-04 05:52:37",42.9751,5.6,35.3,43.0,988.8
4462,"2026-05-04 05:57:37",42.9806,7.1,35.3,42.0,988.8
4463,"2026-05-04 06:02:37",42.986,8.1,35.3,47.0,988.8
4464,"2026-05-04 06:07:37",42.9933,9.1,35.3,48.0,988.8
4465,"2026-05-04 06:12:37",42.9958,9.6,35.3,48.0,988.8
4466,"2026-05-04 06:17:37",43.0055,10.0,35.3,45.0,988.8
4467,"2026-05-04 06:22:37",43.0106,10.6,35.3,45.0,988.7
4468,"2026-05-04 06:27:37",43.0108,10.8,35.3,39.0,988.8
4469,"2026-05-04 06:32:37",43.0108,11.0,35.4,45.0,988.8
4470,"2026-05-04 06:37:37",43.0121,12.1,35.4,45.0,988.8
4471,"2026-05-04 06:42:37",43.0113,12.3,35.4,45.0,988.9
4472,"2026-05-04 06:47:37",43.0127,12.9,35.4,45.0,988.8
4473,"2026-05-04 06:52:37",43.0103,13.2,35.4,44.0,988.8
4474,"2026-05-04 06:57:37",43.0023,13.8,35.5,44.0,988.8
4475,"2026-05-04 07:02:37",42.9939,13.9,35.4,43.0,988.8
4476,"2026-05-04 07:07:37",42.9779,14.6,35.5,47.0,988.8
4477,"2026-05-04 07:12:37",42.9565,14.9,35.5,47.0,988.8
4478,"2026-05-04 07:17:37",42.9431,15.5,35.5,43.0,988.6
4479,"2026-05-04 07:22:37",42.9215,15.9,35.5,46.0,988.7
4480,"2026-05-04 07:27:37",42.9121,16.2,35.4,48.0,988.6
4481,"2026-05-04 07:32:37",42.8983,16.7,35.5,43.0,988.5
4482,"2026-05-04 07:37:37",42.8837,16.9,35.5,45.0,988.5
4483,"2026-05-04 07:42:37",42.8637,17.1,35.5,43.0,988.6
4484,"2026-05-04 07:47:37",42.8307,17.4,35.6,45.0,988.5
4485,"2026-05-04 07:52:37",42.7832,17.2,35.6,46.0,988.5
4486,"2026-05-04 07:57:37",42.7552,17.6,35.6,44.0,988.5
4487,"2026-05-04 08:02:37",42.6989,18.1,35.7,47.0,988.5
4488,"2026-05-04 08:07:37",42.6307,18.3,35.7,47.0,988.5
4489,"2026-05-04 08:12:37",42.5695,18.2,35.7,46.0,988.5
4490,"2026-05-04 08:17:37",42.4953,18.3,35.7,47.0,988.4
4491,"2026-05-04 08:22:37",42.4519,18.6,35.8,50.0,988.5
4492,"2026-05-04 08:27:37",42.4087,18.7,35.8,49.0,988.5
4493,"2026-05-04 08:32:37",42.3754,19.1,35.8,47.0,988.5
4494,"2026-05-04 08:37:37",42.352,19.6,35.8,42.0,988.6
4495,"2026-05-04 08:42:37",42.3322,19.9,35.8,46.0,988.5
4496,"2026-05-04 08:47:37",42.3241,19.7,35.9,45.0,988.5
4497,"2026-05-04 08:52:37",42.3314,19.8,35.9,46.0,988.5
4498,"2026-05-04 08:57:37",42.3292,19.7,35.9,49.0,988.4
4499,"2026-05-04 09:02:37",42.3333,20.2,36.0,51.0,988.4
4500,"2026-05-04 09:07:37",42.3421,20.7,36.0,50.0,988.4
4501,"2026-05-04 09:12:37",42.3577,21.2,36.0,49.0,988.4
4502,"2026-05-04 09:17:37",42.3604,20.9,36.0,47.0,988.4
4503,"2026-05-04 09:22:37",42.381,21.2,36.1,49.0,988.4
4504,"2026-05-04 09:27:37",42.3882,21.0,36.1,52.0,988.5
4505,"2026-05-04 09:32:37",42.4162,21.2,36.1,49.0,988.5
4506,"2026-05-04 09:37:37",42.4365,21.7,36.0,46.0,988.6
4507,"2026-05-04 09:42:37",42.4335,21.2,36.0,44.0,988.8
4508,"2026-05-04 09:47:37",42.4618,21.8,36.0,43.0,988.7
4509,"2026-05-04 09:52:37",42.4709,21.9,36.0,46.0,988.7
4510,"2026-05-04 09:57:37",42.4791,22.1,36.0,43.0,988.7
4511,"2026-05-04 10:02:37",42.4986,22.2,36.1,50.0,988.6
4512,"2026-05-04 10:07:37",42.5037,22.6,36.1,43.0,988.7
4513,"2026-05-04 10:12:37",42.5228,22.5,36.1,44.0,988.7
4514,"2026-05-04 10:17:37",42.5278,22.8,36.0,44.0,988.7
4515,"2026-05-04 10:22:37",42.5253,22.2,36.0,39.0,988.7
4516,"2026-05-04 10:27:37",42.5389,21.9,36.1,44.0,988.9
4517,"2026-05-04 10:32:37",42.5538,22.3,36.1,46.0,988.9
4518,"2026-05-04 10:37:37",42.5742,21.5,36.1,40.0,988.9
4519,"2026-05-04 10:42:37",42.6132,21.9,36.1,44.0,988.8
4520,"2026-05-04 10:47:37",42.635,22.2,36.1,49.0,988.9
4521,"2026-05-04 10:52:37",42.6494,21.9,36.1,47.0,988.8
4522,"2026-05-04 10:57:37",42.6827,22.4,36.1,43.0,988.8
4523,"2026-05-04 11:02:37",42.6832,22.6,36.1,48.0,988.8
4524,"2026-05-04 11:07:37",42.7056,23.2,36.1,47.0,988.7
4525,"2026-05-04 11:12:37",42.7154,23.6,36.0,46.0,988.7
4526,"2026-05-04 11:17:37",42.7309,23.6,36.1,44.0,988.7
4527,"2026-05-04 11:22:37",42.7422,24.1,36.1,47.0,988.7
4528,"2026-05-04 11:27:37",42.7673,24.2,36.1,50.0,988.6
4529,"2026-05-04 11:32:37",42.7845,24.0,36.1,46.0,988.6
4530,"2026-05-04 11:37:37",42.7866,23.8,36.1,46.0,988.6
4531,"2026-05-04 11:42:37",42.8108,24.2,36.1,43.0,988.5
4532,"2026-05-04 11:47:37",42.8122,23.6,36.1,46.0,988.5
4533,"2026-05-04 11:52:37",42.846,23.8,36.1,44.0,988.4
4534,"2026-05-04 11:57:37",42.8727,24.2,36.0,45.0,988.4
4535,"2026-05-04 12:02:37",42.885,24.7,36.1,50.0,988.3
4536,"2026-05-04 12:07:37",42.9205,24.7,36.1,49.0,988.1
4537,"2026-05-04 12:12:37",42.9418,24.6,36.0,50.0,988.0
4538,"2026-05-04 12:17:37",42.9854,24.2,36.0,45.0,988.1
4539,"2026-05-04 12:22:37",43.0142,23.9,36.0,40.0,988.0
4540,"2026-05-04 12:27:37",43.0762,24.6,36.0,43.0,987.9
4541,"2026-05-04 12:32:37",43.0883,24.4,35.9,43.0,987.9
4542,"2026-05-04 12:37:37",43.1111,24.3,35.9,40.0,988.0
4543,"2026-05-04 12:42:37",43.1282,24.2,36.0,44.0,987.8
4544,"2026-05-04 12:47:37",43.1659,24.2,36.0,41.0,987.7
4545,"2026-05-04 12:52:37",43.186,23.9,35.9,49.0,987.7
4546,"2026-05-04 12:57:37",43.2031,24.6,35.9,48.0,987.7
4547,"2026-05-04 13:02:37",43.2043,25.2,35.9,47.0,987.8
4548,"2026-05-04 13:07:37",43.2042,23.7,35.9,48.0,987.7
4549,"2026-05-04 13:12:37",43.2169,24.2,35.9,49.0,987.7
4550,"2026-05-04 13:17:37",43.2376,24.9,35.9,51.0,987.5
4551,"2026-05-04 13:22:37",43.2094,24.2,35.9,51.0,987.5
4552,"2026-05-04 13:27:37",43.1849,24.3,35.8,50.0,987.4
4553,"2026-05-04 13:32:37",43.1128,23.8,35.8,52.0,987.5
4554,"2026-05-04 13:37:37",43.0685,23.4,35.8,50.0,987.4
4555,"2026-05-04 13:42:37",43.0923,24.2,35.8,47.0,987.5
4556,"2026-05-04 13:47:37",43.1018,24.9,35.8,48.0,987.4
4557,"2026-05-04 13:52:37",43.1178,24.9,35.9,51.0,987.4
4558,"2026-05-04 13:57:37",43.1495,25.0,35.8,52.0,987.4
4559,"2026-05-04 14:02:37",43.1833,24.4,35.9,47.0,987.4
4560,"2026-05-04 14:07:37",43.2228,24.9,35.9,45.0,987.3
4561,"2026-05-04 14:12:37",43.2303,25.6,36.0,50.0,987.2
4562,"2026-05-04 14:17:37",43.2156,25.4,35.9,47.0,987.2
4563,"2026-05-04 14:22:37",43.2791,25.4,35.9,48.0,987.2
4564,"2026-05-04 14:27:37",43.2902,25.6,35.9,47.0,987.2
4565,"2026-05-04 14:32:37",43.3068,25.5,35.9,48.0,987.2
4566,"2026-05-04 14:37:37",43.333,25.4,35.9,47.0,987.1
4567,"2026-05-04 14:42:37",43.3464,25.4,36.0,50.0,987.1
4568,"2026-05-04 14:47:37",43.3591,26.2,36.0,46.0,986.9
4569,"2026-05-04 14:52:37",43.38,26.8,36.0,44.0,986.9
4570,"2026-05-04 14:57:37",43.3911,26.2,36.0,47.0,987.0
4571,"2026-05-04 15:02:37",43.3968,25.6,36.0,44.0,986.8
4572,"2026-05-04 15:07:37",43.4161,25.9,36.0,47.0,986.8
4573,"2026-05-04 15:12:37",43.4003,26.2,35.9,47.0,986.6
4574,"2026-05-04 15:17:37",43.413,26.5,35.9,48.0,986.4
4575,"2026-05-04 15:22:37",43.4285,26.8,35.9,45.0,986.4
4576,"2026-05-04 15:27:37",43.434,26.7,35.9,43.0,986.4
4577,"2026-05-04 15:32:37",43.4665,26.5,36.0,46.0,986.4
4578,"2026-05-04 15:37:37",43.484,26.6,36.0,42.0,986.3
4579,"2026-05-04 15:42:37",43.4936,27.4,36.0,46.0,986.3
4580,"2026-05-04 15:47:37",43.4919,27.8,35.9,45.0,986.1
4581,"2026-05-04 15:52:37",43.5199,27.2,36.0,45.0,986.2
4582,"2026-05-04 15:57:37",43.5364,27.3,36.0,43.0,986.1
4583,"2026-05-04 16:02:37",43.5661,27.6,36.0,43.0,986.0
4584,"2026-05-04 16:07:37",43.5871,27.4,36.0,41.0,986.1
4585,"2026-05-04 16:12:37",43.617,27.4,36.0,46.0,985.9
4586,"2026-05-04 16:17:37",43.6428,27.6,36.0,47.0,985.9
4587,"2026-05-04 16:22:37",43.6548,27.9,36.0,45.0,985.9
4588,"2026-05-04 16:27:37",43.6874,27.6,35.9,46.0,985.9
4589,"2026-05-04 16:32:37",43.7089,27.8,35.9,43.0,985.9
4590,"2026-05-04 16:37:37",43.7292,27.4,35.9,46.0,985.9
4591,"2026-05-04 16:42:37",43.7599,27.6,35.9,51.0,985.9
4592,"2026-05-04 16:47:37",43.7952,27.9,35.9,41.0,985.7
4593,"2026-05-04 16:52:37",43.8137,28.2,35.9,49.0,985.8
4594,"2026-05-04 16:57:37",43.823,28.5,35.9,43.0,985.7
4595,"2026-05-04 17:02:37",43.8583,27.8,35.9,47.0,985.6
4596,"2026-05-04 17:07:37",43.882,27.8,35.9,43.0,985.6
4597,"2026-05-04 17:12:37",43.9233,28.4,35.9,46.0,985.6
4598,"2026-05-04 17:17:37",43.9625,28.6,35.9,43.0,985.5
4599,"2026-05-04 17:22:37",43.9688,27.9,35.9,43.0,985.5
4600,"2026-05-04 17:27:37",44.0205,27.9,35.9,41.0,985.4
4601,"2026-05-04 17:32:37",44.0644,28.1,35.9,45.0,985.5
4602,"2026-05-04 17:37:37",44.093,28.5,35.9,46.0,985.4
4603,"2026-05-04 17:42:37",44.1223,28.2,35.9,42.0,985.4
4604,"2026-05-04 17:47:37",40.642,28.1,35.7,25.0,985.3
4605,"2026-05-04 17:52:37",52.0762,27.1,36.0,63.0,985.3
4606,"2026-05-04 17:57:37",52.1044,26.9,36.6,63.0,985.3
4607,"2026-05-04 18:02:37",52.1468,26.6,36.4,54.0,985.3
4608,"2026-05-04 18:07:37",52.1848,26.6,36.2,58.0,985.3
4609,"2026-05-04 18:12:37",52.2103,27.0,36.1,48.0,985.2
4610,"2026-05-04 18:17:37",52.2353,26.9,36.1,56.0,985.3
4611,"2026-05-04 18:22:37",52.259,27.0,36.1,47.0,985.2
4612,"2026-05-04 18:27:37",52.2896,26.5,36.1,45.0,985.3
4613,"2026-05-04 18:32:37",52.3155,25.7,36.0,55.0,985.3
4614,"2026-05-04 18:37:37",52.3405,25.2,36.0,53.0,985.2
4615,"2026-05-04 18:42:37",52.3293,24.6,36.1,53.0,985.2
4616,"2026-05-04 18:47:37",52.3316,23.9,36.2,54.0,985.2
4617,"2026-05-04 18:52:37",52.3316,23.5,36.3,50.0,985.2
4618,"2026-05-04 18:57:37",52.3332,22.9,36.2,46.0,985.2
4619,"2026-05-04 19:02:37",52.3323,22.7,36.3,49.0,985.2
4620,"2026-05-04 19:07:37",52.3318,22.5,36.3,51.0,985.2
4621,"2026-05-04 19:12:37",52.3433,22.1,36.4,55.0,985.3
4622,"2026-05-04 19:17:37",52.3577,21.5,36.5,51.0,985.3
4623,"2026-05-04 19:22:37",52.3636,21.2,36.4,49.0,985.3
4624,"2026-05-04 19:27:37",52.3763,20.5,36.5,56.0,985.3
4625,"2026-05-04 19:32:37",52.385,19.7,36.5,53.0,985.3
4626,"2026-05-04 19:37:37",52.3965,19.3,36.6,52.0,985.3
4627,"2026-05-04 19:42:37",52.4091,18.7,36.8,53.0,985.3
4628,"2026-05-04 19:47:37",52.4167,18.0,36.8,53.0,985.4
4629,"2026-05-04 19:52:37",52.4261,17.2,36.8,54.0,985.4
4630,"2026-05-04 19:57:37",52.4296,16.7,36.8,52.0,985.4
4631,"2026-05-04 20:02:37",52.4324,16.1,36.8,51.0,985.4
4632,"2026-05-04 20:07:37",52.4312,15.8,36.8,54.0,985.4
4633,"2026-05-04 20:12:37",52.4372,15.3,36.8,55.0,985.5
4634,"2026-05-04 20:17:37",52.4306,14.9,36.8,53.0,985.5
4635,"2026-05-04 20:22:37",52.4239,14.2,36.6,53.0,985.6
4636,"2026-05-04 20:27:37",52.4145,13.6,36.7,48.0,985.5
4637,"2026-05-04 20:32:37",52.4077,13.1,36.7,47.0,985.6
4638,"2026-05-04 20:37:37",52.398,12.9,36.7,52.0,985.6
4639,"2026-05-04 20:42:37",52.3898,12.7,36.7,53.0,985.7
4640,"2026-05-04 20:47:37",52.3833,12.5,36.6,47.0,985.7
4641,"2026-05-04 20:52:37",52.3753,12.4,36.5,49.0,985.7
4642,"2026-05-04 20:57:37",52.3679,12.1,36.6,51.0,985.7
4643,"2026-05-04 21:02:37",52.3606,11.7,36.6,47.0,985.8
4644,"2026-05-04 21:07:37",52.353,11.4,36.5,48.0,985.9
4645,"2026-05-04 21:12:37",52.3448,11.1,36.4,48.0,985.8
4646,"2026-05-04 21:17:37",52.3389,11.1,36.5,46.0,985.9
4647,"2026-05-04 21:22:37",52.3326,10.7,36.5,49.0,985.9
4648,"2026-05-04 21:27:37",52.3252,10.8,36.5,50.0,985.9
4649,"2026-05-04 21:32:37",52.3191,11.2,36.4,45.0,985.8
4650,"2026-05-04 21:37:37",52.3125,11.5,36.4,49.0,985.8
4651,"2026-05-04 21:42:37",52.3103,11.3,36.3,49.0,985.8
4652,"2026-05-04 21:47:37",52.3044,11.1,36.2,49.0,985.8
4653,"2026-05-04 21:52:37",52.3001,11.3,36.2,47.0,985.8
4654,"2026-05-04 21:57:37",52.2974,10.8,36.1,48.0,985.8
4655,"2026-05-04 22:02:37",52.2931,10.9,36.1,49.0,985.9
4656,"2026-05-04 22:07:37",52.2891,10.4,36.1,44.0,985.9
4657,"2026-05-04 22:12:37",52.2843,10.0,36.2,51.0,985.9
4658,"2026-05-04 22:17:37",52.2766,9.9,36.1,50.0,985.9
4659,"2026-05-04 22:22:37",52.2741,9.7,36.0,46.0,985.9
4660,"2026-05-04 22:27:37",52.2676,9.4,36.1,54.0,985.9
4661,"2026-05-04 22:32:37",52.2645,9.2,36.1,53.0,986.0
4662,"2026-05-04 22:37:37",52.2599,8.9,36.1,54.0,986.0
4663,"2026-05-04 22:42:37",52.2561,8.8,36.1,47.0,986.1
4664,"2026-05-04 22:47:37",52.2528,8.8,36.1,47.0,986.1
4665,"2026-05-04 22:52:37",52.2477,8.6,36.0,44.0,986.1
4666,"2026-05-04 22:57:37",52.2428,8.5,36.0,53.0,986.1
4667,"2026-05-04 23:02:37",52.2404,8.5,36.0,47.0,986.1
4668,"2026-05-04 23:07:37",52.2349,8.5,36.0,52.0,986.1
4669,"2026-05-04 23:12:37",52.2338,8.1,35.8,47.0,986.0
4670,"2026-05-04 23:17:37",52.2291,7.9,36.0,47.0,986.0
4671,"2026-05-04 23:22:37",52.2259,7.8,36.0,52.0,985.9
4672,"2026-05-04 23:27:37",52.2223,7.7,35.9,47.0,985.9
4673,"2026-05-04 23:32:37",52.2185,7.6,36.0,52.0,985.8
4674,"2026-05-04 23:37:37",52.214,7.7,36.0,46.0,985.7
4675,"2026-05-04 23:42:37",52.2135,7.6,36.0,49.0,985.8
4676,"2026-05-04 23:47:37",52.2093,7.4,36.0,50.0,985.8
4677,"2026-05-04 23:52:37",52.2052,7.4,36.0,53.0,985.8
4678,"2026-05-04 23:57:37",52.202,7.5,36.0,49.0,985.8
4679,"2026-05-05 00:02:37",52.199,7.6,36.0,46.0,985.8
4680,"2026-05-05 00:07:37",52.1979,7.6,35.9,52.0,985.9
4681,"2026-05-05 00:12:37",52.1966,7.5,35.9,49.0,985.8
4682,"2026-05-05 00:17:37",52.1935,7.5,35.9,45.0,985.7
4683,"2026-05-05 00:22:37",52.1912,7.8,35.9,43.0,985.6
4684,"2026-05-05 00:27:37",52.1918,8.4,35.9,45.0,985.6
4685,"2026-05-05 00:32:37",52.1937,9.2,35.9,46.0,985.5
4686,"2026-05-05 00:37:37",52.196,9.2,35.9,47.0,985.5
4687,"2026-05-05 00:42:37",52.1978,9.5,36.0,51.0,985.4
4688,"2026-05-05 00:47:37",52.1979,10.0,36.0,43.0,985.4
4689,"2026-05-05 00:52:37",52.197,9.8,35.9,43.0,985.4
4690,"2026-05-05 00:57:37",52.1953,9.4,35.9,48.0,985.3
4691,"2026-05-05 01:02:37",52.1918,9.1,35.9,44.0,985.3
4692,"2026-05-05 01:07:37",52.1879,8.9,35.9,47.0,985.2
4693,"2026-05-05 01:12:37",52.1838,8.8,36.0,53.0,985.2
4694,"2026-05-05 01:17:37",52.1811,8.6,36.0,51.0,985.2
4695,"2026-05-05 01:22:37",52.1775,8.3,36.0,54.0,985.2
4696,"2026-05-05 01:27:37",52.1742,8.5,36.0,48.0,985.1
4697,"2026-05-05 01:32:37",52.1716,8.6,35.9,45.0,985.1
4698,"2026-05-05 01:37:37",52.1701,8.6,36.0,54.0,985.1
4699,"2026-05-05 01:42:37",52.1696,9.0,35.9,53.0,985.1
4700,"2026-05-05 01:47:37",52.1683,9.3,35.9,48.0,985.0
4701,"2026-05-05 01:52:37",52.1695,9.6,36.0,47.0,984.9
4702,"2026-05-05 01:57:37",52.169,9.9,36.0,44.0,984.9
4703,"2026-05-05 02:02:37",52.1698,10.0,36.0,43.0,984.9
4704,"2026-05-05 02:07:37",52.1677,10.1,35.9,50.0,984.9
4705,"2026-05-05 02:12:37",52.1682,10.4,35.9,50.0,984.8
4706,"2026-05-05 02:17:37",52.1686,10.4,36.0,50.0,984.7
4707,"2026-05-05 02:22:37",52.1654,10.3,36.0,52.0,984.7
4708,"2026-05-05 02:27:37",52.1624,10.5,35.9,47.0,984.6
4709,"2026-05-05 02:32:37",52.1622,11.6,35.9,47.0,984.6
4710,"2026-05-05 02:37:37",52.1632,11.6,35.8,46.0,984.6
4711,"2026-05-05 02:42:37",52.1601,12.0,35.9,48.0,984.6
4712,"2026-05-05 02:47:37",52.1635,12.1,35.9,46.0,984.5
4713,"2026-05-05 02:52:37",52.1607,12.1,35.9,47.0,984.5
4714,"2026-05-05 02:57:37",52.1563,11.9,35.9,46.0,984.5
4715,"2026-05-05 03:02:37",52.1549,11.9,36.0,45.0,984.3
4716,"2026-05-05 03:07:37",52.1538,12.1,36.0,52.0,984.3
4717,"2026-05-05 03:12:37",52.1513,11.9,36.0,49.0,984.3
4718,"2026-05-05 03:17:37",52.1494,12.0,35.9,50.0,984.2
4719,"2026-05-05 03:22:37",52.1469,11.6,36.0,45.0,984.2
4720,"2026-05-05 03:27:37",52.1407,11.2,36.0,50.0,984.2
4721,"2026-05-05 03:32:37",52.1375,11.0,35.9,47.0,984.1
4722,"2026-05-05 03:37:37",52.1328,10.8,35.8,45.0,984.0
4723,"2026-05-05 03:42:37",52.1267,11.0,35.8,45.0,984.0
4724,"2026-05-05 03:47:37",52.1267,11.8,35.9,50.0,983.9
4725,"2026-05-05 03:52:37",52.1234,12.1,35.9,48.0,983.9
4726,"2026-05-05 03:57:37",52.1257,12.2,35.9,43.0,983.9
4727,"2026-05-05 04:02:37",52.1226,11.9,36.0,48.0,983.8
4728,"2026-05-05 04:07:37",52.1221,12.3,36.0,48.0,983.7
4729,"2026-05-05 04:12:37",52.1194,12.6,36.0,50.0,983.7
4730,"2026-05-05 04:17:37",52.1144,13.0,35.8,48.0,983.5
4731,"2026-05-05 04:22:37",52.1171,13.5,35.9,47.0,983.6
4732,"2026-05-05 04:27:37",52.1132,13.5,36.0,48.0,983.5
4733,"2026-05-05 04:32:37",52.1179,14.1,36.0,51.0,983.5
4734,"2026-05-05 04:37:37",52.1129,13.8,35.9,49.0,983.4
4735,"2026-05-05 04:42:37",52.1077,13.9,35.9,48.0,983.4
4736,"2026-05-05 04:47:37",52.1091,14.1,35.9,47.0,983.3
4737,"2026-05-05 04:52:37",52.1068,14.2,35.9,48.0,983.3
4738,"2026-05-05 04:57:37",52.1067,14.0,35.8,45.0,983.3
4739,"2026-05-05 05:02:37",52.1012,13.7,35.8,40.0,983.3
4740,"2026-05-05 05:07:37",52.0967,13.9,35.8,43.0,983.3
4741,"2026-05-05 05:12:37",52.0844,13.7,36.0,48.0,983.2
4742,"2026-05-05 05:17:37",52.0868,13.9,35.9,43.0,983.2
4743,"2026-05-05 05:22:37",52.0855,13.8,35.9,45.0,983.2
4744,"2026-05-05 05:27:37",52.0799,13.4,35.9,43.0,983.2
4745,"2026-05-05 05:32:37",52.0743,13.5,35.9,47.0,983.1
4746,"2026-05-05 05:37:37",52.0695,13.6,35.9,50.0,983.1
4747,"2026-05-05 05:42:37",52.0642,13.7,35.9,44.0,983.0
4748,"2026-05-05 05:47:37",52.0635,13.8,35.8,50.0,983.0
4749,"2026-05-05 05:52:37",52.0577,14.2,35.9,49.0,982.9
4750,"2026-05-05 05:57:37",52.0509,14.4,35.9,50.0,982.9
4751,"2026-05-05 06:02:37",52.0528,14.8,36.0,50.0,982.9
4752,"2026-05-05 06:07:37",52.0497,14.9,35.9,47.0,982.9
4753,"2026-05-05 06:12:37",52.0429,15.0,35.8,47.0,982.9
4754,"2026-05-05 06:17:37",52.0386,15.4,35.9,42.0,982.9
4755,"2026-05-05 06:22:37",52.0206,15.4,35.9,49.0,982.9
4756,"2026-05-05 06:27:37",52.0125,15.8,35.8,43.0,982.9
4757,"2026-05-05 06:32:37",52.0034,16.0,35.9,48.0,982.8
4758,"2026-05-05 06:37:37",52.0017,16.6,35.9,49.0,982.8
4759,"2026-05-05 06:42:37",51.9922,16.8,35.8,46.0,982.7
4760,"2026-05-05 06:47:37",51.9833,16.8,35.8,45.0,982.7
4761,"2026-05-05 06:52:37",51.9764,17.2,35.8,47.0,982.7
4762,"2026-05-05 06:57:37",51.9508,17.5,35.9,48.0,982.7
4763,"2026-05-05 07:02:37",51.9457,17.6,36.0,50.0,982.6
4764,"2026-05-05 07:07:37",51.9251,17.8,36.0,47.0,982.6
4765,"2026-05-05 07:12:37",51.9166,17.9,36.0,50.0,982.6
4766,"2026-05-05 07:17:37",51.9079,17.9,36.0,45.0,982.6
4767,"2026-05-05 07:22:37",51.8997,18.1,36.0,52.0,982.5
4768,"2026-05-05 07:27:37",51.867,18.2,36.0,49.0,982.5
4769,"2026-05-05 07:32:37",51.8232,18.4,36.1,52.0,982.5
4770,"2026-05-05 07:37:37",51.8076,18.8,36.0,50.0,982.6
4771,"2026-05-05 07:42:37",51.7387,19.2,36.1,51.0,982.6
4772,"2026-05-05 07:47:37",51.6506,19.4,36.1,49.0,982.7
4773,"2026-05-05 07:52:37",51.5636,19.5,36.1,47.0,982.7
4774,"2026-05-05 07:57:37",51.491,19.2,36.0,47.0,982.7
4775,"2026-05-05 08:02:37",51.4653,19.0,36.0,48.0,982.7
4776,"2026-05-05 08:07:37",51.4468,19.6,36.1,50.0,982.8
4777,"2026-05-05 08:12:37",51.4379,19.6,36.1,51.0,982.8
4778,"2026-05-05 08:17:37",51.4413,19.8,36.2,50.0,982.8
4779,"2026-05-05 08:22:37",51.4405,20.2,36.2,51.0,982.8
4780,"2026-05-05 08:27:37",51.4216,20.1,36.2,49.0,982.8
4781,"2026-05-05 08:32:37",51.4282,20.2,36.2,52.0,982.8
4782,"2026-05-05 08:37:37",51.4411,20.3,36.3,54.0,982.7
4783,"2026-05-05 08:42:37",51.455,20.4,36.3,51.0,982.7
4784,"2026-05-05 08:47:37",51.4701,20.2,36.3,50.0,982.6
4785,"2026-05-05 08:52:37",51.4888,20.3,36.3,47.0,982.6
4786,"2026-05-05 08:57:37",51.5178,20.2,36.3,50.0,982.5
4787,"2026-05-05 09:02:37",51.5309,20.0,36.3,50.0,982.5
4788,"2026-05-05 09:07:37",51.5475,20.2,36.3,49.0,982.5
4789,"2026-05-05 09:12:37",51.5516,21.5,36.4,48.0,982.4
4790,"2026-05-05 09:17:37",51.5228,21.4,36.3,43.0,982.4
4791,"2026-05-05 09:22:37",51.5014,22.8,36.3,46.0,982.4
4792,"2026-05-05 09:27:37",51.4603,23.0,36.3,47.0,982.3
4793,"2026-05-05 09:32:37",51.4668,22.6,36.3,46.0,982.4
4794,"2026-05-05 09:37:37",51.4506,22.8,36.3,50.0,982.5
4795,"2026-05-05 09:42:37",51.4673,22.9,36.3,48.0,982.5
4796,"2026-05-05 09:47:37",51.4546,23.6,36.3,50.0,982.5
4797,"2026-05-05 09:52:37",51.4862,23.4,36.3,47.0,982.5
4798,"2026-05-05 09:57:37",51.5142,24.2,36.3,49.0,982.4
4799,"2026-05-05 10:02:37",51.5275,23.5,36.4,49.0,982.5
4800,"2026-05-05 10:07:37",51.5317,23.7,36.3,50.0,982.5
4801,"2026-05-05 10:12:37",51.562,24.0,36.4,48.0,982.5
4802,"2026-05-05 10:17:37",51.5753,23.6,36.3,49.0,982.5
4803,"2026-05-05 10:22:37",51.5994,24.3,36.3,50.0,982.5
4804,"2026-05-05 10:27:37",51.6212,24.9,36.4,51.0,982.4
4805,"2026-05-05 10:32:37",51.6202,23.8,36.4,48.0,982.5
4806,"2026-05-05 10:37:37",51.6681,24.4,36.4,47.0,982.5
4807,"2026-05-05 10:42:37",51.6847,23.9,36.3,48.0,982.4
4808,"2026-05-05 10:47:37",51.7139,23.8,36.3,50.0,982.5
4809,"2026-05-05 10:52:37",51.7332,23.7,36.3,48.0,982.4
4810,"2026-05-05 10:57:37",51.7355,23.4,36.3,48.0,982.4
4811,"2026-05-05 11:02:37",51.7469,23.3,36.3,49.0,982.5
4812,"2026-05-05 11:07:37",51.7562,23.5,36.3,51.0,982.5
4813,"2026-05-05 11:12:37",51.785,24.2,36.3,49.0,982.4
4814,"2026-05-05 11:17:37",51.808,25.2,36.3,49.0,982.3
4815,"2026-05-05 11:22:37",51.8168,25.4,36.3,50.0,982.4
4816,"2026-05-05 11:27:37",51.8491,25.6,36.3,49.0,982.2
4817,"2026-05-05 11:32:37",51.8852,25.9,36.3,47.0,982.1
4818,"2026-05-05 11:37:37",51.9084,26.0,36.2,49.0,982.1
4819,"2026-05-05 11:42:37",51.9357,26.2,36.2,50.0,982.0
4820,"2026-05-05 11:47:37",51.9698,26.1,36.2,48.0,981.9
4821,"2026-05-05 11:52:37",51.9891,26.2,36.2,50.0,981.9
4822,"2026-05-05 11:57:37",52.0247,27.1,36.2,52.0,981.9
4823,"2026-05-05 12:02:37",52.048,25.8,36.2,49.0,981.8
4824,"2026-05-05 12:07:37",52.0647,25.9,36.2,51.0,981.8
4825,"2026-05-05 12:12:37",52.0909,25.9,36.2,47.0,981.9
4826,"2026-05-05 12:17:37",52.118,26.6,36.2,48.0,981.9
4827,"2026-05-05 12:22:37",52.1556,26.8,36.2,48.0,981.8
4828,"2026-05-05 12:27:37",52.1822,27.1,36.2,48.0,981.8
4829,"2026-05-05 12:32:37",52.1731,26.9,36.2,49.0,981.6
4830,"2026-05-05 12:37:37",52.2014,27.1,36.2,51.0,981.5
4831,"2026-05-05 12:42:37",52.2198,27.3,36.1,49.0,981.5
4832,"2026-05-05 12:47:37",52.2531,26.9,36.1,51.0,981.5
4833,"2026-05-05 12:52:37",52.2828,26.2,36.2,50.0,981.5
4834,"2026-05-05 12:57:37",52.3047,25.8,36.2,50.0,981.3
4835,"2026-05-05 13:02:37",52.3329,24.9,36.2,51.0,981.4
4836,"2026-05-05 13:07:37",52.3544,25.1,36.2,50.0,981.4
4837,"2026-05-05 13:12:37",52.3733,25.2,36.1,50.0,981.4
4838,"2026-05-05 13:17:37",52.3732,25.1,36.1,50.0,981.4
4839,"2026-05-05 13:22:37",52.3568,24.7,36.1,51.0,981.3
4840,"2026-05-05 13:27:37",52.3713,24.9,36.1,52.0,981.4
4841,"2026-05-05 13:32:37",52.4105,25.0,36.1,50.0,981.2
4842,"2026-05-05 13:37:37",52.4329,24.8,36.1,51.0,981.2
4843,"2026-05-05 13:42:37",52.427,25.1,36.1,51.0,981.1
4844,"2026-05-05 13:47:37",52.4065,25.2,36.1,53.0,981.2
4845,"2026-05-05 13:52:37",52.3671,24.9,36.1,52.0,981.2
4846,"2026-05-05 13:57:37",52.3598,24.5,36.1,49.0,981.2
4847,"2026-05-05 14:02:37",52.3464,24.4,36.1,52.0,981.2
4848,"2026-05-05 14:07:37",52.3506,24.4,36.1,51.0,981.1
4849,"2026-05-05 14:12:37",52.4114,24.7,36.0,50.0,981.1
4850,"2026-05-05 14:17:37",52.4203,24.6,36.0,56.0,981.0
4851,"2026-05-05 14:22:37",52.4202,24.8,36.0,48.0,981.0
4852,"2026-05-05 14:27:37",52.445,25.0,36.1,50.0,980.9
4853,"2026-05-05 14:32:37",52.4589,25.6,36.0,51.0,981.0
4854,"2026-05-05 14:37:37",52.4496,25.2,36.0,50.0,981.0
4855,"2026-05-05 14:42:37",52.4719,25.1,36.0,48.0,980.9
4856,"2026-05-05 14:47:37",52.5098,25.1,36.0,50.0,980.9
4857,"2026-05-05 14:52:37",52.5535,25.2,35.9,50.0,980.8
4858,"2026-05-05 14:57:37",52.5564,25.0,35.9,50.0,980.8
4859,"2026-05-05 15:02:37",52.6181,26.8,35.9,47.0,980.6
4860,"2026-05-05 15:07:37",52.6281,27.5,36.0,51.0,980.6
4861,"2026-05-05 15:12:37",52.6242,26.9,36.0,50.0,980.4
4862,"2026-05-05 15:17:37",52.6294,27.7,35.9,49.0,980.5
4863,"2026-05-05 15:22:37",52.6376,27.6,36.0,51.0,980.4
4864,"2026-05-05 15:27:37",52.6418,28.8,36.0,52.0,980.4
4865,"2026-05-05 15:32:37",52.677,28.1,36.0,49.0,980.2
4866,"2026-05-05 15:37:37",52.7137,28.0,36.1,51.0,980.2
4867,"2026-05-05 15:42:37",52.7197,28.0,36.1,48.0,980.4
4868,"2026-05-05 15:47:37",52.7818,27.1,36.1,51.0,980.2
4869,"2026-05-05 15:52:37",52.8412,28.1,36.2,49.0,980.3
4870,"2026-05-05 15:57:37",52.8716,28.4,36.1,50.0,980.3
4871,"2026-05-05 16:02:37",52.8643,27.9,36.1,47.0,980.2
4872,"2026-05-05 16:07:37",52.9275,27.7,36.1,49.0,980.1
4873,"2026-05-05 16:12:37",52.9658,27.8,36.2,48.0,980.1
4874,"2026-05-05 16:17:37",53.003,27.9,36.1,47.0,980.0
4875,"2026-05-05 16:22:37",53.0415,27.5,36.0,47.0,980.1
4876,"2026-05-05 16:27:37",53.0572,26.6,36.1,49.0,980.2
4877,"2026-05-05 16:32:37",53.0945,26.8,36.1,47.0,980.0
4878,"2026-05-05 16:37:37",53.1545,27.6,36.1,49.0,979.9
4879,"2026-05-05 16:42:37",53.2011,26.4,36.1,51.0,980.0
4880,"2026-05-05 16:47:37",53.2256,27.5,36.1,47.0,979.9
4881,"2026-05-05 16:52:37",53.2595,28.6,36.1,46.0,979.8
4882,"2026-05-05 16:57:37",53.2763,27.6,36.1,46.0,979.8
4883,"2026-05-05 17:02:37",53.2899,27.8,36.1,48.0,979.7
4884,"2026-05-05 17:07:37",53.3021,27.8,36.1,52.0,979.7
4885,"2026-05-05 17:12:37",53.315,28.0,36.1,50.0,979.6
4886,"2026-05-05 17:17:37",53.3377,28.3,36.1,48.0,979.5
4887,"2026-05-05 17:22:37",53.3502,27.6,36.1,48.0,979.5
4888,"2026-05-05 17:27:37",53.3566,27.5,36.1,51.0,979.5
4889,"2026-05-05 17:32:37",53.3607,27.2,36.1,49.0,979.4
4890,"2026-05-05 17:37:37",53.3768,26.5,36.1,48.0,979.3
4891,"2026-05-05 17:42:37",53.4165,26.6,36.1,50.0,979.4
4892,"2026-05-05 17:47:37",53.4637,26.6,36.2,51.0,979.3
4893,"2026-05-05 17:52:37",53.4977,25.4,36.1,49.0,979.2
4894,"2026-05-05 17:57:37",53.528,26.3,36.1,48.0,979.3
4895,"2026-05-05 18:02:37",53.5687,26.6,36.2,52.0,979.2
4896,"2026-05-05 18:07:37",53.6186,26.8,36.2,48.0,979.2
4897,"2026-05-05 18:12:37",53.6654,26.6,36.2,47.0,979.3
4898,"2026-05-05 18:17:37",53.7039,26.1,36.1,48.0,979.3
4899,"2026-05-05 18:22:37",53.73,26.1,36.1,48.0,979.2
4900,"2026-05-05 18:27:37",53.7594,25.7,36.1,48.0,979.3
4901,"2026-05-05 18:32:37",53.8081,25.8,36.1,48.0,979.1
4902,"2026-05-05 18:37:37",53.8176,25.3,36.1,48.0,979.1
4903,"2026-05-05 18:42:37",53.814,24.6,36.1,47.0,979.2
4904,"2026-05-05 18:47:37",53.8031,23.9,36.1,50.0,979.2
4905,"2026-05-05 18:52:37",53.8106,23.4,36.1,46.0,979.2
4906,"2026-05-05 18:57:37",53.8163,23.1,36.1,47.0,979.2
4907,"2026-05-05 19:02:37",53.8113,22.8,36.0,48.0,979.2
4908,"2026-05-05 19:07:37",53.8177,22.5,36.0,46.0,979.2
4909,"2026-05-05 19:12:37",53.8065,22.4,36.0,47.0,979.3
4910,"2026-05-05 19:17:37",53.8195,22.3,36.1,49.0,979.4
4911,"2026-05-05 19:22:37",53.8216,21.9,36.1,47.0,979.3
4912,"2026-05-05 19:27:37",53.8178,21.7,36.1,48.0,979.4
4913,"2026-05-05 19:32:37",53.8245,21.4,36.1,50.0,979.3
4914,"2026-05-05 19:37:37",53.8193,21.1,36.0,49.0,979.3
4915,"2026-05-05 19:42:37",53.8356,20.9,36.0,46.0,979.4
4916,"2026-05-05 19:47:37",53.8419,20.8,36.0,49.0,979.4
4917,"2026-05-05 19:52:37",53.8464,20.6,36.0,46.0,979.4
4918,"2026-05-05 19:57:37",53.8465,20.5,36.0,47.0,979.5
4919,"2026-05-05 20:02:37",53.8482,20.4,36.0,50.0,979.5
4920,"2026-05-05 20:07:37",53.8415,20.1,36.0,48.0,979.5
4921,"2026-05-05 20:12:37",53.8388,20.1,36.0,46.0,979.6
4922,"2026-05-05 20:17:37",53.8395,19.8,36.0,48.0,979.6
4923,"2026-05-05 20:22:37",53.8326,19.7,35.9,48.0,979.6
4924,"2026-05-05 20:27:37",53.8265,19.6,35.9,48.0,979.7
4925,"2026-05-05 20:32:37",53.8188,19.3,35.9,48.0,979.8
4926,"2026-05-05 20:37:37",53.8119,19.3,36.0,48.0,979.7
4927,"2026-05-05 20:42:37",53.8099,19.0,36.0,50.0,979.8
4928,"2026-05-05 20:47:37",53.8035,18.6,36.0,48.0,979.8
4929,"2026-05-05 20:52:37",53.7893,18.8,36.0,47.0,979.8
4930,"2026-05-05 20:57:37",53.7867,18.8,36.0,51.0,979.8
4931,"2026-05-05 21:02:37",53.779,18.6,36.0,52.0,979.8
4932,"2026-05-05 21:07:37",53.779,18.2,36.0,52.0,979.9
4933,"2026-05-05 21:12:37",53.7703,18.4,36.0,50.0,979.8
4934,"2026-05-05 21:17:37",53.7402,18.2,36.0,48.0,979.8
4935,"2026-05-05 21:22:37",53.7633,18.1,36.0,46.0,979.8
4936,"2026-05-05 21:27:37",53.7574,18.0,36.0,47.0,979.8
4937,"2026-05-05 21:32:37",53.7339,18.1,35.9,42.0,979.8
4938,"2026-05-05 21:37:37",53.7469,17.9,36.0,45.0,979.7
4939,"2026-05-05 21:42:37",53.7361,17.8,36.0,48.0,979.7
4940,"2026-05-05 21:47:37",53.73,17.8,35.9,46.0,979.8
4941,"2026-05-05 21:52:37",53.7189,17.5,35.9,49.0,979.7
4942,"2026-05-05 21:57:37",53.7211,17.3,35.8,45.0,979.8
4943,"2026-05-05 22:02:37",53.723,17.2,35.9,45.0,979.8
4944,"2026-05-05 22:07:37",53.7156,17.1,35.9,46.0,979.9
4945,"2026-05-05 22:12:37",53.7115,17.0,35.9,47.0,979.9
4946,"2026-05-05 22:17:37",53.7088,16.7,35.9,50.0,979.9
4947,"2026-05-05 22:22:37",53.7006,16.2,35.9,49.0,979.9
4948,"2026-05-05 22:27:37",53.6949,16.4,35.9,50.0,980.0
4949,"2026-05-05 22:32:37",53.6921,16.2,35.9,50.0,980.0
4950,"2026-05-05 22:37:37",53.6872,15.9,35.9,49.0,980.0
4951,"2026-05-05 22:42:37",53.6786,15.7,35.9,45.0,979.9
4952,"2026-05-05 22:47:37",53.6752,16.1,35.9,48.0,979.9
4953,"2026-05-05 22:52:37",53.6688,16.2,35.9,49.0,979.8
4954,"2026-05-05 22:57:37",53.6645,16.1,35.9,48.0,979.8
4955,"2026-05-05 23:02:37",53.6674,16.1,35.8,53.0,979.8
4956,"2026-05-05 23:07:37",53.6585,15.9,35.8,50.0,979.7
4957,"2026-05-05 23:12:37",53.6559,16.2,35.8,47.0,979.7
4958,"2026-05-05 23:17:37",53.6559,16.2,35.8,47.0,979.7
4959,"2026-05-05 23:22:37",53.6544,16.2,35.8,45.0,979.7
4960,"2026-05-05 23:27:37",53.6541,16.2,35.9,50.0,979.7
4961,"2026-05-05 23:32:37",53.6474,16.1,35.9,50.0,979.6
4962,"2026-05-05 23:37:37",53.6459,15.8,35.9,48.0,979.6
4963,"2026-05-05 23:42:37",53.6374,16.0,35.9,48.0,979.7
4964,"2026-05-05 23:47:37",53.6397,15.9,35.8,48.0,979.7
4965,"2026-05-05 23:52:37",53.6309,15.5,35.8,48.0,979.6
4966,"2026-05-05 23:57:37",53.6299,15.4,35.8,50.0,979.7
4967,"2026-05-06 00:02:37",53.6266,15.6,35.8,49.0,979.6
4968,"2026-05-06 00:07:37",53.6226,15.6,35.9,51.0,979.6
4969,"2026-05-06 00:12:37",53.6173,15.8,35.9,48.0,979.6
4970,"2026-05-06 00:17:37",53.6143,15.9,35.9,50.0,979.5
4971,"2026-05-06 00:22:37",53.6113,15.7,36.0,50.0,979.5
4972,"2026-05-06 00:27:37",53.6125,15.6,36.0,49.0,979.6
4973,"2026-05-06 00:32:37",53.6104,15.6,35.9,47.0,979.5
4974,"2026-05-06 00:37:37",53.6059,15.6,35.8,48.0,979.4
4975,"2026-05-06 00:42:37",53.5974,15.5,35.9,49.0,979.4
4976,"2026-05-06 00:47:37",53.5995,15.5,36.0,50.0,979.5
4977,"2026-05-06 00:52:37",53.5956,15.1,35.9,49.0,979.6
4978,"2026-05-06 00:57:37",53.5937,15.0,35.8,47.0,979.5
4979,"2026-05-06 01:02:37",53.5891,14.4,35.9,49.0,979.5
4980,"2026-05-06 01:07:37",53.5774,14.8,35.9,50.0,979.5
4981,"2026-05-06 01:12:37",53.583,14.7,36.0,48.0,979.4
4982,"2026-05-06 01:17:37",53.576,14.3,35.9,52.0,979.4
4983,"2026-05-06 01:22:37",53.5755,14.6,36.0,49.0,979.4
4984,"2026-05-06 01:27:37",53.5708,14.5,36.0,49.0,979.3
4985,"2026-05-06 01:32:37",53.5692,14.6,35.9,49.0,979.3
4986,"2026-05-06 01:37:37",53.5661,14.6,35.9,47.0,979.3
4987,"2026-05-06 01:42:37",53.5643,14.3,36.0,49.0,979.4
4988,"2026-05-06 01:47:37",53.562,14.6,35.9,47.0,979.4
4989,"2026-05-06 01:52:37",53.5593,14.6,36.0,51.0,979.4
4990,"2026-05-06 01:57:37",53.5567,14.4,36.0,49.0,979.3
4991,"2026-05-06 02:02:37",53.5527,14.7,36.0,45.0,979.3
4992,"2026-05-06 02:07:37",53.5504,14.6,35.9,46.0,979.4
4993,"2026-05-06 02:12:37",53.5494,14.5,35.9,50.0,979.4
4994,"2026-05-06 02:17:37",53.5417,14.4,36.0,50.0,979.4
4995,"2026-05-06 02:22:37",53.5431,14.4,35.9,52.0,979.4
4996,"2026-05-06 02:27:37",53.5374,14.2,35.9,50.0,979.4
4997,"2026-05-06 02:32:37",53.5366,13.9,35.9,48.0,979.5
4998,"2026-05-06 02:37:37",53.531,13.8,35.8,46.0,979.5
4999,"2026-05-06 02:42:37",53.5261,13.7,35.9,49.0,979.5
5000,"2026-05-06 02:47:37",53.5237,13.7,35.9,47.0,979.4
5001,"2026-05-06 02:52:37",53.519,13.9,35.9,50.0,979.4
5002,"2026-05-06 02:57:37",53.5187,13.8,35.9,47.0,979.5
5003,"2026-05-06 03:02:37",53.5099,13.5,36.0,50.0,979.5
5004,"2026-05-06 03:07:37",53.5136,13.5,36.0,47.0,979.6
5005,"2026-05-06 03:12:37",53.5109,13.8,36.0,50.0,979.7
5006,"2026-05-06 03:17:37",53.5094,13.8,36.0,48.0,979.7
5007,"2026-05-06 03:22:37",53.508,13.4,36.0,48.0,979.9
5008,"2026-05-06 03:27:37",53.5061,13.1,36.0,48.0,979.9
5009,"2026-05-06 03:32:37",53.5012,13.1,36.0,48.0,979.9
5010,"2026-05-06 03:37:37",53.4931,13.1,36.0,50.0,979.8
5011,"2026-05-06 03:42:37",53.4964,13.0,36.0,47.0,979.8
5012,"2026-05-06 03:47:37",53.4915,13.1,36.0,49.0,979.8
5013,"2026-05-06 03:52:37",53.4913,13.2,36.0,48.0,979.9
5014,"2026-05-06 03:57:37",53.4902,12.9,35.8,47.0,979.9
5015,"2026-05-06 04:02:37",53.4868,12.7,35.8,47.0,979.9
5016,"2026-05-06 04:07:37",53.4839,12.6,35.8,45.0,979.9
5017,"2026-05-06 04:12:37",53.4814,12.5,35.9,48.0,980.0
5018,"2026-05-06 04:17:37",53.4786,12.4,35.9,50.0,980.0
5019,"2026-05-06 04:22:37",53.4741,12.5,35.9,49.0,979.9
5020,"2026-05-06 04:27:37",53.4733,12.1,35.9,48.0,979.9
5021,"2026-05-06 04:32:37",53.4703,11.9,35.8,46.0,979.9
5022,"2026-05-06 04:37:37",53.4659,11.6,35.8,49.0,979.9
5023,"2026-05-06 04:42:37",53.4615,11.9,35.8,45.0,979.9
5024,"2026-05-06 04:47:37",53.4584,11.6,35.8,48.0,980.0
5025,"2026-05-06 04:52:37",53.4554,11.4,35.8,51.0,979.9
5026,"2026-05-06 04:57:37",53.4524,10.9,35.9,49.0,979.9
5027,"2026-05-06 05:02:37",53.4483,10.8,35.9,50.0,979.9
5028,"2026-05-06 05:07:37",53.4449,10.8,35.9,49.0,980.0
5029,"2026-05-06 05:12:37",53.44,10.6,35.9,49.0,980.1
5030,"2026-05-06 05:17:37",53.4387,10.1,35.9,49.0,980.1
5031,"2026-05-06 05:22:37",53.4331,10.1,35.8,48.0,980.1
5032,"2026-05-06 05:27:37",53.4299,10.2,35.7,46.0,980.2
5033,"2026-05-06 05:32:37",53.4263,10.0,35.8,47.0,980.2
5034,"2026-05-06 05:37:37",53.4242,10.1,35.8,49.0,980.3
5035,"2026-05-06 05:42:37",53.4223,9.9,35.8,46.0,980.3
5036,"2026-05-06 05:47:37",53.4192,10.1,35.8,46.0,980.3
5037,"2026-05-06 05:52:37",53.418,10.3,35.7,48.0,980.4
5038,"2026-05-06 05:57:37",53.4184,10.4,35.7,48.0,980.4
5039,"2026-05-06 06:02:37",53.4183,10.6,35.7,49.0,980.4
5040,"2026-05-06 06:07:37",53.4184,11.0,35.8,49.0,980.4
5041,"2026-05-06 06:12:37",53.4205,10.9,35.9,48.0,980.4
5042,"2026-05-06 06:17:37",53.4224,11.2,35.9,51.0,980.4
5043,"2026-05-06 06:22:37",53.4248,11.6,35.9,47.0,980.4
5044,"2026-05-06 06:27:37",53.4256,11.4,35.8,48.0,980.5
5045,"2026-05-06 06:32:37",53.4217,11.9,35.8,50.0,980.5
5046,"2026-05-06 06:37:37",53.4213,12.5,35.8,50.0,980.6
5047,"2026-05-06 06:42:37",53.414,13.3,35.8,47.0,980.7
5048,"2026-05-06 06:47:37",53.4027,13.9,35.8,49.0,980.7
5049,"2026-05-06 06:52:37",53.4026,14.4,35.8,50.0,980.8
5050,"2026-05-06 06:57:37",53.3956,14.3,35.8,48.0,980.8
5051,"2026-05-06 07:02:37",53.3891,14.8,35.8,50.0,980.9
5052,"2026-05-06 07:07:37",53.3925,14.6,35.8,49.0,980.9
5053,"2026-05-06 07:12:37",53.398,15.2,35.8,46.0,980.8
5054,"2026-05-06 07:17:37",53.3847,15.9,35.9,52.0,980.9
5055,"2026-05-06 07:22:37",53.3692,16.2,35.8,51.0,980.9
5056,"2026-05-06 07:27:37",53.3617,16.9,35.9,49.0,981.0
5057,"2026-05-06 07:32:37",53.3481,17.4,35.9,52.0,980.9
5058,"2026-05-06 07:37:37",53.338,17.6,36.0,52.0,980.9
5059,"2026-05-06 07:42:37",53.3281,18.4,36.0,49.0,981.0
5060,"2026-05-06 07:47:37",53.3134,18.6,36.0,49.0,981.0
5061,"2026-05-06 07:52:37",53.3043,18.0,36.0,47.0,981.0
5062,"2026-05-06 07:57:37",53.2935,18.1,35.9,51.0,981.1
5063,"2026-05-06 08:02:37",53.2577,18.4,36.0,50.0,981.1
5064,"2026-05-06 08:07:37",53.1839,18.2,36.0,47.0,981.1
5065,"2026-05-06 08:12:37",53.1206,18.5,36.0,49.0,981.1
5066,"2026-05-06 08:17:37",53.024,18.9,36.0,50.0,981.1
5067,"2026-05-06 08:22:37",52.9126,19.1,36.1,50.0,981.2
5068,"2026-05-06 08:27:37",52.84,19.1,36.1,51.0,981.2
5069,"2026-05-06 08:32:37",52.7947,18.9,36.1,52.0,981.2
5070,"2026-05-06 08:37:37",52.7633,19.2,36.2,52.0,981.4
5071,"2026-05-06 08:42:37",52.7568,19.6,36.2,49.0,981.4
5072,"2026-05-06 08:47:37",52.7433,19.5,36.2,49.0,981.4
5073,"2026-05-06 08:52:37",52.7606,19.2,36.2,51.0,981.3
5074,"2026-05-06 08:57:37",52.7915,19.6,36.2,50.0,981.3
5075,"2026-05-06 09:02:37",52.8285,20.1,36.2,49.0,981.2
5076,"2026-05-06 09:07:37",52.8809,20.2,36.2,51.0,981.3
5077,"2026-05-06 09:12:37",52.9328,20.1,36.2,53.0,981.3
5078,"2026-05-06 09:17:37",52.9698,20.4,36.2,54.0,981.2
5079,"2026-05-06 09:22:37",52.9947,20.4,36.2,50.0,981.3
5080,"2026-05-06 09:27:37",53.0203,20.9,36.2,49.0,981.2
5081,"2026-05-06 09:32:37",53.0617,21.2,36.2,52.0,981.2
5082,"2026-05-06 09:37:37",53.0569,21.2,36.2,53.0,981.2
5083,"2026-05-06 09:42:37",53.046,21.2,36.2,50.0,981.1
5084,"2026-05-06 09:47:37",53.0473,21.1,36.2,49.0,981.2
5085,"2026-05-06 09:52:37",53.0672,21.5,36.1,50.0,981.1
5086,"2026-05-06 09:57:37",53.0953,21.2,36.2,51.0,981.2
5087,"2026-05-06 10:02:37",53.1259,21.7,36.1,50.0,981.2
5088,"2026-05-06 10:07:37",53.1483,21.2,36.1,52.0,981.2
5089,"2026-05-06 10:12:37",53.1724,21.3,36.1,52.0,981.2
5090,"2026-05-06 10:17:37",53.2151,21.4,36.1,48.0,981.2
5091,"2026-05-06 10:22:37",53.2349,21.3,36.0,50.0,981.2
5092,"2026-05-06 10:27:37",53.2655,22.1,36.1,53.0,981.2
5093,"2026-05-06 10:32:37",53.2955,22.5,36.0,52.0,981.2
5094,"2026-05-06 10:37:37",53.3457,22.3,36.0,52.0,981.2
5095,"2026-05-06 10:42:37",53.3735,23.2,36.0,51.0,981.2
5096,"2026-05-06 10:47:37",53.4004,22.9,36.0,51.0,981.2
5097,"2026-05-06 10:52:37",53.4209,22.9,36.0,51.0,981.2
5098,"2026-05-06 10:54:41",53.4848,23.4,36.0,51.0,981.2
5099,"2026-05-06 11:07:49",53.5154,24.0,36.0,51.0,981.2
5100,"2026-05-06 11:29:30",53.6407,23.2,35.9,50.0,981.2
5101,"2026-05-06 14:31:04",54.6296,24.4,35.7,52.0,980.5
5102,"2026-05-06 14:51:59",54.7538,25.5,35.7,52.0,980.4
5103,"2026-05-06 15:56:33",55.3369,23.3,35.8,48.0,979.8
5104,"2026-05-06 17:07:08",55.9859,22.9,35.7,47.0,979.2
5105,"2026-05-06 18:13:08",56.4094,22.7,35.8,53.0,978.6
5106,"2026-05-06 18:29:04",56.436,23.9,35.7,47.0,978.5
5107,"2026-05-06 18:34:34",56.4434,23.9,35.7,51.0,978.4
5108,"2026-05-06 18:39:37",56.4318,23.1,35.7,54.0,978.4
5109,"2026-05-06 18:44:38",56.4301,22.7,35.8,53.0,978.3
5110,"2026-05-06 18:49:38",56.4342,22.6,35.8,51.0,978.4
5111,"2026-05-06 18:54:38",56.4294,22.2,35.7,51.0,978.3
5112,"2026-05-06 18:59:38",56.4304,22.1,35.7,46.0,978.2
5113,"2026-05-06 19:04:38",56.4311,21.9,35.7,52.0,978.2
5114,"2026-05-06 19:09:38",56.4367,21.7,35.7,52.0,978.2
5115,"2026-05-06 19:14:38",56.4354,21.5,35.8,51.0,978.2
5116,"2026-05-06 19:19:38",56.432,21.3,35.8,51.0,978.2
5117,"2026-05-06 19:24:38",56.4342,21.1,35.8,52.0,978.1
5118,"2026-05-06 19:29:38",56.4319,20.9,35.7,53.0,978.2
5119,"2026-05-06 19:34:38",56.4326,20.7,35.7,48.0,978.1
5120,"2026-05-06 19:39:38",56.4306,20.7,35.7,51.0,978.1
5121,"2026-05-06 19:44:38",56.4276,20.6,35.7,47.0,978.1
5122,"2026-05-06 19:49:38",56.4328,20.4,35.7,52.0,978.1
5123,"2026-05-06 19:54:38",56.4312,20.4,35.7,49.0,978.1
5124,"2026-05-06 19:59:38",56.433,20.3,35.7,52.0,978.1
5125,"2026-05-06 20:04:38",56.432,19.9,35.7,49.0,978.1
5126,"2026-05-06 20:09:38",56.4334,20.0,35.7,51.0,978.2
5127,"2026-05-06 20:14:38",56.4317,19.8,35.7,51.0,978.3
5128,"2026-05-06 20:19:38",56.3941,19.9,35.7,53.0,978.3
5129,"2026-05-06 20:24:38",56.4224,19.6,35.8,51.0,978.3
5130,"2026-05-06 20:29:38",56.4143,19.6,35.8,53.0,978.4
5131,"2026-05-06 20:34:38",56.4067,19.4,35.8,53.0,978.5
5132,"2026-05-06 20:39:38",56.4048,19.4,35.8,53.0,978.5
5133,"2026-05-06 20:44:38",56.4002,19.1,35.8,48.0,978.5
5134,"2026-05-06 20:49:38",56.3858,18.8,35.8,49.0,978.6
5135,"2026-05-06 20:54:38",56.3848,18.6,35.7,50.0,978.6
5136,"2026-05-06 20:59:38",56.3786,18.6,35.8,49.0,978.7
5137,"2026-05-06 21:04:38",56.3718,18.6,35.8,52.0,978.8
5138,"2026-05-06 21:09:38",56.3651,18.6,35.8,54.0,978.8
5139,"2026-05-06 21:14:38",56.3638,18.8,35.8,51.0,978.8
5140,"2026-05-06 21:19:38",56.3574,18.6,35.8,50.0,978.9
5141,"2026-05-06 21:24:38",56.3496,18.4,35.8,53.0,978.9
5142,"2026-05-06 21:29:38",56.3487,18.5,35.8,51.0,978.8
5143,"2026-05-06 21:34:38",56.3427,18.4,35.8,53.0,978.9
5144,"2026-05-06 21:39:38",56.3283,18.2,35.8,51.0,978.9
5145,"2026-05-06 21:44:38",56.3325,18.3,35.8,50.0,978.9
5146,"2026-05-06 21:49:38",56.3273,18.2,35.8,51.0,978.8
5147,"2026-05-06 21:54:38",56.3209,18.1,35.8,50.0,978.9
5148,"2026-05-06 21:59:38",56.3178,18.2,35.8,52.0,978.8
5149,"2026-05-06 22:04:38",56.3143,18.0,35.8,52.0,978.8
5150,"2026-05-06 22:09:38",56.2561,18.0,35.8,49.0,978.8
5151,"2026-05-06 22:14:38",56.2732,18.2,35.8,52.0,978.8
5152,"2026-05-06 22:19:38",56.297,18.1,35.8,51.0,978.8
5153,"2026-05-06 22:24:38",56.2919,18.1,35.8,52.0,978.8
5154,"2026-05-06 22:29:38",56.2907,18.0,35.8,51.0,978.9
5155,"2026-05-06 22:34:38",56.2717,18.0,35.8,50.0,978.9
5156,"2026-05-06 22:39:38",56.2775,18.0,35.8,53.0,979.1
5157,"2026-05-06 22:44:38",56.2721,17.8,35.8,48.0,979.2
5158,"2026-05-06 22:49:38",56.2614,17.6,35.9,51.0,979.1
5159,"2026-05-06 22:54:38",56.2621,17.8,35.9,53.0,979.0
5160,"2026-05-06 22:59:38",56.2582,17.4,35.9,52.0,979.1
5161,"2026-05-06 23:04:38",56.2482,17.7,35.9,50.0,979.1
5162,"2026-05-06 23:09:38",56.2374,17.7,35.8,52.0,979.1
5163,"2026-05-06 23:14:38",56.2339,17.8,35.8,50.0,979.2
5164,"2026-05-06 23:19:38",56.2375,17.7,35.9,52.0,979.2
5165,"2026-05-06 23:24:38",56.2193,17.7,36.0,53.0,979.3
5166,"2026-05-06 23:29:38",56.2339,17.4,35.9,51.0,979.3
5167,"2026-05-06 23:34:38",56.2062,17.1,35.9,49.0,979.3
5168,"2026-05-06 23:39:38",56.2208,17.3,36.0,50.0,979.3
5169,"2026-05-06 23:44:38",56.2182,17.3,35.9,49.0,979.3
5170,"2026-05-06 23:49:38",56.2116,17.2,35.9,52.0,979.3
5171,"2026-05-06 23:54:38",56.2077,17.2,36.0,51.0,979.3
5172,"2026-05-06 23:59:38",56.1993,17.1,35.9,52.0,979.4
5173,"2026-05-07 00:04:38",56.1933,17.1,35.9,51.0,979.4
5174,"2026-05-07 00:09:38",56.1961,17.0,36.0,53.0,979.3
5175,"2026-05-07 00:14:38",56.1869,16.8,35.9,49.0,979.4
5176,"2026-05-07 00:19:38",56.1607,16.9,35.8,42.0,979.5
5177,"2026-05-07 00:24:38",56.1739,16.9,35.8,51.0,979.5
5178,"2026-05-07 00:29:38",56.174,16.6,36.0,52.0,979.6
5179,"2026-05-07 00:34:38",56.1709,16.6,35.9,47.0,979.6
5180,"2026-05-07 00:39:38",56.1674,16.5,35.9,51.0,979.6
5181,"2026-05-07 00:44:38",56.1657,16.2,35.9,49.0,979.7
5182,"2026-05-07 00:49:38",56.1598,16.2,36.0,49.0,979.7
5183,"2026-05-07 00:54:38",56.1554,16.3,35.9,51.0,979.7
5184,"2026-05-07 00:59:38",56.1468,16.1,36.0,49.0,979.7
5185,"2026-05-07 01:04:38",56.1425,16.1,36.0,52.0,979.7
5186,"2026-05-07 01:09:38",56.1415,16.1,36.0,51.0,979.7
5187,"2026-05-07 01:14:38",56.1412,16.0,36.0,52.0,979.7
5188,"2026-05-07 01:19:38",56.1351,15.9,36.0,50.0,979.6
5189,"2026-05-07 01:24:38",56.1332,16.1,36.0,45.0,979.6
5190,"2026-05-07 01:29:38",56.1174,16.1,36.0,48.0,979.8
5191,"2026-05-07 01:34:38",56.1261,16.1,36.0,48.0,979.8
5192,"2026-05-07 01:39:38",56.1222,16.2,35.9,50.0,979.9
5193,"2026-05-07 01:44:38",56.113,16.1,36.0,50.0,979.8
5194,"2026-05-07 01:49:38",56.1124,16.2,36.0,51.0,979.7
5195,"2026-05-07 01:54:38",56.1133,16.2,36.0,50.0,979.7
5196,"2026-05-07 01:59:38",56.1085,16.4,36.0,50.0,979.8
5197,"2026-05-07 02:04:38",56.1054,16.3,36.0,51.0,979.8
5198,"2026-05-07 02:09:38",56.0987,16.2,36.1,51.0,979.9
5199,"2026-05-07 02:14:38",56.0978,16.3,36.0,52.0,979.9
5200,"2026-05-07 02:19:38",56.0945,16.1,36.0,50.0,980.0
5201,"2026-05-07 02:24:38",56.0902,16.2,35.9,52.0,979.9
5202,"2026-05-07 02:29:38",56.0866,16.1,35.9,47.0,979.8
5203,"2026-05-07 02:34:38",56.0817,16.1,36.0,49.0,979.9
5204,"2026-05-07 02:39:38",56.0771,16.3,36.0,51.0,979.9
5205,"2026-05-07 02:44:38",56.075,16.2,36.0,51.0,979.9
5206,"2026-05-07 02:49:38",56.0721,16.2,36.0,49.0,980.0
5207,"2026-05-07 02:54:38",56.0656,16.1,36.0,51.0,980.0
5208,"2026-05-07 02:59:38",56.0626,16.2,36.0,50.0,980.1
5209,"2026-05-07 03:04:38",56.0608,16.1,35.9,48.0,980.1
5210,"2026-05-07 03:09:38",56.0564,16.0,35.9,47.0,980.1
5211,"2026-05-07 03:14:38",56.0525,15.9,36.0,49.0,980.1
5212,"2026-05-07 03:19:38",56.046,15.9,36.0,50.0,980.1
5213,"2026-05-07 03:24:38",56.0408,15.9,36.0,49.0,980.3
5214,"2026-05-07 03:29:38",56.0398,15.9,36.0,50.0,980.4
5215,"2026-05-07 03:34:38",56.0354,15.8,36.0,50.0,980.3
5216,"2026-05-07 03:39:38",56.0316,15.7,36.0,51.0,980.3
5217,"2026-05-07 03:44:38",56.0216,15.6,35.9,47.0,980.3
5218,"2026-05-07 03:49:38",56.0166,15.6,35.9,50.0,980.4
5219,"2026-05-07 03:54:38",56.0158,15.5,36.0,51.0,980.5
5220,"2026-05-07 03:59:38",56.0059,15.5,35.9,47.0,980.5
5221,"2026-05-07 04:04:38",56.006,15.4,35.9,46.0,980.5
5222,"2026-05-07 04:09:38",55.9988,15.4,35.9,50.0,980.6
5223,"2026-05-07 04:14:38",55.9978,15.3,35.9,51.0,980.7
5224,"2026-05-07 04:19:38",55.9912,15.2,36.0,50.0,980.8
5225,"2026-05-07 04:24:38",55.9904,15.2,35.9,51.0,980.8
5226,"2026-05-07 04:29:38",55.9873,15.1,35.9,51.0,980.9
5227,"2026-05-07 04:34:38",55.9816,15.1,35.9,51.0,980.9
5228,"2026-05-07 04:39:38",55.9778,15.1,35.9,48.0,981.0
5229,"2026-05-07 04:44:38",55.9764,15.1,35.9,50.0,981.0
5230,"2026-05-07 04:49:38",55.9727,15.0,35.8,49.0,981.1
5231,"2026-05-07 04:54:38",55.9661,14.9,35.8,49.0,981.1
5232,"2026-05-07 04:59:38",55.9653,14.8,35.9,52.0,981.1
5233,"2026-05-07 05:04:38",55.9613,14.7,35.9,48.0,981.2
5234,"2026-05-07 05:09:38",55.9551,14.7,35.9,48.0,981.2
5235,"2026-05-07 05:14:38",55.9514,14.6,36.0,50.0,981.2
5236,"2026-05-07 05:19:38",55.9459,14.6,36.0,50.0,981.3
5237,"2026-05-07 05:24:38",55.9442,14.6,35.9,51.0,981.3
5238,"2026-05-07 05:29:38",55.9389,14.6,35.9,49.0,981.2
5239,"2026-05-07 05:34:38",55.9329,14.5,35.9,51.0,981.4
5240,"2026-05-07 05:39:38",55.9245,14.5,35.9,51.0,981.5
5241,"2026-05-07 05:44:38",55.9192,14.5,36.0,52.0,981.6
5242,"2026-05-07 05:49:38",55.9144,14.6,35.9,51.0,981.5
5243,"2026-05-07 05:54:38",55.9116,14.6,35.9,51.0,981.6
5244,"2026-05-07 05:59:38",55.9032,14.6,35.8,50.0,981.8
5245,"2026-05-07 06:04:38",55.8981,14.7,35.8,52.0,981.8
5246,"2026-05-07 06:09:38",55.8952,14.8,35.8,47.0,981.8
5247,"2026-05-07 06:14:38",55.8903,14.8,35.9,51.0,981.9
5248,"2026-05-07 06:19:38",55.892,14.8,36.0,51.0,981.8
5249,"2026-05-07 06:24:38",55.8878,14.8,36.0,52.0,982.0
5250,"2026-05-07 06:29:38",55.8925,14.9,36.0,52.0,982.1
5251,"2026-05-07 06:34:38",55.8935,15.0,36.0,52.0,982.1
5252,"2026-05-07 06:39:38",55.8901,15.0,36.0,53.0,982.2
5253,"2026-05-07 06:44:38",55.8913,15.1,36.0,50.0,982.3
5254,"2026-05-07 06:49:38",55.8897,15.1,36.0,48.0,982.2
5255,"2026-05-07 06:54:38",55.8938,15.2,35.9,51.0,982.3
5256,"2026-05-07 06:59:38",55.8976,15.4,35.9,51.0,982.3
5257,"2026-05-07 07:04:38",55.8902,15.5,35.9,51.0,982.5
5258,"2026-05-07 07:09:38",55.8881,15.6,35.9,48.0,982.6
5259,"2026-05-07 07:14:38",55.8908,15.6,35.8,47.0,982.7
5260,"2026-05-07 07:19:38",55.8891,15.6,35.9,52.0,982.7
5261,"2026-05-07 07:24:38",55.8895,15.7,35.9,48.0,982.7
5262,"2026-05-07 07:29:38",55.8938,15.8,35.9,51.0,982.7
5263,"2026-05-07 07:34:38",55.8941,15.8,35.9,52.0,982.7
5264,"2026-05-07 07:39:38",55.8885,16.0,35.9,50.0,982.7
5265,"2026-05-07 07:44:38",55.8874,16.2,35.9,48.0,982.8
5266,"2026-05-07 07:49:38",55.8804,16.3,35.9,51.0,982.9
5267,"2026-05-07 07:54:38",55.8761,16.5,35.9,52.0,982.9
5268,"2026-05-07 07:59:38",55.8722,16.4,35.9,50.0,982.9
5269,"2026-05-07 08:04:38",55.859,16.7,35.9,50.0,982.9
5270,"2026-05-07 08:09:38",55.843,16.9,35.9,48.0,983.0
5271,"2026-05-07 08:14:38",55.8361,16.9,35.9,48.0,983.1
5272,"2026-05-07 08:19:38",55.8419,16.8,35.9,47.0,983.2
5273,"2026-05-07 08:24:38",55.8444,16.8,35.9,51.0,983.4
5274,"2026-05-07 08:29:38",55.8366,16.9,35.9,51.0,983.4
5275,"2026-05-07 08:34:38",55.8074,17.3,35.9,49.0,983.4
5276,"2026-05-07 08:39:38",55.7605,17.4,35.9,49.0,983.5
5277,"2026-05-07 08:44:38",55.7139,17.6,35.9,49.0,983.5
5278,"2026-05-07 08:49:38",55.6329,17.4,36.0,52.0,983.5
5279,"2026-05-07 08:54:38",55.5272,17.8,36.0,52.0,983.4
5280,"2026-05-07 08:59:38",55.4066,18.2,36.0,53.0,983.4
5281,"2026-05-07 09:04:38",55.2823,18.7,36.0,52.0,983.4
5282,"2026-05-07 09:09:38",55.1957,19.4,36.0,53.0,983.5
5283,"2026-05-07 09:14:38",55.1375,20.6,36.0,50.0,983.6
5284,"2026-05-07 09:19:38",55.1196,20.1,36.0,51.0,983.6
5285,"2026-05-07 09:24:38",55.1358,20.6,36.0,51.0,983.6
5286,"2026-05-07 09:29:38",55.1727,20.6,36.0,53.0,983.7
5287,"2026-05-07 09:34:38",55.2621,20.1,36.0,51.0,983.6
5288,"2026-05-07 09:39:38",55.3292,19.6,36.0,50.0,983.6
5289,"2026-05-07 09:44:38",55.4579,19.2,36.0,54.0,983.6
5290,"2026-05-07 09:49:38",55.5911,19.1,36.0,52.0,983.7
5291,"2026-05-07 09:54:38",55.6258,19.3,36.0,51.0,983.7
5292,"2026-05-07 09:59:38",55.6256,19.6,36.0,52.0,983.6
5293,"2026-05-07 10:04:38",55.6232,19.9,36.0,51.0,983.7
5294,"2026-05-07 10:09:38",55.632,19.6,36.0,54.0,983.7
5295,"2026-05-07 10:14:38",55.621,19.4,36.0,53.0,983.8
5296,"2026-05-07 10:19:38",55.6521,19.7,36.0,52.0,983.7
5297,"2026-05-07 10:24:38",55.7285,19.9,36.0,53.0,983.7
5298,"2026-05-07 10:29:38",55.7562,20.6,36.0,55.0,983.7
5299,"2026-05-07 10:34:38",55.7371,20.9,36.0,52.0,983.8
5300,"2026-05-07 10:39:38",55.7169,20.2,36.0,52.0,983.9
5301,"2026-05-07 10:44:38",55.7141,20.6,35.9,52.0,983.9
5302,"2026-05-07 10:49:38",55.7331,21.3,35.8,48.0,983.9
5303,"2026-05-07 10:54:38",55.7714,22.0,35.8,52.0,983.9
5304,"2026-05-07 10:59:38",55.8036,21.8,35.8,51.0,983.9
5305,"2026-05-07 11:04:38",55.8309,22.4,35.8,54.0,983.9
5306,"2026-05-07 11:09:38",55.8377,22.2,35.8,50.0,983.9
5307,"2026-05-07 11:14:38",55.8521,23.2,35.8,53.0,984.0
5308,"2026-05-07 11:19:38",55.8846,22.0,35.8,53.0,984.1
5309,"2026-05-07 11:24:38",55.9453,21.9,35.7,51.0,984.2
5310,"2026-05-07 11:29:38",55.9854,21.2,35.7,50.0,984.2
5311,"2026-05-07 11:34:38",56.0447,21.2,35.7,53.0,984.2
5312,"2026-05-07 11:39:38",56.0915,20.9,35.6,49.0,984.3
5313,"2026-05-07 11:44:38",56.1319,20.2,35.6,47.0,984.2
5314,"2026-05-07 11:49:38",56.1706,20.4,35.6,44.0,984.3
5315,"2026-05-07 11:54:38",56.1891,20.2,35.6,53.0,984.4
5316,"2026-05-07 11:59:38",56.2761,20.0,35.6,54.0,984.4
5317,"2026-05-07 12:04:38",56.5715,19.6,35.5,53.0,984.5
5318,"2026-05-07 12:09:38",56.848,19.8,35.5,55.0,984.5
5319,"2026-05-07 12:14:38",56.9825,20.3,35.5,48.0,984.4
5320,"2026-05-07 12:19:38",57.0263,20.4,35.5,46.0,984.5
5321,"2026-05-07 12:24:38",57.0158,20.9,35.5,46.0,984.5
5322,"2026-05-07 12:29:38",56.954,21.4,35.5,50.0,984.5
5323,"2026-05-07 12:34:38",56.8555,21.2,35.4,45.0,984.5
5324,"2026-05-07 12:39:38",56.7208,21.7,35.3,46.0,984.6
5325,"2026-05-07 12:44:38",56.5549,21.1,35.4,49.0,984.6
5326,"2026-05-07 12:49:38",56.3924,20.7,35.4,50.0,984.6
5327,"2026-05-07 12:54:38",56.2772,20.5,35.4,53.0,984.6
5328,"2026-05-07 12:59:38",56.2174,20.5,35.3,52.0,984.7
5329,"2026-05-07 13:04:38",56.1909,21.1,35.3,55.0,984.8
5330,"2026-05-07 13:09:38",56.1759,21.9,35.3,55.0,984.7
5331,"2026-05-07 13:14:38",56.1761,21.9,35.4,53.0,984.8
5332,"2026-05-07 13:19:38",56.1656,22.2,35.4,56.0,984.7
5333,"2026-05-07 13:24:38",56.1739,21.4,35.4,51.0,984.8
5334,"2026-05-07 13:29:38",56.2735,21.4,35.4,54.0,984.7
5335,"2026-05-07 13:34:38",56.3661,21.1,35.4,52.0,984.6
5336,"2026-05-07 13:39:38",56.4316,21.8,35.4,54.0,984.7
5337,"2026-05-07 13:44:38",56.4948,21.5,35.4,51.0,984.7
5338,"2026-05-07 13:49:38",56.5536,22.4,35.4,53.0,984.7
5339,"2026-05-07 13:54:38",56.5613,21.8,35.3,52.0,984.7
5340,"2026-05-07 13:59:38",56.541,21.6,35.4,52.0,984.7
5341,"2026-05-07 14:04:38",56.5421,20.9,35.4,54.0,984.6
5342,"2026-05-07 14:09:38",56.5687,21.0,35.3,50.0,984.6
5343,"2026-05-07 14:14:38",56.6203,21.6,35.3,53.0,984.6
5344,"2026-05-07 14:19:38",56.6529,21.5,35.4,54.0,984.5
5345,"2026-05-07 14:24:38",56.6703,21.4,35.4,48.0,984.5
5346,"2026-05-07 14:29:38",56.6961,21.0,35.4,52.0,984.6
5347,"2026-05-07 14:34:38",56.7659,21.0,35.4,54.0,984.6
5348,"2026-05-07 14:39:38",56.8729,21.2,35.4,51.0,984.6
5349,"2026-05-07 14:44:38",56.9345,22.1,35.4,56.0,984.6
5350,"2026-05-07 14:49:38",56.9481,21.4,35.4,54.0,984.6
5351,"2026-05-07 14:54:38",56.9764,20.6,35.4,53.0,984.6
5352,"2026-05-07 14:59:38",57.0271,20.2,35.5,52.0,984.6
5353,"2026-05-07 15:04:38",57.1197,20.0,35.5,50.0,984.6
5354,"2026-05-07 15:09:38",57.2163,20.0,35.4,53.0,984.5
5355,"2026-05-07 15:14:38",57.2619,20.0,35.5,54.0,984.6
5356,"2026-05-07 15:19:38",57.2788,19.8,35.5,51.0,984.6
5357,"2026-05-07 15:24:38",57.2854,19.6,35.5,53.0,984.5
5358,"2026-05-07 15:29:38",57.3238,19.6,35.5,54.0,984.5
5359,"2026-05-07 15:34:38",57.3276,19.7,35.5,51.0,984.5
5360,"2026-05-07 15:39:38",57.3456,20.1,35.5,50.0,984.5
5361,"2026-05-07 15:44:38",57.3825,20.1,35.5,50.0,984.5
5362,"2026-05-07 15:49:38",57.4029,20.4,35.5,53.0,984.6
5363,"2026-05-07 15:54:38",57.4408,20.1,35.5,49.0,984.5
5364,"2026-05-07 15:59:38",57.5025,19.9,35.4,49.0,984.5
5365,"2026-05-07 16:04:38",57.567,20.0,35.4,50.0,984.5
5366,"2026-05-07 16:09:38",57.6153,20.1,35.4,42.0,984.4
5367,"2026-05-07 16:14:38",57.6339,20.8,35.4,48.0,984.4
5368,"2026-05-07 16:19:38",57.6452,21.5,35.4,51.0,984.5
5369,"2026-05-07 16:24:38",57.6429,21.5,35.4,53.0,984.6
5370,"2026-05-07 16:29:38",57.6156,20.6,35.5,55.0,984.5
5371,"2026-05-07 16:34:38",57.6134,20.7,35.5,47.0,984.5
5372,"2026-05-07 16:39:38",57.6247,21.8,35.6,51.0,984.5
5373,"2026-05-07 16:44:38",57.6506,22.7,35.5,50.0,984.4
5374,"2026-05-07 16:49:38",57.6667,22.9,35.5,51.0,984.4
5375,"2026-05-07 16:54:38",57.6553,23.0,35.5,47.0,984.4
5376,"2026-05-07 16:59:38",57.6434,24.0,35.5,54.0,984.3
5377,"2026-05-07 17:04:38",57.6261,23.4,35.5,53.0,984.3
5378,"2026-05-07 17:09:38",57.6074,22.2,35.5,51.0,984.2
5379,"2026-05-07 17:14:38",57.5868,21.6,35.5,50.0,984.1
5380,"2026-05-07 17:19:38",57.5873,22.2,35.4,52.0,984.1
5381,"2026-05-07 17:24:38",57.5935,22.2,35.5,54.0,984.1
5382,"2026-05-07 17:29:38",57.6126,22.8,35.5,52.0,984.1
5383,"2026-05-07 17:34:38",57.6284,22.8,35.5,54.0,984.1
5384,"2026-05-07 17:39:38",57.6415,23.2,35.6,54.0,984.1
5385,"2026-05-07 17:44:38",57.689,24.1,35.7,51.0,984.0
5386,"2026-05-07 17:49:38",57.7179,24.1,35.6,47.0,984.0
5387,"2026-05-07 17:54:38",57.7301,23.8,35.6,55.0,984.0
5388,"2026-05-07 17:59:38",57.7739,24.0,35.6,49.0,984.0
5389,"2026-05-07 18:04:38",57.8127,24.4,35.6,52.0,984.0
5390,"2026-05-07 18:09:38",57.8775,24.4,35.7,51.0,984.0
5391,"2026-05-07 18:14:38",57.9297,23.8,35.7,55.0,984.0
5392,"2026-05-07 18:19:38",57.9925,23.1,35.6,53.0,983.9
5393,"2026-05-07 18:24:38",58.0424,23.1,35.7,52.0,984.0
5394,"2026-05-07 18:29:38",58.0813,22.4,35.7,50.0,984.0
5395,"2026-05-07 18:34:38",58.1462,22.4,35.6,52.0,984.0
5396,"2026-05-07 18:39:38",58.149,22.1,35.6,49.0,984.0
5397,"2026-05-07 18:44:38",58.1781,21.2,35.6,49.0,984.1
5398,"2026-05-07 18:49:38",58.1977,20.4,35.6,50.0,984.0
5399,"2026-05-07 18:54:38",58.2355,19.9,35.6,53.0,984.0
5400,"2026-05-07 18:59:38",58.2612,19.6,35.6,51.0,984.1
5401,"2026-05-07 19:04:38",58.288,19.2,35.6,49.0,984.2
5402,"2026-05-07 19:09:38",58.3231,19.1,35.6,49.0,984.2
5403,"2026-05-07 19:14:38",58.3437,18.8,35.6,50.0,984.2
5404,"2026-05-07 19:19:38",58.3542,18.6,35.6,50.0,984.3
5405,"2026-05-07 19:24:38",58.3617,18.2,35.6,49.0,984.4
5406,"2026-05-07 19:29:38",58.3699,17.9,35.6,49.0,984.4
5407,"2026-05-07 19:34:38",58.3759,17.5,35.6,46.0,984.4
5408,"2026-05-07 19:39:38",58.3805,17.2,35.6,51.0,984.5
5409,"2026-05-07 19:44:38",58.3838,16.9,35.7,49.0,984.6
5410,"2026-05-07 19:49:38",58.3838,16.6,35.7,48.0,984.5
5411,"2026-05-07 19:54:38",58.3816,16.2,35.7,50.0,984.5
5412,"2026-05-07 19:59:38",58.3757,15.7,35.6,54.0,984.6
5413,"2026-05-07 20:04:38",58.3704,15.5,35.6,51.0,984.7
5414,"2026-05-07 20:09:38",58.3655,15.0,35.6,46.0,984.8
5415,"2026-05-07 20:14:38",58.3592,14.6,35.6,46.0,984.8
5416,"2026-05-07 20:19:38",58.3512,14.4,35.6,51.0,984.9
5417,"2026-05-07 20:24:38",58.3432,14.1,35.6,52.0,985.0
5418,"2026-05-07 20:29:38",58.3345,13.9,35.6,51.0,985.1
5419,"2026-05-07 20:34:38",58.3277,13.8,35.6,51.0,985.2
5420,"2026-05-07 20:39:38",58.3193,13.8,35.7,51.0,985.4
5421,"2026-05-07 20:44:38",58.3116,14.2,35.7,51.0,985.5
5422,"2026-05-07 20:49:38",58.3075,14.1,35.7,51.0,985.6
5423,"2026-05-07 20:54:38",58.3004,14.1,35.7,50.0,985.6
5424,"2026-05-07 20:59:38",58.2963,14.1,35.6,52.0,985.6
5425,"2026-05-07 21:04:38",58.2925,14.2,35.7,53.0,985.6
5426,"2026-05-07 21:09:38",58.288,14.2,35.7,50.0,985.6
5427,"2026-05-07 21:14:38",58.2832,14.5,35.7,52.0,985.7
5428,"2026-05-07 21:19:38",58.2803,14.6,35.7,53.0,985.8
5429,"2026-05-07 21:24:38",58.2792,14.5,35.8,53.0,986.0
5430,"2026-05-07 21:29:38",58.2759,14.4,35.8,50.0,986.0
5431,"2026-05-07 21:34:38",58.2724,14.2,35.8,54.0,986.0
5432,"2026-05-07 21:39:38",58.2678,14.1,35.7,52.0,986.1
5433,"2026-05-07 21:44:38",58.264,14.0,35.7,53.0,986.2
5434,"2026-05-07 21:49:38",58.2606,14.0,35.7,53.0,986.3
5435,"2026-05-07 21:54:38",58.2562,14.1,35.8,51.0,986.4
5436,"2026-05-07 21:59:38",58.249,14.4,35.8,51.0,986.3
5437,"2026-05-07 22:04:38",58.2476,14.6,35.9,51.0,986.4
5438,"2026-05-07 22:09:38",58.2438,14.7,35.8,53.0,986.4
5439,"2026-05-07 22:14:38",58.2409,14.6,35.8,52.0,986.4
5440,"2026-05-07 22:19:38",58.236,14.5,35.8,52.0,986.4
5441,"2026-05-07 22:24:38",58.2317,14.4,35.8,51.0,986.5
5442,"2026-05-07 22:29:38",58.2258,14.2,35.8,52.0,986.5
5443,"2026-05-07 22:34:38",58.2222,14.2,35.8,50.0,986.6
5444,"2026-05-07 22:39:38",58.2193,14.2,35.8,51.0,986.6
5445,"2026-05-07 22:44:38",58.2143,13.9,35.8,52.0,986.6
5446,"2026-05-07 22:49:38",58.212,14.1,35.8,49.0,986.7
5447,"2026-05-07 22:54:38",58.2072,13.9,35.8,48.0,986.7
5448,"2026-05-07 22:59:38",58.2059,13.8,35.8,51.0,986.7
5449,"2026-05-07 23:04:38",58.203,13.7,35.8,53.0,986.8
5450,"2026-05-07 23:09:38",58.2012,13.6,35.8,52.0,986.8
5451,"2026-05-07 23:14:38",58.1989,13.4,35.9,51.0,986.8
5452,"2026-05-07 23:19:38",58.1963,13.4,35.8,53.0,986.9
5453,"2026-05-07 23:24:38",58.1938,13.3,35.9,52.0,986.8
5454,"2026-05-07 23:29:38",58.1915,13.6,35.9,53.0,986.8
5455,"2026-05-07 23:34:38",58.1886,13.6,35.9,52.0,986.8
5456,"2026-05-07 23:39:38",58.1864,13.4,35.9,49.0,986.9
5457,"2026-05-07 23:44:39",58.1823,13.5,35.9,52.0,986.9
5458,"2026-05-07 23:49:38",58.1782,13.4,35.9,51.0,986.9
5459,"2026-05-07 23:54:38",58.1748,13.1,35.9,53.0,986.9
5460,"2026-05-07 23:59:38",58.1695,13.0,36.0,53.0,987.0
5461,"2026-05-08 00:04:38",58.1637,13.0,36.0,51.0,987.0
5462,"2026-05-08 00:09:38",58.1605,12.9,36.0,51.0,987.0
5463,"2026-05-08 00:14:38",58.1574,12.8,35.9,50.0,986.9
5464,"2026-05-08 00:19:38",58.1532,12.8,35.9,50.0,987.0
5465,"2026-05-08 00:24:38",58.1496,12.9,35.9,52.0,987.1
5466,"2026-05-08 00:29:38",58.1469,13.0,35.9,52.0,987.1
5467,"2026-05-08 00:34:38",58.1435,13.1,36.0,52.0,987.1
5468,"2026-05-08 00:39:38",58.1422,13.2,35.9,50.0,987.1
5469,"2026-05-08 00:44:38",58.14,13.2,35.9,53.0,987.0
5470,"2026-05-08 00:49:38",58.1366,13.1,35.9,50.0,987.0
5471,"2026-05-08 00:54:38",58.1333,13.1,35.8,55.0,987.1
5472,"2026-05-08 00:59:38",58.13,13.1,35.9,52.0,987.1
5473,"2026-05-08 01:04:38",58.1266,13.2,35.9,52.0,987.2
5474,"2026-05-08 01:09:38",58.1246,13.2,35.9,52.0,987.2
5475,"2026-05-08 01:14:38",58.1208,13.2,35.9,52.0,987.2
5476,"2026-05-08 01:19:38",58.118,13.3,35.9,52.0,987.2
5477,"2026-05-08 01:24:38",58.1129,13.2,35.9,49.0,987.2
5478,"2026-05-08 01:29:38",58.1087,13.1,35.8,51.0,987.1
5479,"2026-05-08 01:34:38",58.106,13.1,35.8,52.0,987.1
5480,"2026-05-08 01:39:38",58.1024,13.0,35.8,52.0,987.1
5481,"2026-05-08 01:44:38",58.0999,13.0,35.8,50.0,987.1
5482,"2026-05-08 01:49:38",58.0938,12.8,35.8,52.0,987.1
5483,"2026-05-08 01:54:38",58.0921,12.8,35.8,52.0,987.2
5484,"2026-05-08 01:59:38",58.089,12.8,35.9,48.0,987.2
5485,"2026-05-08 02:04:38",58.0879,12.8,35.9,49.0,987.3
5486,"2026-05-08 02:09:38",58.0836,12.8,35.9,52.0,987.3
5487,"2026-05-08 02:14:38",58.0791,12.6,35.9,49.0,987.3
5488,"2026-05-08 02:19:38",58.074,12.4,35.9,49.0,987.3
5489,"2026-05-08 02:24:38",58.0703,12.2,35.9,51.0,987.3
5490,"2026-05-08 02:29:38",58.0674,12.1,36.0,53.0,987.3
5491,"2026-05-08 02:34:38",58.0626,12.1,35.9,52.0,987.2
5492,"2026-05-08 02:39:38",58.0602,12.0,35.8,53.0,987.2
5493,"2026-05-08 02:44:38",58.0574,11.7,35.8,52.0,987.2
5494,"2026-05-08 02:49:38",58.0535,11.4,35.9,54.0,987.3
5495,"2026-05-08 02:54:38",58.0481,11.1,35.9,49.0,987.2
5496,"2026-05-08 02:59:38",58.045,11.2,36.0,51.0,987.2
5497,"2026-05-08 03:04:38",58.0405,11.2,35.9,51.0,987.1
5498,"2026-05-08 03:09:38",58.036,11.2,35.9,53.0,987.2
5499,"2026-05-08 03:14:38",58.0317,11.1,36.0,54.0,987.2
5500,"2026-05-08 03:19:38",58.0293,10.9,35.9,51.0,987.2
5501,"2026-05-08 03:24:38",58.0266,10.9,35.9,53.0,987.3
5502,"2026-05-08 03:29:38",58.0216,10.8,36.0,52.0,987.4
5503,"2026-05-08 03:34:38",58.0181,11.0,36.0,51.0,987.5
5504,"2026-05-08 03:39:38",58.0153,11.1,36.0,51.0,987.4
5505,"2026-05-08 03:44:38",58.0141,11.2,36.0,52.0,987.3
5506,"2026-05-08 03:49:38",58.0096,11.3,36.0,51.0,987.3
5507,"2026-05-08 03:54:38",58.0081,11.2,35.9,52.0,987.3
5508,"2026-05-08 03:59:38",58.0037,11.1,35.9,52.0,987.3
5509,"2026-05-08 04:04:38",57.9996,11.1,36.0,52.0,987.3
5510,"2026-05-08 04:09:38",57.9965,11.1,35.9,52.0,987.3
5511,"2026-05-08 04:14:38",57.9934,10.9,35.8,52.0,987.4
5512,"2026-05-08 04:19:38",57.9918,11.1,35.9,51.0,987.4
5513,"2026-05-08 04:24:38",57.9894,11.2,35.9,51.0,987.4
5514,"2026-05-08 04:29:38",57.9871,11.3,35.8,49.0,987.4
5515,"2026-05-08 04:34:38",57.9831,11.2,35.9,50.0,987.4
5516,"2026-05-08 04:39:38",57.9813,11.4,35.9,51.0,987.5
5517,"2026-05-08 04:44:38",57.9801,11.4,35.9,50.0,987.5
5518,"2026-05-08 04:49:38",57.9778,11.4,35.9,51.0,987.6
5519,"2026-05-08 04:54:38",57.9753,11.4,35.9,53.0,987.7
5520,"2026-05-08 04:59:38",57.9715,11.6,35.9,51.0,987.7
5521,"2026-05-08 05:04:38",57.9707,11.6,35.8,52.0,987.7
5522,"2026-05-08 05:09:38",57.9669,11.8,35.8,51.0,987.7
5523,"2026-05-08 05:14:38",57.9615,11.7,35.7,48.0,987.7
5524,"2026-05-08 05:19:38",57.96,11.6,35.7,51.0,987.8
5525,"2026-05-08 05:24:38",57.9566,11.6,35.8,50.0,987.8
5526,"2026-05-08 05:29:38",57.9525,11.6,35.8,51.0,987.8
5527,"2026-05-08 05:34:38",57.9523,11.7,35.8,49.0,987.8
5528,"2026-05-08 05:39:38",57.9483,11.7,35.8,54.0,987.8
5529,"2026-05-08 05:44:38",57.9465,11.6,35.8,52.0,987.9
5530,"2026-05-08 05:49:38",57.9426,11.4,35.8,51.0,987.9
5531,"2026-05-08 05:54:38",57.9386,11.5,35.8,50.0,988.0
5532,"2026-05-08 05:59:38",57.9311,11.6,35.7,48.0,988.1
5533,"2026-05-08 06:04:38",57.9282,11.7,35.7,50.0,988.1
5534,"2026-05-08 06:09:38",57.9268,11.9,35.7,47.0,988.0
5535,"2026-05-08 06:14:38",57.9214,11.9,35.8,49.0,988.1
5536,"2026-05-08 06:19:38",57.9167,11.9,35.8,50.0,988.2
5537,"2026-05-08 06:24:38",57.9161,11.9,35.8,51.0,988.3
5538,"2026-05-08 06:29:38",57.9128,11.9,35.8,47.0,988.2
5539,"2026-05-08 06:34:38",57.9061,12.1,35.8,49.0,988.2
5540,"2026-05-08 06:39:38",57.9043,12.2,35.8,51.0,988.3
5541,"2026-05-08 06:44:38",57.9041,12.3,35.9,53.0,988.4
5542,"2026-05-08 06:49:38",57.9025,12.4,35.8,52.0,988.4
5543,"2026-05-08 06:54:38",57.899,12.5,35.8,50.0,988.4
5544,"2026-05-08 06:59:38",57.8965,12.6,35.7,51.0,988.5
5545,"2026-05-08 07:04:38",57.8949,12.6,35.7,52.0,988.5
5546,"2026-05-08 07:09:38",57.8905,12.6,35.8,50.0,988.5
5547,"2026-05-08 07:14:38",57.8907,12.8,35.8,50.0,988.6
5548,"2026-05-08 07:19:38",57.887,12.6,35.8,51.0,988.5
5549,"2026-05-08 07:24:38",57.8806,12.7,35.9,51.0,988.5
5550,"2026-05-08 07:29:38",57.8742,12.8,36.0,52.0,988.5
5551,"2026-05-08 07:34:38",57.8722,13.0,36.0,52.0,988.6
5552,"2026-05-08 07:39:38",57.87,12.9,36.0,51.0,988.6
5553,"2026-05-08 07:44:38",57.8623,13.2,35.9,49.0,988.7
5554,"2026-05-08 07:49:38",57.8592,13.1,35.8,50.0,988.6
5555,"2026-05-08 07:54:38",57.8522,13.2,35.8,52.0,988.7
5556,"2026-05-08 07:59:38",57.8456,13.0,35.8,49.0,988.7
5557,"2026-05-08 08:04:38",57.8392,13.3,35.7,47.0,988.7
5558,"2026-05-08 08:09:38",57.8178,14.6,35.8,46.0,988.7
5559,"2026-05-08 08:14:38",57.8002,14.9,35.7,50.0,988.7
5560,"2026-05-08 08:19:38",57.8002,15.3,35.8,50.0,988.7
5561,"2026-05-08 08:24:38",57.7846,15.6,35.8,49.0,988.7
5562,"2026-05-08 08:29:38",57.7822,16.1,35.8,51.0,988.8
5563,"2026-05-08 08:34:38",57.7894,15.6,35.7,50.0,988.9
5564,"2026-05-08 08:39:38",57.7896,16.3,35.7,50.0,989.0
5565,"2026-05-08 08:44:38",57.7845,16.9,35.8,48.0,989.0
5566,"2026-05-08 08:49:38",57.773,17.8,35.8,49.0,989.0
5567,"2026-05-08 08:54:38",57.7695,18.6,35.9,52.0,989.0
5568,"2026-05-08 08:59:38",57.7665,19.3,35.9,54.0,989.0
5569,"2026-05-08 09:04:38",57.7796,18.8,35.9,53.0,989.1
5570,"2026-05-08 09:09:38",57.8123,19.8,36.0,50.0,989.1
5571,"2026-05-08 09:14:38",57.8384,19.2,36.0,50.0,989.2
5572,"2026-05-08 09:19:38",57.8443,20.1,35.9,49.0,989.2
5573,"2026-05-08 09:24:38",57.8405,20.4,35.9,45.0,989.2
5574,"2026-05-08 09:29:38",57.8319,20.1,35.8,46.0,989.2
5575,"2026-05-08 09:34:38",57.8428,17.9,35.9,48.0,989.2
5576,"2026-05-08 09:39:38",57.847,17.4,35.9,50.0,989.2
5577,"2026-05-08 09:44:38",57.844,17.4,35.9,47.0,989.2
5578,"2026-05-08 09:49:38",57.8262,16.3,35.9,50.0,989.2
5579,"2026-05-08 09:54:38",57.8171,16.4,35.9,48.0,989.2
5580,"2026-05-08 09:59:38",57.8082,16.4,35.9,48.0,989.2
5581,"2026-05-08 10:04:38",57.8134,17.1,35.9,48.0,989.3
5582,"2026-05-08 10:09:38",57.7978,17.6,35.9,49.0,989.2
5583,"2026-05-08 10:14:38",57.7513,17.0,35.9,52.0,989.3
5584,"2026-05-08 10:19:38",57.7167,17.1,35.9,46.0,989.3
5585,"2026-05-08 10:24:38",57.7036,16.5,35.8,46.0,989.3
5586,"2026-05-08 10:29:38",57.6909,17.3,35.9,50.0,989.3
5587,"2026-05-08 10:34:38",57.653,18.2,35.8,48.0,989.3
5588,"2026-05-08 10:39:38",57.5916,19.2,35.8,49.0,989.3
5589,"2026-05-08 10:44:38",57.5345,19.5,35.8,43.0,989.3
5590,"2026-05-08 10:49:38",57.5302,17.6,35.8,50.0,989.4
5591,"2026-05-08 10:54:38",57.5611,17.3,35.9,50.0,989.5
5592,"2026-05-08 10:59:38",57.5838,17.5,35.9,45.0,989.4
5593,"2026-05-08 11:04:38",57.5632,17.7,35.9,50.0,989.4
5594,"2026-05-08 11:09:38",57.5291,17.9,35.8,48.0,989.4
5595,"2026-05-08 11:14:38",57.4724,17.8,35.9,46.0,989.4
5596,"2026-05-08 11:19:38",57.3834,17.9,35.8,48.0,989.4
5597,"2026-05-08 11:24:38",57.3252,18.6,35.8,46.0,989.3
5598,"2026-05-08 11:29:38",57.2643,18.8,35.8,50.0,989.2
5599,"2026-05-08 11:34:38",57.1989,18.9,35.7,44.0,989.2
5600,"2026-05-08 11:39:38",57.1569,18.5,35.8,48.0,989.2
5601,"2026-05-08 11:44:38",57.1482,18.9,35.7,48.0,989.1
5602,"2026-05-08 11:49:38",57.1469,19.4,35.7,50.0,989.1
5603,"2026-05-08 11:54:38",57.1609,20.1,35.7,51.0,989.1
5604,"2026-05-08 11:59:38",57.1759,20.8,35.7,52.0,989.0
5605,"2026-05-08 12:04:38",57.2164,21.2,35.7,52.0,989.0
5606,"2026-05-08 12:09:38",57.2396,20.8,35.7,53.0,989.1
5607,"2026-05-08 12:14:38",57.2498,19.1,35.7,54.0,989.1
5608,"2026-05-08 12:19:38",57.3033,18.9,35.7,50.0,989.1
5609,"2026-05-08 12:24:38",57.3463,19.0,35.7,52.0,989.1
5610,"2026-05-08 12:29:38",57.4316,18.7,35.6,50.0,989.1
5611,"2026-05-08 12:34:38",57.4921,19.1,35.7,52.0,989.1
5612,"2026-05-08 12:39:38",57.4863,20.8,35.7,50.0,989.2
5613,"2026-05-08 12:44:38",57.4997,20.6,35.7,51.0,989.1
5614,"2026-05-08 12:49:38",57.5194,19.1,35.7,49.0,989.1
5615,"2026-05-08 12:54:38",57.573,19.7,35.6,52.0,989.0
5616,"2026-05-08 12:59:38",57.5685,19.9,35.7,51.0,989.0
5617,"2026-05-08 13:04:38",57.5943,19.6,35.6,51.0,989.1
5618,"2026-05-08 13:09:38",57.6179,20.4,35.5,52.0,989.0
5619,"2026-05-08 13:14:38",57.6383,20.6,35.5,46.0,989.0
5620,"2026-05-08 13:19:38",57.6683,21.1,35.6,53.0,989.0
5621,"2026-05-08 13:24:38",57.6961,20.4,35.5,52.0,989.0
5622,"2026-05-08 13:29:38",57.7119,19.8,35.5,50.0,988.9
5623,"2026-05-08 13:34:38",57.7661,19.6,35.6,51.0,989.0
5624,"2026-05-08 13:39:38",57.7833,20.2,35.5,49.0,989.0
5625,"2026-05-08 13:44:38",57.806,20.8,35.5,52.0,988.9
5626,"2026-05-08 13:49:38",57.8248,22.0,35.5,52.0,988.9
5627,"2026-05-08 13:54:38",57.8146,21.8,35.6,50.0,988.9
5628,"2026-05-08 13:59:38",57.7888,21.6,35.5,53.0,988.7
5629,"2026-05-08 14:04:38",57.7193,20.4,35.6,53.0,988.7
5630,"2026-05-08 14:09:38",57.7292,21.0,35.5,52.0,988.7
5631,"2026-05-08 14:14:38",57.699,20.7,35.5,51.0,988.7
5632,"2026-05-08 14:19:38",57.6944,20.4,35.5,52.0,988.8
5633,"2026-05-08 14:24:38",57.7015,21.0,35.6,54.0,988.8
5634,"2026-05-08 14:29:38",57.7147,20.1,35.6,54.0,988.8
5635,"2026-05-08 14:34:38",57.7332,19.9,35.6,53.0,988.8
5636,"2026-05-08 14:39:38",57.7707,19.4,35.6,50.0,988.8
5637,"2026-05-08 14:44:38",57.8003,19.3,35.6,49.0,988.8
5638,"2026-05-08 14:49:38",57.8794,21.4,35.6,54.0,988.9
5639,"2026-05-08 14:54:38",57.9184,22.3,35.6,52.0,988.9
5640,"2026-05-08 14:59:38",57.9189,21.2,35.6,52.0,988.8
5641,"2026-05-08 15:04:38",57.9843,20.2,35.5,50.0,988.8
5642,"2026-05-08 15:09:38",58.0227,22.2,35.6,54.0,988.7
5643,"2026-05-08 15:14:38",58.0157,21.7,35.5,51.0,988.6
5644,"2026-05-08 15:19:38",58.0367,21.8,35.5,52.0,988.5
5645,"2026-05-08 15:24:38",58.0697,22.6,35.5,50.0,988.5
5646,"2026-05-08 15:29:38",58.1277,22.2,35.6,54.0,988.4
5647,"2026-05-08 15:34:38",58.1494,22.9,35.6,53.0,988.4
5648,"2026-05-08 15:39:38",58.1983,23.4,35.6,53.0,988.5
5649,"2026-05-08 15:44:38",58.2354,22.6,35.6,49.0,988.5
5650,"2026-05-08 15:49:38",58.3001,23.8,35.6,52.0,988.5
5651,"2026-05-08 15:54:38",58.3259,22.9,35.6,51.0,988.5
5652,"2026-05-08 15:59:38",58.4156,23.4,35.5,52.0,988.6
5653,"2026-05-08 16:04:38",58.4612,23.2,35.6,56.0,988.7
5654,"2026-05-08 16:09:38",58.4903,23.6,35.6,53.0,988.7
5655,"2026-05-08 16:14:38",58.5176,22.4,35.7,57.0,988.7
5656,"2026-05-08 16:19:38",58.5646,24.1,35.7,53.0,988.7
5657,"2026-05-08 16:24:38",58.6196,24.1,35.6,51.0,988.7
5658,"2026-05-08 16:29:38",58.6828,22.2,35.6,54.0,988.8
5659,"2026-05-08 16:34:38",58.7394,22.9,35.6,49.0,988.8
5660,"2026-05-08 16:39:38",58.7599,20.9,35.6,50.0,988.8
5661,"2026-05-08 16:44:38",58.7793,20.6,35.6,51.0,988.8
5662,"2026-05-08 16:49:38",58.8245,22.2,35.6,47.0,988.7
5663,"2026-05-08 16:54:38",58.8641,21.1,35.6,51.0,988.8
5664,"2026-05-08 16:59:38",58.9504,19.8,35.6,53.0,988.7
5665,"2026-05-08 17:04:38",58.9814,18.8,35.6,51.0,988.7
5666,"2026-05-08 17:09:38",59.0535,18.7,35.6,49.0,988.8
5667,"2026-05-08 17:14:38",59.1462,20.1,35.6,49.0,988.7
5668,"2026-05-08 17:19:38",59.2342,20.9,35.6,48.0,988.8
5669,"2026-05-08 17:24:38",59.2732,20.6,35.5,49.0,988.7
5670,"2026-05-08 17:29:38",59.3613,20.4,35.6,50.0,988.8
5671,"2026-05-08 17:34:38",59.443,20.9,35.6,50.0,988.8
5672,"2026-05-08 17:39:38",59.4922,20.6,35.6,49.0,988.8
5673,"2026-05-08 17:44:38",59.5181,20.2,35.5,46.0,988.8
5674,"2026-05-08 17:49:38",59.5367,20.4,35.5,47.0,988.9
5675,"2026-05-08 17:54:38",59.5709,20.2,35.6,51.0,989.0
5676,"2026-05-08 17:59:38",59.5836,20.1,35.6,48.0,988.9
5677,"2026-05-08 18:04:38",59.5903,19.8,35.6,44.0,989.0
5678,"2026-05-08 18:09:38",59.6055,19.5,35.6,41.0,988.9
5679,"2026-05-08 18:14:38",59.6119,19.2,35.6,50.0,988.9
5680,"2026-05-08 18:19:38",59.6221,19.4,35.6,48.0,989.0
5681,"2026-05-08 18:24:38",59.6328,19.2,35.6,52.0,989.0
5682,"2026-05-08 18:29:38",59.637,19.3,35.6,49.0,989.0
5683,"2026-05-08 18:34:38",59.6411,18.5,35.5,48.0,989.0
5684,"2026-05-08 18:39:38",59.6127,17.5,35.5,45.0,989.1
5685,"2026-05-08 18:44:38",59.6052,16.6,35.5,50.0,989.2
5686,"2026-05-08 18:49:38",59.6067,16.1,35.5,45.0,989.2
5687,"2026-05-08 18:54:38",59.607,15.6,35.6,48.0,989.1
5688,"2026-05-08 18:59:38",59.6069,15.2,35.5,49.0,989.2
5689,"2026-05-08 19:04:38",59.6086,14.8,35.6,53.0,989.2
5690,"2026-05-08 19:09:38",59.6067,14.5,35.6,48.0,989.3
5691,"2026-05-08 19:14:38",59.6012,14.2,35.6,48.0,989.3
5692,"2026-05-08 19:19:38",59.5931,14.1,35.5,52.0,989.3
5693,"2026-05-08 19:24:38",59.5878,13.8,35.6,44.0,989.3
5694,"2026-05-08 19:29:38",59.5743,13.6,35.6,52.0,989.4
5695,"2026-05-08 19:34:38",59.568,13.4,35.6,46.0,989.4
5696,"2026-05-08 19:39:38",59.5621,13.2,35.6,51.0,989.4
5697,"2026-05-08 19:44:38",59.561,13.1,35.6,49.0,989.5
5698,"2026-05-08 19:49:38",59.5557,12.9,35.6,48.0,989.6
5699,"2026-05-08 19:54:38",59.5487,12.8,35.7,51.0,989.7
5700,"2026-05-08 19:59:38",59.5459,12.6,35.7,52.0,989.7
5701,"2026-05-08 20:04:38",59.5409,12.4,35.7,53.0,989.7
5702,"2026-05-08 20:09:38",59.5397,12.4,35.7,52.0,989.7
5703,"2026-05-08 20:14:38",59.5341,12.2,35.7,50.0,989.8
5704,"2026-05-08 20:19:38",59.5263,12.0,35.7,50.0,989.8
5705,"2026-05-08 20:24:38",59.5248,11.9,35.7,52.0,989.8
5706,"2026-05-08 20:29:38",59.52,11.7,35.7,52.0,989.9
5707,"2026-05-08 20:34:38",59.5165,11.8,35.7,52.0,990.0
5708,"2026-05-08 20:39:38",59.5166,11.4,35.7,53.0,990.0
5709,"2026-05-08 20:44:38",59.5087,11.2,35.7,53.0,990.1
5710,"2026-05-08 20:49:38",59.5023,11.1,35.7,52.0,990.1
5711,"2026-05-08 20:54:38",59.5015,11.0,35.8,51.0,990.1
5712,"2026-05-08 20:59:38",59.4975,10.7,35.8,51.0,990.2
5713,"2026-05-08 21:04:38",59.4931,10.6,35.8,53.0,990.3
5714,"2026-05-08 21:09:38",59.4901,10.5,35.8,54.0,990.3
5715,"2026-05-08 21:14:38",59.4854,10.6,35.8,51.0,990.4
5716,"2026-05-08 21:19:38",59.4827,10.6,35.7,51.0,990.4
5717,"2026-05-08 21:24:38",59.4817,10.5,35.8,50.0,990.5
5718,"2026-05-08 21:29:38",59.4771,10.2,35.8,52.0,990.5
5719,"2026-05-08 21:34:38",59.4763,10.1,35.8,50.0,990.5
5720,"2026-05-08 21:39:38",59.4729,9.9,35.8,50.0,990.6
5721,"2026-05-08 21:44:38",59.4648,10.0,35.8,48.0,990.6
5722,"2026-05-08 21:49:38",59.4663,10.1,35.8,52.0,990.6
5723,"2026-05-08 21:54:38",59.4645,10.0,35.8,53.0,990.7
5724,"2026-05-08 21:59:38",59.4609,10.1,35.8,51.0,990.7
5725,"2026-05-08 22:04:38",59.4588,10.1,35.8,53.0,990.8
5726,"2026-05-08 22:09:38",59.4558,10.1,35.9,51.0,990.8
5727,"2026-05-08 22:14:38",59.455,10.1,35.9,52.0,990.8
5728,"2026-05-08 22:19:40",59.4517,10.4,35.9,50.0,990.8
5729,"2026-05-08 22:24:38",59.4503,10.3,35.8,53.0,990.9
5730,"2026-05-08 22:29:38",59.4466,10.1,35.8,53.0,990.8
5731,"2026-05-08 22:34:38",59.4404,10.0,35.9,51.0,990.9
5732,"2026-05-08 22:39:38",59.4387,9.9,35.9,50.0,990.9
5733,"2026-05-08 22:44:38",59.435,10.0,35.9,52.0,991.0
5734,"2026-05-08 22:49:38",59.4336,10.0,35.8,50.0,991.0
5735,"2026-05-08 22:54:38",59.4293,10.1,35.8,49.0,991.0
5736,"2026-05-08 22:59:38",59.4195,10.2,35.8,48.0,991.0
5737,"2026-05-08 23:04:38",59.4241,10.1,35.8,51.0,991.1
5738,"2026-05-08 23:09:38",59.4219,9.9,35.8,52.0,991.1
5739,"2026-05-08 23:14:38",59.4186,10.0,35.8,52.0,991.1
5740,"2026-05-08 23:19:38",59.4141,10.0,35.8,52.0,991.1
5741,"2026-05-08 23:24:38",59.4107,9.6,35.8,50.0,991.2
5742,"2026-05-08 23:29:38",59.4068,9.4,35.8,51.0,991.2
5743,"2026-05-08 23:34:38",59.4022,9.4,35.8,50.0,991.2
5744,"2026-05-08 23:39:38",59.3978,9.8,35.8,52.0,991.1
5745,"2026-05-08 23:44:38",59.3953,9.8,35.8,52.0,991.1
5746,"2026-05-08 23:49:38",59.3901,10.2,35.8,52.0,991.2
5747,"2026-05-08 23:54:38",59.3889,9.9,35.8,53.0,991.3
5748,"2026-05-08 23:59:38",59.3882,10.1,35.7,52.0,991.3
5749,"2026-05-09 00:04:38",59.3836,10.1,35.8,51.0,991.3
5750,"2026-05-09 00:09:38",59.3842,10.1,35.8,51.0,991.3
5751,"2026-05-09 00:14:38",59.3791,9.8,35.8,53.0,991.4
5752,"2026-05-09 00:19:38",59.3782,9.5,35.8,53.0,991.4
5753,"2026-05-09 00:24:38",59.3714,9.1,35.8,55.0,991.5
5754,"2026-05-09 00:29:38",59.3686,8.8,35.8,50.0,991.5
5755,"2026-05-09 00:34:38",59.3621,8.5,35.8,53.0,991.5
5756,"2026-05-09 00:39:38",59.3577,8.3,35.9,53.0,991.5
5757,"2026-05-09 00:44:38",59.3535,8.1,35.9,52.0,991.5
5758,"2026-05-09 00:49:38",59.3501,7.9,35.9,50.0,991.5
5759,"2026-05-09 00:54:38",59.3445,7.6,35.9,50.0,991.5
5760,"2026-05-09 00:59:38",59.3398,7.6,35.9,52.0,991.6
5761,"2026-05-09 01:04:38",59.3347,7.7,36.0,53.0,991.5
5762,"2026-05-09 01:09:38",59.3312,7.4,35.9,50.0,991.5
5763,"2026-05-09 01:14:38",59.3269,7.1,35.9,50.0,991.5
5764,"2026-05-09 01:19:38",59.3221,7.0,35.9,50.0,991.4
5765,"2026-05-09 01:24:38",59.3165,7.0,35.9,51.0,991.4
5766,"2026-05-09 01:29:38",59.3138,6.8,35.9,53.0,991.3
5767,"2026-05-09 01:34:38",59.3103,6.8,35.9,52.0,991.4
5768,"2026-05-09 01:39:38",59.3075,6.7,35.8,52.0,991.3
5769,"2026-05-09 01:44:38",59.3037,6.6,35.8,52.0,991.3
5770,"2026-05-09 01:49:38",59.3003,6.5,35.9,53.0,991.3
5771,"2026-05-09 01:54:38",59.2964,6.5,35.9,53.0,991.3
5772,"2026-05-09 01:59:38",59.2918,6.6,35.9,52.0,991.3
5773,"2026-05-09 02:04:38",59.2914,6.4,35.9,52.0,991.4
5774,"2026-05-09 02:09:38",59.2864,6.4,35.9,45.0,991.4
5775,"2026-05-09 02:14:38",59.2817,6.4,35.8,50.0,991.5
5776,"2026-05-09 02:19:38",59.2794,6.5,35.9,53.0,991.5
5777,"2026-05-09 02:24:38",59.2767,6.7,35.9,52.0,991.6
5778,"2026-05-09 02:29:38",59.276,6.4,36.0,52.0,991.5
5779,"2026-05-09 02:34:38",59.2735,6.4,35.9,51.0,991.5
5780,"2026-05-09 02:39:38",59.2723,6.4,35.9,51.0,991.4
5781,"2026-05-09 02:44:38",59.2692,6.4,35.9,50.0,991.5
5782,"2026-05-09 02:49:38",59.2667,6.2,35.9,51.0,991.5
5783,"2026-05-09 02:54:38",59.2649,6.1,35.9,51.0,991.4
5784,"2026-05-09 02:59:38",59.2617,6.2,35.9,50.0,991.4
5785,"2026-05-09 03:04:38",59.2581,6.1,35.9,50.0,991.2
5786,"2026-05-09 03:09:38",59.2573,6.2,35.8,50.0,991.1
5787,"2026-05-09 03:14:38",59.2568,6.9,35.9,53.0,991.2
5788,"2026-05-09 03:19:38",59.2579,7.4,35.9,53.0,991.2
5789,"2026-05-09 03:24:38",59.2598,7.4,35.9,51.0,991.2
5790,"2026-05-09 03:29:38",59.26,7.4,35.9,52.0,991.3
5791,"2026-05-09 03:34:38",59.2586,6.9,35.9,52.0,991.3
5792,"2026-05-09 03:39:38",59.254,6.8,35.9,52.0,991.4
5793,"2026-05-09 03:44:38",59.2525,6.6,36.0,52.0,991.4
5794,"2026-05-09 03:49:38",59.2493,6.3,35.9,51.0,991.4
5795,"2026-05-09 03:54:38",59.2459,6.1,35.9,49.0,991.4
5796,"2026-05-09 03:59:38",59.2429,6.1,35.9,53.0,991.4
5797,"2026-05-09 04:04:38",59.2381,6.2,35.9,50.0,991.4
5798,"2026-05-09 04:09:38",59.2361,6.2,35.8,49.0,991.4
5799,"2026-05-09 04:14:38",59.2354,6.2,35.9,50.0,991.4
5800,"2026-05-09 04:19:38",59.2316,6.1,35.9,48.0,991.3
5801,"2026-05-09 04:24:38",59.2292,6.1,35.9,50.0,991.3
5802,"2026-05-09 04:29:38",59.2272,6.3,36.0,48.0,991.3
5803,"2026-05-09 04:34:38",59.2261,6.4,36.0,49.0,991.3
5804,"2026-05-09 04:39:38",59.2242,6.4,36.0,50.0,991.3
5805,"2026-05-09 04:44:38",59.222,6.2,35.9,50.0,991.3
5806,"2026-05-09 04:49:38",59.2193,6.1,35.9,51.0,991.4
5807,"2026-05-09 04:54:38",59.2163,5.9,35.8,48.0,991.4
5808,"2026-05-09 04:59:38",59.2108,5.8,35.9,47.0,991.5
5809,"2026-05-09 05:04:38",59.2094,5.7,35.8,49.0,991.5
5810,"2026-05-09 05:09:38",59.2038,5.5,35.8,50.0,991.4
5811,"2026-05-09 05:14:38",59.2013,5.4,35.8,50.0,991.4
5812,"2026-05-09 05:19:38",59.1977,5.2,35.9,49.0,991.4
5813,"2026-05-09 05:24:38",59.1919,5.4,36.0,51.0,991.3
5814,"2026-05-09 05:29:38",59.1888,5.4,35.9,51.0,991.3
5815,"2026-05-09 05:34:38",59.1841,5.2,35.9,51.0,991.3
5816,"2026-05-09 05:39:38",59.1816,5.0,35.8,49.0,991.3
5817,"2026-05-09 05:44:38",59.1772,5.1,35.8,51.0,991.3
5818,"2026-05-09 05:49:38",59.1732,5.1,35.9,50.0,991.4
5819,"2026-05-09 05:54:38",59.1696,5.1,35.8,48.0,991.3
5820,"2026-05-09 05:59:38",59.167,5.2,35.8,50.0,991.4
5821,"2026-05-09 06:04:38",59.166,5.4,35.9,50.0,991.4
5822,"2026-05-09 06:09:38",59.164,5.6,35.8,46.0,991.4
5823,"2026-05-09 06:14:38",59.163,6.0,35.8,49.0,991.3
5824,"2026-05-09 06:19:38",59.1623,6.2,35.8,51.0,991.3
5825,"2026-05-09 06:24:38",59.1608,6.6,35.9,52.0,991.2
5826,"2026-05-09 06:29:38",59.1605,7.0,35.8,52.0,991.2
5827,"2026-05-09 06:34:38",59.1636,7.5,35.8,51.0,991.3
5828,"2026-05-09 06:39:38",59.1609,7.5,35.8,49.0,991.2
5829,"2026-05-09 06:44:38",59.1579,7.8,35.8,50.0,991.2
5830,"2026-05-09 06:49:38",59.1563,8.2,35.9,51.0,991.2
5831,"2026-05-09 06:54:38",59.1559,8.4,35.9,52.0,991.2
5832,"2026-05-09 06:59:38",59.1553,8.9,35.9,52.0,991.3
5833,"2026-05-09 07:04:38",59.1554,9.4,35.9,52.0,991.3
5834,"2026-05-09 07:09:38",59.157,9.9,35.9,51.0,991.3
5835,"2026-05-09 07:14:38",59.1466,9.9,35.8,50.0,991.2
5836,"2026-05-09 07:19:38",59.1553,10.7,35.8,51.0,991.3
5837,"2026-05-09 07:24:38",59.1548,11.6,35.7,51.0,991.2
5838,"2026-05-09 07:29:38",59.1553,12.4,35.8,52.0,991.3
5839,"2026-05-09 07:34:38",59.1546,12.6,35.8,49.0,991.2
5840,"2026-05-09 07:39:38",59.1545,12.8,35.9,51.0,991.3
5841,"2026-05-09 07:44:38",59.151,13.1,35.9,51.0,991.3
5842,"2026-05-09 07:49:38",59.1453,13.6,35.9,51.0,991.3
5843,"2026-05-09 07:54:38",59.1379,13.9,35.8,49.0,991.3
5844,"2026-05-09 07:59:38",59.1286,14.1,35.8,49.0,991.3
5845,"2026-05-09 08:04:38",59.1181,13.8,35.8,50.0,991.3
5846,"2026-05-09 08:09:38",59.1088,14.4,35.8,51.0,991.3
5847,"2026-05-09 08:14:38",59.0885,14.6,35.8,45.0,991.3
5848,"2026-05-09 08:19:38",59.0744,15.0,35.8,52.0,991.4
5849,"2026-05-09 08:24:38",59.0707,15.3,35.9,51.0,991.4
5850,"2026-05-09 08:29:38",59.0573,15.0,35.8,48.0,991.3
5851,"2026-05-09 08:34:38",59.0567,15.6,35.7,49.0,991.4
5852,"2026-05-09 08:39:38",59.0427,16.2,35.8,51.0,991.4
5853,"2026-05-09 08:44:38",59.0411,16.0,35.9,48.0,991.4
5854,"2026-05-09 08:49:38",59.0383,16.2,35.9,45.0,991.4
5855,"2026-05-09 08:54:38",59.0396,17.1,35.9,50.0,991.4
5856,"2026-05-09 08:59:38",59.0182,16.8,35.8,48.0,991.4
5857,"2026-05-09 09:04:38",59.0397,16.7,35.8,49.0,991.5
5858,"2026-05-09 09:09:38",59.0119,16.8,35.8,51.0,991.6
5859,"2026-05-09 09:14:38",59.0043,17.8,35.8,48.0,991.5
5860,"2026-05-09 09:19:38",58.9877,17.7,35.8,49.0,991.5
5861,"2026-05-09 09:24:38",58.9708,18.4,35.8,47.0,991.6
5862,"2026-05-09 09:29:38",58.9518,17.4,35.8,46.0,991.6
5863,"2026-05-09 09:34:38",58.9131,16.7,35.8,46.0,991.6
5864,"2026-05-09 09:39:38",58.8716,17.2,35.8,50.0,991.6
5865,"2026-05-09 09:44:38",58.7962,16.5,35.8,47.0,991.6
5866,"2026-05-09 09:49:38",58.7073,16.7,35.7,47.0,991.7
5867,"2026-05-09 09:54:38",58.6541,18.1,35.7,50.0,991.6
5868,"2026-05-09 09:59:38",58.5912,18.2,35.8,48.0,991.6
5869,"2026-05-09 10:04:38",58.5121,18.2,35.8,49.0,991.6
5870,"2026-05-09 10:09:38",58.4255,18.8,35.9,48.0,991.6
5871,"2026-05-09 10:14:38",58.3585,18.4,35.8,50.0,991.7
5872,"2026-05-09 10:19:38",58.3294,17.3,35.8,49.0,991.7
5873,"2026-05-09 10:24:38",58.3103,18.3,35.7,50.0,991.8
5874,"2026-05-09 10:29:38",58.3086,18.5,35.8,47.0,991.8
5875,"2026-05-09 10:34:38",58.2955,16.6,35.8,43.0,991.7
5876,"2026-05-09 10:39:40",58.3255,17.8,35.7,48.0,991.9
5877,"2026-05-09 10:44:40",58.3505,19.0,35.8,52.0,991.8
5878,"2026-05-09 10:49:40",58.374,19.0,35.8,47.0,991.8
5879,"2026-05-09 10:54:40",58.4229,18.9,35.8,50.0,991.8
5880,"2026-05-09 10:59:40",58.499,18.8,35.8,51.0,991.7
5881,"2026-05-09 11:04:40",58.5293,17.6,35.7,47.0,991.7
5882,"2026-05-09 11:09:40",58.5896,18.2,35.8,50.0,991.8
5883,"2026-05-09 11:14:40",58.6675,17.3,35.7,48.0,991.8
5884,"2026-05-09 11:19:40",58.692,17.2,35.7,50.0,991.8
5885,"2026-05-09 11:24:40",58.6931,18.2,35.7,51.0,991.9
5886,"2026-05-09 11:29:41",58.7844,18.9,35.7,53.0,991.8
5887,"2026-05-09 11:34:40",58.7917,18.1,35.7,47.0,991.8
5888,"2026-05-09 11:39:40",58.8016,17.5,35.7,50.0,991.7
5889,"2026-05-09 11:44:40",58.8149,18.2,35.6,45.0,991.7
5890,"2026-05-09 11:49:40",58.7969,18.2,35.6,39.0,991.7
5891,"2026-05-09 11:54:40",58.7798,17.6,35.7,47.0,991.8
5892,"2026-05-09 11:59:40",58.7892,17.7,35.6,48.0,991.7
5893,"2026-05-09 12:04:40",58.7845,17.9,35.6,48.0,991.6
5894,"2026-05-09 12:09:40",58.7641,17.2,35.6,49.0,991.7
5895,"2026-05-09 12:14:40",58.7805,17.9,35.6,48.0,991.7
5896,"2026-05-09 12:19:40",58.7737,18.1,35.6,44.0,991.7
5897,"2026-05-09 12:24:40",58.7857,18.1,35.6,47.0,991.6
5898,"2026-05-09 12:29:40",58.7765,17.2,35.5,46.0,991.7
5899,"2026-05-09 12:34:40",58.8269,17.8,35.5,51.0,991.7
5900,"2026-05-09 12:39:40",58.8502,17.9,35.5,47.0,991.7
5901,"2026-05-09 12:44:40",58.8414,16.8,35.4,51.0,991.6
5902,"2026-05-09 12:49:40",58.8631,16.8,35.4,46.0,991.5
5903,"2026-05-09 12:54:40",58.8853,17.6,35.4,48.0,991.5
5904,"2026-05-09 12:59:40",58.8884,17.8,35.4,48.0,991.5
5905,"2026-05-09 13:04:40",58.8834,18.0,35.3,49.0,991.6
5906,"2026-05-09 13:09:40",58.8882,16.7,35.4,45.0,991.6
5907,"2026-05-09 13:14:40",58.9157,18.3,35.4,48.0,991.6
5908,"2026-05-09 13:19:40",58.9105,17.4,35.4,46.0,991.6
5909,"2026-05-09 13:24:40",58.9233,18.4,35.4,48.0,991.6
5910,"2026-05-09 13:29:40",58.9719,18.3,35.4,49.0,991.6
5911,"2026-05-09 13:34:40",59.0076,18.1,35.4,49.0,991.6
5912,"2026-05-09 13:39:40",59.0148,18.4,35.5,49.0,991.6
5913,"2026-05-09 13:44:40",58.9875,18.1,35.4,48.0,991.6
5914,"2026-05-09 13:49:40",58.9941,18.1,35.3,46.0,991.6
5915,"2026-05-09 13:54:40",58.9776,18.4,35.4,52.0,991.6
5916,"2026-05-09 13:59:40",58.9953,18.8,35.4,49.0,991.5
5917,"2026-05-09 14:04:40",59.0197,18.8,35.3,49.0,991.5
5918,"2026-05-09 14:09:40",59.0379,17.8,35.3,51.0,991.5
5919,"2026-05-09 14:14:40",59.0249,17.1,35.3,48.0,991.4
5920,"2026-05-09 14:19:40",59.0684,17.3,35.2,46.0,991.3
5921,"2026-05-09 14:24:40",59.103,18.0,35.2,47.0,991.3
5922,"2026-05-09 14:29:40",59.1678,17.7,35.3,48.0,991.3
5923,"2026-05-09 14:34:40",59.2028,17.8,35.2,48.0,991.3
5924,"2026-05-09 14:39:40",59.2343,18.2,35.2,49.0,991.2
5925,"2026-05-09 14:44:40",59.258,18.5,35.2,45.0,991.2
5926,"2026-05-09 14:49:40",59.2705,18.6,35.3,50.0,991.2
5927,"2026-05-09 14:54:40",59.2951,18.6,35.3,51.0,991.1
5928,"2026-05-09 14:59:40",59.3116,18.5,35.3,46.0,991.2
5929,"2026-05-09 15:04:40",59.3469,18.4,35.3,49.0,991.2
5930,"2026-05-09 15:09:40",59.3859,18.5,35.3,51.0,991.1
5931,"2026-05-09 15:14:40",59.4364,18.1,35.3,50.0,991.1
5932,"2026-05-09 15:19:40",59.4765,17.7,35.4,47.0,991.1
5933,"2026-05-09 15:24:40",59.5241,19.8,35.4,48.0,991.0
5934,"2026-05-09 15:29:40",59.5156,18.3,35.3,48.0,991.0
5935,"2026-05-09 15:34:40",59.5558,17.5,35.3,45.0,991.1
5936,"2026-05-09 15:39:40",59.5945,16.8,35.3,47.0,991.1
5937,"2026-05-09 15:44:40",59.6308,16.4,35.4,48.0,991.1
5938,"2026-05-09 15:49:40",59.6869,16.4,35.4,46.0,991.1
5939,"2026-05-09 15:54:40",59.8218,17.3,35.4,48.0,991.0
5940,"2026-05-09 15:59:40",59.8855,18.7,35.5,49.0,991.1
5941,"2026-05-09 16:04:40",59.8828,19.6,35.4,48.0,991.1
5942,"2026-05-09 16:09:40",59.8781,19.1,35.4,45.0,990.9
5943,"2026-05-09 16:14:40",59.8622,19.5,35.5,47.0,991.0
5944,"2026-05-09 16:19:40",59.8753,17.9,35.5,49.0,991.0
5945,"2026-05-09 16:24:40",59.8882,18.5,35.5,46.0,991.0
5946,"2026-05-09 16:29:40",59.8966,18.1,35.5,47.0,991.0
5947,"2026-05-09 16:34:40",59.9043,17.7,35.4,44.0,991.1
5948,"2026-05-09 16:39:40",59.934,16.4,35.4,50.0,991.1
5949,"2026-05-09 16:44:40",59.9599,16.0,35.5,49.0,991.1
5950,"2026-05-09 16:49:40",59.9709,16.1,35.5,44.0,991.0
5951,"2026-05-09 16:54:40",59.9697,16.5,35.5,49.0,991.1
5952,"2026-05-09 16:59:40",59.9709,17.6,35.5,48.0,991.1
5953,"2026-05-09 17:04:40",59.9694,18.1,35.5,47.0,991.1
5954,"2026-05-09 17:09:40",59.9595,17.8,35.4,47.0,991.1
5955,"2026-05-09 17:14:40",59.9395,17.6,35.4,47.0,991.1
5956,"2026-05-09 17:19:40",59.9313,18.4,35.4,49.0,991.2
5957,"2026-05-09 17:24:40",59.9055,17.8,35.4,45.0,991.2
5958,"2026-05-09 17:29:40",59.9355,16.1,35.4,48.0,991.3
5959,"2026-05-09 17:34:40",59.9485,17.1,35.3,45.0,991.3
5960,"2026-05-09 17:39:40",59.9505,18.1,35.4,48.0,991.3
5961,"2026-05-09 17:44:40",59.9329,18.5,35.4,50.0,991.1
5962,"2026-05-09 17:49:40",59.9291,17.8,35.3,46.0,990.9
5963,"2026-05-09 17:54:40",59.948,17.4,35.3,43.0,990.9
5964,"2026-05-09 17:59:40",59.9298,16.2,35.3,47.0,990.8
5965,"2026-05-09 18:04:40",59.9456,15.7,35.4,49.0,990.7
5966,"2026-05-09 18:09:40",59.9619,16.6,35.4,49.0,990.6
5967,"2026-05-09 18:14:40",59.9706,16.7,35.4,46.0,990.7
5968,"2026-05-09 18:19:40",59.9707,16.8,35.4,45.0,990.7
5969,"2026-05-09 18:24:40",59.9779,16.9,35.4,49.0,990.8
5970,"2026-05-09 18:29:40",59.9816,16.8,35.4,48.0,990.8
5971,"2026-05-09 18:34:40",59.9717,15.4,35.4,50.0,990.9
5972,"2026-05-09 18:39:40",59.9687,15.1,35.4,47.0,990.8
5973,"2026-05-09 18:44:40",59.9638,14.8,35.5,46.0,990.8
5974,"2026-05-09 18:49:40",59.9698,14.4,35.5,51.0,990.8
5975,"2026-05-09 18:54:40",59.9681,14.4,35.5,47.0,990.8
5976,"2026-05-09 18:59:40",59.9615,14.2,35.4,46.0,990.9
5977,"2026-05-09 19:04:40",59.962,14.1,35.5,49.0,990.9
5978,"2026-05-09 19:09:40",59.9558,13.9,35.5,50.0,990.9
5979,"2026-05-09 19:14:40",59.9495,13.8,35.5,47.0,991.0
5980,"2026-05-09 19:19:40",59.9454,13.6,35.5,47.0,991.0
5981,"2026-05-09 19:24:40",59.942,13.6,35.5,50.0,991.0
5982,"2026-05-09 19:29:40",59.9373,13.5,35.5,45.0,990.8
5983,"2026-05-09 19:34:40",59.931,13.4,35.5,47.0,990.9
5984,"2026-05-09 19:39:40",59.9274,13.2,35.5,49.0,990.9
5985,"2026-05-09 19:44:40",59.9252,13.2,35.5,43.0,990.9
5986,"2026-05-09 19:49:40",59.9178,13.0,35.5,49.0,990.9
5987,"2026-05-09 19:54:40",59.9113,12.9,35.5,50.0,990.9
5988,"2026-05-09 19:59:40",59.9053,12.5,35.5,51.0,990.9
5989,"2026-05-09 20:04:40",59.9035,12.5,35.6,47.0,990.9
5990,"2026-05-09 20:09:40",59.898,12.3,35.6,49.0,991.0
5991,"2026-05-09 20:14:40",59.8955,12.1,35.5,50.0,991.1
5992,"2026-05-09 20:19:40",59.8905,11.8,35.5,48.0,991.1
5993,"2026-05-09 20:24:40",59.8861,11.8,35.5,47.0,991.1
5994,"2026-05-09 20:29:40",59.8836,11.6,35.5,50.0,991.2
5995,"2026-05-09 20:34:40",59.8735,11.6,35.5,49.0,991.2
5996,"2026-05-09 20:39:40",59.8746,11.2,35.6,50.0,991.3
5997,"2026-05-09 20:44:40",59.87,10.6,35.6,51.0,991.3
5998,"2026-05-09 20:49:40",59.8639,10.1,35.7,53.0,991.3
5999,"2026-05-09 20:54:40",59.8581,10.1,35.7,51.0,991.3
6000,"2026-05-09 20:59:40",59.8531,9.8,35.7,52.0,991.4
6001,"2026-05-09 21:04:40",59.8477,9.2,35.7,55.0,991.4
6002,"2026-05-09 21:09:40",59.8402,8.9,35.7,49.0,991.4
6003,"2026-05-09 21:14:40",59.8367,8.6,35.6,48.0,991.4
6004,"2026-05-09 21:19:40",59.8312,8.2,35.6,52.0,991.4
6005,"2026-05-09 21:24:40",59.8269,7.9,35.7,54.0,991.4
6006,"2026-05-09 21:29:40",59.8235,7.7,35.7,48.0,991.3
6007,"2026-05-09 21:34:40",59.8191,7.6,35.7,51.0,991.3
6008,"2026-05-09 21:39:40",59.8148,7.4,35.7,48.0,991.3
6009,"2026-05-09 21:44:40",59.81,7.1,35.7,52.0,991.2
6010,"2026-05-09 21:49:40",59.8078,6.9,35.7,51.0,991.2
6011,"2026-05-09 21:54:40",59.804,6.7,35.8,54.0,991.2
6012,"2026-05-09 21:59:40",59.7978,6.5,35.8,53.0,991.2
6013,"2026-05-09 22:04:40",59.7946,6.4,35.7,50.0,991.2
6014,"2026-05-09 22:09:40",59.7914,6.2,35.7,53.0,991.2
6015,"2026-05-09 22:14:40",59.7871,6.1,35.7,50.0,991.2
6016,"2026-05-09 22:19:40",59.7823,6.2,35.8,50.0,991.3
6017,"2026-05-09 22:24:40",59.7791,6.1,35.8,52.0,991.3
6018,"2026-05-09 22:29:40",59.7788,6.0,35.7,50.0,991.3
6019,"2026-05-09 22:34:40",59.7759,5.9,35.7,52.0,991.4
6020,"2026-05-09 22:39:40",59.7747,5.7,35.8,52.0,991.4
6021,"2026-05-09 22:44:40",59.7728,5.5,35.8,52.0,991.4
6022,"2026-05-09 22:49:40",59.7701,5.4,35.7,50.0,991.4
6023,"2026-05-09 22:54:40",59.7682,5.4,35.8,50.0,991.3
6024,"2026-05-09 22:59:40",59.7657,5.2,35.8,49.0,991.3
6025,"2026-05-09 23:04:40",59.7645,5.2,35.7,51.0,991.2
6026,"2026-05-09 23:09:40",59.7634,5.1,35.8,50.0,991.2
6027,"2026-05-09 23:14:40",59.7612,5.1,35.7,48.0,991.2
6028,"2026-05-09 23:19:40",59.76,4.8,35.7,49.0,991.3
6029,"2026-05-09 23:24:40",59.7574,4.6,35.7,50.0,991.2
6030,"2026-05-09 23:29:40",59.7544,4.8,35.7,48.0,991.2
6031,"2026-05-09 23:34:40",59.7533,4.5,35.8,50.0,991.1
6032,"2026-05-09 23:39:40",59.7512,4.4,35.7,50.0,991.1
6033,"2026-05-09 23:44:40",59.7496,4.3,35.7,51.0,991.0
6034,"2026-05-09 23:49:40",59.7475,4.3,35.7,52.0,991.0
6035,"2026-05-09 23:54:40",59.7453,4.1,35.8,50.0,991.0
6036,"2026-05-09 23:59:40",59.7426,3.9,35.8,52.0,991.0
6037,"2026-05-10 00:04:40",59.7408,3.7,35.8,51.0,990.9
6038,"2026-05-10 00:09:40",59.7367,3.6,35.8,50.0,990.9
6039,"2026-05-10 00:14:40",59.7352,3.6,35.8,52.0,991.0
6040,"2026-05-10 00:19:40",59.7325,3.6,35.8,51.0,991.0
6041,"2026-05-10 00:24:40",59.7289,3.9,35.8,52.0,991.0
6042,"2026-05-10 00:29:40",59.7257,3.8,35.8,50.0,991.0
6043,"2026-05-10 00:34:40",59.7236,3.8,35.8,52.0,991.0
6044,"2026-05-10 00:39:40",59.7217,3.4,35.8,52.0,991.0
6045,"2026-05-10 00:44:40",59.719,3.2,35.8,50.0,991.0
6046,"2026-05-10 00:49:40",59.7151,3.6,35.7,50.0,991.0
6047,"2026-05-10 00:54:40",59.714,3.5,35.7,51.0,991.0
6048,"2026-05-10 00:59:40",59.7118,3.2,35.7,51.0,990.9
6049,"2026-05-10 01:04:40",59.7096,3.0,35.8,51.0,990.8
6050,"2026-05-10 01:09:40",59.7081,3.1,35.8,50.0,990.8
6051,"2026-05-10 01:14:40",59.7063,2.9,35.8,51.0,990.7
6052,"2026-05-10 01:19:40",59.7046,2.8,35.8,52.0,990.7
6053,"2026-05-10 01:24:40",59.7019,2.8,35.8,52.0,990.7
6054,"2026-05-10 01:29:40",59.7002,2.7,35.8,51.0,990.7
6055,"2026-05-10 01:34:40",59.6983,2.6,35.8,47.0,990.7
6056,"2026-05-10 01:39:40",59.6968,2.6,35.8,49.0,990.6
6057,"2026-05-10 01:44:40",59.694,3.1,35.9,50.0,990.6
6058,"2026-05-10 01:49:40",59.694,3.1,35.8,51.0,990.6
6059,"2026-05-10 01:54:40",59.6918,2.7,35.8,52.0,990.6
6060,"2026-05-10 01:59:40",59.6889,2.6,35.8,51.0,990.5
6061,"2026-05-10 02:04:40",59.6886,2.4,35.8,50.0,990.5
6062,"2026-05-10 02:09:40",59.6873,2.4,35.8,52.0,990.5
6063,"2026-05-10 02:14:40",59.6861,2.2,35.8,53.0,990.5
6064,"2026-05-10 02:19:40",59.6845,2.1,35.8,52.0,990.4
6065,"2026-05-10 02:24:40",59.682,2.0,35.8,52.0,990.4
6066,"2026-05-10 02:29:40",59.6806,1.9,35.8,52.0,990.3
6067,"2026-05-10 02:34:40",59.6779,2.1,35.9,54.0,990.2
6068,"2026-05-10 02:39:40",59.677,1.9,35.9,50.0,990.2
6069,"2026-05-10 02:44:40",59.6756,1.6,35.9,52.0,990.3
6070,"2026-05-10 02:49:40",59.6737,1.6,35.9,52.0,990.1
6071,"2026-05-10 02:54:40",59.6702,1.9,35.8,53.0,990.1
6072,"2026-05-10 02:59:40",59.6705,2.1,35.9,51.0,990.2
6073,"2026-05-10 03:04:40",59.6709,2.0,35.8,50.0,990.0
6074,"2026-05-10 03:09:40",59.6698,1.7,35.9,56.0,990.1
6075,"2026-05-10 03:14:40",59.6679,1.5,35.9,53.0,990.0
6076,"2026-05-10 03:19:40",59.6669,1.4,35.9,52.0,989.9
6077,"2026-05-10 03:24:40",59.665,1.4,35.8,52.0,989.9
6078,"2026-05-10 03:29:40",59.6631,1.4,35.8,55.0,990.0
6079,"2026-05-10 03:34:40",59.6607,1.5,35.8,52.0,990.0
6080,"2026-05-10 03:39:40",59.6595,1.2,35.9,51.0,990.0
6081,"2026-05-10 03:44:40",59.6598,1.0,35.9,53.0,990.1
6082,"2026-05-10 03:49:40",59.6573,1.1,36.0,51.0,990.1
6083,"2026-05-10 03:54:40",59.6567,0.9,35.9,50.0,990.1
6084,"2026-05-10 03:59:40",59.6538,0.9,35.8,54.0,990.1
6085,"2026-05-10 04:04:40",59.6537,0.8,35.8,48.0,990.1
6086,"2026-05-10 04:09:40",59.6514,1.1,35.8,51.0,990.1
6087,"2026-05-10 04:14:40",59.6507,0.7,35.8,51.0,990.1
6088,"2026-05-10 04:19:40",59.6503,0.6,35.8,53.0,990.1
6089,"2026-05-10 04:24:40",59.6497,0.6,35.8,50.0,989.9
6090,"2026-05-10 04:29:40",59.6484,0.4,35.8,48.0,989.9
6091,"2026-05-10 04:34:40",59.647,0.4,35.7,49.0,989.9
6092,"2026-05-10 04:39:40",59.645,0.5,35.8,50.0,989.9
6093,"2026-05-10 04:44:40",59.6436,0.8,35.8,51.0,989.9
6094,"2026-05-10 04:49:40",59.6431,0.8,35.8,53.0,989.9
6095,"2026-05-10 04:54:40",59.6422,0.5,35.8,50.0,989.9
6096,"2026-05-10 04:59:40",59.6396,0.9,35.8,54.0,989.9
6097,"2026-05-10 05:04:40",59.6402,0.5,35.8,51.0,989.8
6098,"2026-05-10 05:09:40",59.6479,0.6,35.8,51.0,989.7
6099,"2026-05-10 05:14:40",59.6375,0.6,35.8,50.0,989.7
6100,"2026-05-10 05:19:40",59.6369,0.4,35.8,47.0,989.6
6101,"2026-05-10 05:24:40",59.6371,0.3,35.9,50.0,989.5
6102,"2026-05-10 05:29:40",59.6358,0.3,35.8,51.0,989.5
6103,"2026-05-10 05:34:40",59.6342,0.4,35.8,54.0,989.6
6104,"2026-05-10 05:39:40",59.6333,0.6,35.8,51.0,989.6
6105,"2026-05-10 05:44:40",59.632,0.6,35.9,52.0,989.6
6106,"2026-05-10 05:49:40",59.6345,0.8,35.8,51.0,989.5
6107,"2026-05-10 05:54:40",59.6309,1.2,35.8,51.0,989.4
6108,"2026-05-10 05:59:40",59.6302,1.5,35.8,51.0,989.4
6109,"2026-05-10 06:04:40",59.6301,1.7,35.8,50.0,989.3
6110,"2026-05-10 06:09:40",59.6298,2.1,35.8,53.0,989.3
6111,"2026-05-10 06:14:40",59.6319,2.4,35.8,51.0,989.3
6112,"2026-05-10 06:19:40",59.6328,2.8,35.8,53.0,989.3
6113,"2026-05-10 06:24:40",59.633,3.2,35.8,48.0,989.3
6114,"2026-05-10 06:29:40",59.6349,3.9,35.9,48.0,989.2
6115,"2026-05-10 06:34:40",59.6385,4.4,35.9,53.0,989.3
6116,"2026-05-10 06:39:40",59.6372,4.8,35.8,49.0,989.3
6117,"2026-05-10 06:44:40",59.6386,5.2,35.9,50.0,989.3
6118,"2026-05-10 06:49:40",59.64,5.6,35.8,50.0,989.4
6119,"2026-05-10 06:54:40",59.6413,6.2,35.8,52.0,989.3
6120,"2026-05-10 06:59:40",59.6452,6.6,35.7,53.0,989.2
6121,"2026-05-10 07:04:40",59.6456,6.8,35.8,51.0,989.1
6122,"2026-05-10 07:09:40",59.6448,7.6,35.8,53.0,989.1
6123,"2026-05-10 07:14:40",59.6449,7.9,35.7,52.0,989.1
6124,"2026-05-10 07:19:40",59.6462,8.1,35.8,49.0,989.2
6125,"2026-05-10 07:24:40",59.6461,8.4,35.8,50.0,989.2
6126,"2026-05-10 07:29:40",59.6472,9.4,35.8,52.0,989.2
6127,"2026-05-10 07:34:40",59.6495,9.7,35.8,50.0,989.3
6128,"2026-05-10 07:39:40",59.6507,9.8,35.7,50.0,989.4
6129,"2026-05-10 07:44:40",59.6507,10.0,35.8,50.0,989.3
6130,"2026-05-10 07:49:40",59.6509,10.8,35.8,50.0,989.4
6131,"2026-05-10 07:54:40",59.6459,10.6,35.7,48.0,989.4
6132,"2026-05-10 07:59:40",59.6396,10.2,35.7,50.0,989.4
6133,"2026-05-10 08:04:40",59.6329,10.6,35.8,51.0,989.3
6134,"2026-05-10 08:09:40",59.6264,10.4,35.8,48.0,989.3
6135,"2026-05-10 08:14:40",59.6238,10.9,35.8,49.0,989.2
6136,"2026-05-10 08:19:40",59.6111,10.9,35.7,47.0,989.2
6137,"2026-05-10 08:24:40",59.5933,11.5,35.8,49.0,989.2
6138,"2026-05-10 08:29:40",59.5709,12.2,35.8,49.0,989.1
6139,"2026-05-10 08:34:40",59.5604,12.7,35.8,49.0,989.2
6140,"2026-05-10 08:39:40",59.5498,12.9,35.8,51.0,989.2
6141,"2026-05-10 08:44:40",59.5243,12.4,35.8,50.0,989.2
6142,"2026-05-10 08:49:40",59.5325,12.9,35.8,49.0,989.0
6143,"2026-05-10 08:54:39",59.5284,13.4,35.8,48.0,988.9
6144,"2026-05-10 08:59:40",59.5284,14.9,35.8,48.0,988.8
6145,"2026-05-10 09:04:40",59.5254,15.0,35.8,51.0,988.8
6146,"2026-05-10 09:09:39",59.5207,14.4,35.8,50.0,988.9
6147,"2026-05-10 09:14:40",59.5246,15.5,35.8,51.0,988.8
6148,"2026-05-10 09:19:40",59.5197,15.0,35.9,51.0,988.9
6149,"2026-05-10 09:24:39",59.5182,15.0,35.9,49.0,988.8
6150,"2026-05-10 09:29:40",59.5075,15.2,35.8,48.0,988.7
6151,"2026-05-10 09:34:40",59.4983,15.9,35.9,47.0,988.6
6152,"2026-05-10 09:39:40",59.4836,15.9,35.9,50.0,988.6
6153,"2026-05-10 09:44:40",59.4623,16.1,35.9,49.0,988.6
6154,"2026-05-10 09:49:40",59.4426,16.2,35.9,48.0,988.6
6155,"2026-05-10 09:54:40",59.4111,16.5,35.8,48.0,988.6
6156,"2026-05-10 09:59:40",59.3381,16.4,35.9,48.0,988.5
6157,"2026-05-10 10:04:40",59.261,16.2,35.9,50.0,988.5
6158,"2026-05-10 10:09:40",59.1722,17.1,35.9,50.0,988.5
6159,"2026-05-10 10:14:40",59.0895,17.3,35.9,52.0,988.4
6160,"2026-05-10 10:19:40",58.9896,16.8,35.8,50.0,988.5
6161,"2026-05-10 10:24:39",58.9268,16.9,35.9,46.0,988.4
6162,"2026-05-10 10:29:40",58.8895,17.2,35.7,50.0,988.3
6163,"2026-05-10 10:34:40",58.8645,16.8,35.8,48.0,988.3
6164,"2026-05-10 10:39:40",58.8536,17.3,35.8,49.0,988.2
6165,"2026-05-10 10:44:40",58.8437,17.2,35.7,46.0,988.2
6166,"2026-05-10 10:49:40",58.8437,17.1,35.7,50.0,988.2
6167,"2026-05-10 10:54:39",58.8639,17.6,35.7,50.0,988.2
6168,"2026-05-10 10:59:40",58.9242,17.9,35.7,49.0,988.1
6169,"2026-05-10 11:04:39",58.9686,17.9,35.8,51.0,988.1
6170,"2026-05-10 11:09:40",59.0259,18.3,35.7,46.0,988.0
6171,"2026-05-10 11:14:40",59.0573,18.4,35.7,46.0,987.9
6172,"2026-05-10 11:19:40",59.0914,18.2,35.6,50.0,987.9
6173,"2026-05-10 11:24:39",59.1246,18.6,35.7,53.0,987.8
6174,"2026-05-10 11:29:40",59.1451,19.4,35.7,52.0,987.7
6175,"2026-05-10 11:34:40",59.1647,19.6,35.7,56.0,987.7
6176,"2026-05-10 11:39:40",59.1901,19.4,35.7,51.0,987.5
6177,"2026-05-10 11:44:40",59.1925,19.4,35.6,44.0,987.3
6178,"2026-05-10 11:49:40",59.1877,19.4,35.6,51.0,987.3
6179,"2026-05-10 11:54:40",59.1672,19.6,35.7,53.0,987.3
6180,"2026-05-10 11:59:39",59.1394,20.0,35.7,54.0,987.2
6181,"2026-05-10 12:04:40",59.0752,19.9,35.7,57.0,987.1
6182,"2026-05-10 12:09:40",59.0131,19.4,35.6,50.0,987.0
6183,"2026-05-10 12:14:39",58.9981,20.1,35.5,56.0,986.9
6184,"2026-05-10 12:19:39",58.9546,20.2,35.5,54.0,986.9
6185,"2026-05-10 12:24:39",58.9186,20.6,35.5,51.0,986.8
6186,"2026-05-10 12:29:39",58.8933,21.1,35.6,54.0,986.7
6187,"2026-05-10 12:34:39",58.8786,21.4,35.6,51.0,986.6
6188,"2026-05-10 12:39:39",58.8718,21.1,35.6,52.0,986.6
6189,"2026-05-10 12:44:39",58.8889,21.2,35.6,53.0,986.5
6190,"2026-05-10 12:49:39",58.9007,21.6,35.6,50.0,986.5
6191,"2026-05-10 12:54:39",58.8984,21.7,35.6,53.0,986.4
6192,"2026-05-10 12:59:40",58.9173,21.9,35.6,55.0,986.4
6193,"2026-05-10 13:04:39",58.9189,21.6,35.6,50.0,986.3
