tree
version=v4
num_class=1
num_tree_per_iteration=1
label_index=0
max_feature_idx=70
objective=regression
feature_names=weight_kg_noOutlier t_o h p weight_delta_noOutlier_lag1 weight_delta_noOutlier_lag2 weight_delta_noOutlier_lag3 weight_delta_noOutlier_lag6 weight_delta_noOutlier_lag12 weight_delta_noOutlier_lag24 weight_delta_noOutlier_lag48 weight_delta_noOutlier_lag168 t_o_lag1 t_o_lag2 t_o_lag3 t_o_lag6 t_o_lag12 t_o_lag24 t_o_lag48 t_o_lag168 h_lag1 h_lag2 h_lag3 h_lag6 h_lag12 h_lag24 h_lag48 h_lag168 t_i_3_lag1 t_i_3_lag2 t_i_3_lag3 t_i_3_lag6 t_i_3_lag12 t_i_3_lag24 t_i_3_lag48 t_i_3_lag168 p_lag1 p_lag2 p_lag3 p_lag6 p_lag12 p_lag24 p_lag48 p_lag168 hour dayofweek month hour_sin hour_cos day_sin day_cos weight_delta_noOutlier_roll24_mean weight_delta_noOutlier_roll24_std weight_delta_noOutlier_roll168_mean weight_delta_noOutlier_roll168_std t_o_roll24_mean t_o_roll24_std t_o_roll168_mean t_o_roll168_std h_roll24_mean h_roll24_std h_roll168_mean h_roll168_std t_i_3_roll24_mean t_i_3_roll24_std t_i_3_roll168_mean t_i_3_roll168_std p_roll24_mean p_roll24_std p_roll168_mean p_roll168_std
feature_infos=[-11.2969651694915:18.088049250000001] [-7.6072916666666703:45.676041666666698] [20.425387222222199:99.530248999999998] [971.90324083333303:1045.5841333333301] [-0.0102918333333335:0.015683846153846302] [-0.0102918333333335:0.015683846153846302] [-0.0102918333333335:0.015683846153846302] [-0.0102918333333335:0.015683846153846302] [-0.0102918333333335:0.015683846153846302] [-0.0102918333333335:0.015683846153846302] [-0.0102918333333335:0.015683846153846302] [-0.0102918333333335:0.015683846153846302] [-7.6072916666666703:45.676041666666698] [-7.6072916666666703:45.676041666666698] [-7.6072916666666703:45.676041666666698] [-7.6072916666666703:45.676041666666698] [-7.6072916666666703:45.676041666666698] [-7.6072916666666703:45.676041666666698] [-7.6072916666666703:45.676041666666698] [-7.6072916666666703:45.676041666666698] [20.425387222222199:99.530248999999998] [20.425387222222199:99.530248999999998] [20.425387222222199:99.530248999999998] [20.425387222222199:99.530248999999998] [20.425387222222199:99.530248999999998] [20.071883249999999:99.013509930555543] [20.071883249999999:95.218636562499995] [20.425387222222199:95.218636562499995] [-5.8458333333333297:34.258854166666701] [-5.8458333333333297:34.258854166666701] [-5.8458333333333297:34.258854166666701] [-5.8458333333333297:34.258854166666701] [-5.8458333333333297:34.258854166666701] [-5.8458333333333297:34.258854166666701] [-5.8458333333333297:34.258854166666701] [-5.8458333333333297:34.258854166666701] [971.90324083333303:1045.5841333333301] [971.90324083333303:1045.5841333333301] [971.90324083333303:1045.5841333333301] [971.90324083333303:1045.5841333333301] [971.90324083333303:1045.5841333333301] [971.90324083333303:1045.5841333333301] [971.90324083333303:1045.5841333333301] [971.90324083333303:1045.5841333333301] [0:23] [0:6] [1:12] [-1:1] [-1:1] [-0.99954628068735729:0.99999073973619013] [-0.92592477719384991:1] [-0.00069172222222217488:0.0013364548611111123] [2.46353782068267e-05:0.0033467499187092437] [-0.00029463767504125981:0.00073710466269841257] [7.8033709159516988e-05:0.0023856659515820618] [-2.8990288628472229:26.819452168667613] [0.28566790927257413:11.232441116318274] [1.2384382538042864:24.391649168936645] [1.5721142216261526:9.0651056273659005] [32.83330879513889:89.122380760416661] [0.23068324625199954:25.011583284446342] [43.863794393849197:85.509028985119059] [1.5055672412868237:18.414253858280993] [-2.0656249999999998:27.666514756944441] [0.19927753550056543:7.8228835946249573] [2.1806851203466002:25.685900297619046] [1.5310021248391892:7.1497876517457719] [977.32837065972228:1043.7724569444442] [0.3232164581029453:15.408109658930915] [992.23188833332028:1027.2878865190469] [1.3470261748379835:19.118354293538314]
tree_sizes=1009 1229 1234 946 927 844 997 1139 1299 1069 1825 847 920 1221 995 1064 1225 1224 927 1151 1060 1150 852 837 913 828 821 843 695 842 855 993 911 1141 995 841 924 699 914 1040 1217 1072 922 1072 854 782 780 637 698 641 616 845 848 628 777 557 696 636 413 559 784 1004 856 714 475 637 486 640 557 557 485 479 562 483 482 570 482 700 622 700 826 615 837 765 899 414 414 403 403 403 386 779 389 460 710 701 633 388 559 547 488 488 568 568 638 311 522 539 522 522 559 391 562 316 315 400 475 548 476 470 900 677 544 599 475 389 390

Tree=0
num_leaves=9
num_cat=0
split_feature=4 1 49 10 50 48 16 12
split_gain=0.000313827 7.75089e-05 4.3569e-05 1.61102e-05 9.13126e-06 4.71945e-06 3.40706e-06 5.63934e-07
threshold=0.0010564583333332502 15.824739583333303 -0.413274780713969 1.6874999999968152e-05 0.2926003356333482 -0.60355339059327384 3.4828125000000001 1.0000000180025095e-35
decision_type=2 2 2 2 2 2 2 2
left_child=3 -2 -3 4 5 -1 -7 -8
right_child=1 2 -4 -5 -6 6 7 -9
leaf_value=-2.7975398672365028e-06 -2.7975398672365028e-06 -2.7975398672365028e-06 8.943407037661301e-05 -2.7975398672365028e-06 -2.7975398672365028e-06 -2.7975398672365028e-06 -2.7975398672365028e-06 -1.2974661826114843e-05
leaf_weight=327 44 37 123 1284 1333 33 33 1206
leaf_count=327 44 37 123 1284 1333 33 33 1206
internal_value=-2.79754e-06 5.75979e-05 7.37557e-05 -5.88119e-06 -8.03291e-06 -1.08308e-05 -1.23052e-05 -1.27814e-05
internal_weight=4420 204 160 4216 2932 1599 1272 1239
internal_count=4420 204 160 4216 2932 1599 1272 1239
is_linear=0
shrinkage=1


Tree=1
num_leaves=14
num_cat=0
split_feature=9 12 49 9 10 11 32 48 13 46 46 42 52
split_gain=0.000279131 0.000109361 7.89442e-05 2.54812e-05 5.26869e-06 3.85787e-06 2.7273e-06 2.2721e-06 1.94562e-06 1.2995e-06 1.0322e-06 4.21651e-07 2.50821e-07
threshold=0.0010989583333333001 14.795572916666652 -0.413274780713969 -6.8916666666692285e-05 4.9083333333369801e-05 0.00047829166666665004 -0.40651041666666649 -0.78656609248549325 1.0000000180025095e-35 11.500000000000002 2.5000000000000004 988.90901500000007 0.00018441210348464418
decision_type=2 2 2 2 2 2 2 2 2 2 2 2 2
left_child=3 -2 -3 4 5 6 -1 -8 -9 10 -10 -12 -13
right_child=1 2 -4 -5 -6 -7 7 8 9 -11 11 12 -14
leaf_value=0 0 0 9.7569319489011256e-05 0 0 0 0 0 0 0 0 0 -1.1225165943872916e-05
leaf_weight=34 38 42 119 1967 416 75 208 63 140 75 30 53 1160
leaf_count=34 38 42 119 1967 416 75 208 63 140 75 30 53 1160
internal_value=0 5.77078e-05 7.62418e-05 -2.87069e-06 -6.61006e-06 -7.79407e-06 -8.29469e-06 -8.60802e-06 -9.37895e-06 -9.75199e-06 -1.01295e-05 -1.07814e-05 -1.09536e-05
internal_weight=4420 199 161 4221 2254 1838 1763 1729 1521 1458 1383 1243 1213
internal_count=4420 199 161 4221 2254 1838 1763 1729 1521 1458 1383 1243 1213
is_linear=0
shrinkage=0.05


Tree=2
num_leaves=14
num_cat=0
split_feature=4 1 52 10 54 5 13 4 2 21 62 5 2
split_gain=0.000263498 6.70826e-05 3.9547e-05 1.39603e-05 7.70155e-06 2.73045e-06 1.27867e-06 1.66199e-07 1.32283e-07 2.17927e-07 1.32409e-07 6.80349e-08 6.64946e-08
threshold=0.0010564583333332502 15.824739583333303 0.0010581464170973088 1.6874999999968152e-05 0.00070907871299147665 -0.0011373879310343999 0.18411458333333353 0.00045662499999995007 48.767878875000008 86.441764708333309 11.412283762495624 -0.00077574999999994987 86.44427829166672
decision_type=2 2 2 2 2 2 2 2 2 2 2 2 2
left_child=3 -2 -3 4 8 -6 -7 -8 -1 10 11 -10 -13
right_child=1 2 -4 -5 5 6 7 -9 9 -11 -12 12 -14
leaf_value=0 0 0 8.2801778936935714e-05 0 0 0 -1.0190076896054876e-05 0 0 0 0 -1.0044932613485868e-06 0
leaf_weight=111 44 30 130 1284 33 31 943 34 30 84 105 1529 32
leaf_count=111 44 30 130 1284 33 31 943 34 30 84 105 1529 32
internal_value=0 5.53555e-05 7.03838e-05 -2.81193e-06 -4.82415e-06 -9.16717e-06 -9.67261e-06 -9.98996e-06 0 -4.31023e-07 -7.18471e-07 -8.7081e-07 -9.39062e-07
internal_weight=4420 204 160 4216 2932 1041 1008 977 1891 1780 1696 1591 1561
internal_count=4420 204 160 4216 2932 1041 1008 977 1891 1780 1696 1591 1561
is_linear=0
shrinkage=0.05


Tree=3
num_leaves=10
num_cat=0
split_feature=4 9 9 4 5 12 52 69 9
split_gain=0.000239008 8.98542e-05 2.58785e-05 4.35597e-06 3.61e-06 2.04771e-06 8.73679e-07 2.55391e-07 3.62613e-08
threshold=0.0010564583333332502 0.00015320833333330001 -6.8916666666692285e-05 0.00023866666666660003 -0.0011373879310343999 4.3195312500000007 0.00013725295417990529 1002.1920516717345 0.00016504166666660004
decision_type=2 2 2 2 2 2 2 2 2
left_child=2 -2 3 4 -1 -6 -7 -8 -4
right_child=1 -3 8 -5 5 6 7 -9 -10
leaf_value=0 0 7.6559926780332121e-05 0 0 0 0 0 -9.2450097729707191e-06 3.7342334569555559e-07
leaf_weight=39 69 135 1370 176 378 34 132 1437 650
leaf_count=39 69 135 1370 176 378 34 132 1437 650
internal_value=0 5.27185e-05 -2.67975e-06 -6.57616e-06 -7.23909e-06 -7.61523e-06 -8.65211e-06 -8.82458e-06 0
internal_weight=4420 204 4216 2196 2020 1981 1603 1569 2020
internal_count=4420 204 4216 2196 2020 1981 1603 1569 2020
is_linear=0
shrinkage=0.05


Tree=4
num_leaves=10
num_cat=0
split_feature=4 1 52 4 5 62 4 4 35
split_gain=0.000216378 5.87234e-05 3.31166e-05 9.72902e-06 9.79981e-06 3.70257e-06 3.09702e-06 1.27354e-06 5.93887e-07
threshold=0.0010564583333332502 15.824739583333303 0.0010581464170973088 -0.00011662499999994998 -0.0011373879310343999 5.1098053904418856 -0.0018184166666666498 -0.00014237499999994997 2.5132812500000004
decision_type=2 2 2 2 2 2 2 2 2
left_child=3 -2 -3 4 -1 -6 -7 8 -8
right_child=1 2 -4 -5 5 6 7 -9 -10
leaf_value=0 0 0 7.5604827244365894e-05 0 0 0 0 0 -8.6079934323619731e-06
leaf_weight=61 44 30 130 2375 241 46 38 141 1314
leaf_count=61 44 30 130 2375 241 46 38 141 1314
internal_value=0 5.01865e-05 6.42485e-05 -2.52508e-06 -5.2737e-06 -6.52135e-06 -7.42976e-06 -7.87957e-06 -8.42122e-06
internal_weight=4420 204 160 4216 1841 1780 1539 1493 1352
internal_count=4420 204 160 4216 1841 1780 1539 1493 1352
is_linear=0
shrinkage=0.05


Tree=5
num_leaves=9
num_cat=0
split_feature=4 1 9 9 65 64 5 0
split_gain=0.000276385 8.52192e-05 3.11012e-05 2.38827e-05 3.79891e-06 3.12528e-06 2.5284e-06 1.93012e-07
threshold=0.0012908333333332502 15.589583333333353 0.00015320833333330001 -0.00012820833333329997 8.8811414930555586 1.2461921377385472 -0.0011373879310343999 -8.6102356666666289
decision_type=2 2 2 2 2 2 2 2
left_child=3 -2 -3 4 -1 -6 -7 -8
right_child=1 2 -4 -5 5 6 7 -9
leaf_value=0 0 0 8.5531299827241178e-05 0 0 0 0 -1.0599643459490558e-05
leaf_weight=532 32 41 130 2454 66 35 60 1013
leaf_count=532 32 41 130 2454 66 35 60 1013
internal_value=0 5.70469e-05 7.14714e-05 -2.68556e-06 -7.25135e-06 -9.19221e-06 -9.82753e-06 -1.02772e-05
internal_weight=4363 203 171 4160 1706 1174 1108 1073
internal_count=4363 203 171 4160 1706 1174 1108 1073
is_linear=0
shrinkage=0.05


Tree=6
num_leaves=11
num_cat=0
split_feature=4 1 9 9 4 56 65 28 50 50
split_gain=0.000250496 7.89176e-05 2.50756e-05 2.19615e-05 3.39732e-06 2.22842e-06 1.69592e-06 2.79472e-07 1.60766e-07 1.48344e-07
threshold=0.0012908333333332502 15.589583333333353 0.00015320833333330001 -0.00012820833333329997 0.00053295833333330013 1.3111543802190859 7.4448065398395498 2.4718750000000003 -0.90146829171281539 0.57727023316007786
decision_type=2 2 2 2 2 2 2 2 2 2
left_child=3 -2 -3 4 5 -1 -7 -8 -9 -10
right_child=1 2 -4 -5 -6 6 7 8 9 -11
leaf_value=0 0 0 8.1258023960453589e-05 0 0 0 0 0 -9.5195840134666235e-06 0
leaf_weight=156 32 41 130 2454 55 236 30 34 1124 71
leaf_count=156 32 41 130 2454 55 236 30 34 1124 71
internal_value=0 5.43096e-05 6.82221e-05 -2.55651e-06 -6.93667e-06 -7.40704e-06 -8.01967e-06 -8.92958e-06 -9.06929e-06 -9.21566e-06
internal_weight=4363 203 171 4160 1706 1651 1495 1259 1229 1195
internal_count=4363 203 171 4160 1706 1651 1495 1259 1229 1195
is_linear=0
shrinkage=0.05


Tree=7
num_leaves=13
num_cat=0
split_feature=5 44 55 5 12 25 17 52 33 60 43 62
split_gain=0.000172173 9.36436e-05 3.264e-05 8.45146e-06 5.95122e-06 3.82115e-06 2.31701e-06 2.35246e-06 8.02257e-07 6.32499e-07 5.0493e-07 1.10304e-07
threshold=0.0012986666666666001 17.500000000000004 16.818066406250001 -0.0011373879310343999 5.7065104166666663 39.118137166666656 24.660156250000004 0.00022345371978583071 3.8375000000000004 1.6835869353325752 1026.3350125000002 3.8831944202716486
decision_type=2 2 2 2 2 2 2 2 2 2 2 2
left_child=3 2 -2 -1 -5 -6 7 -7 -9 -10 11 -11
right_child=1 -3 -4 4 5 6 -8 8 9 10 -12 -13
leaf_value=0 7.7873522288085642e-05 0 0 0 0 0 0 0 0 0 0 -6.7608522725889653e-06
leaf_weight=113 120 45 32 1345 97 530 109 36 86 33 63 1754
leaf_count=113 120 45 32 1345 97 530 109 36 86 33 63 1754
internal_value=0 4.57538e-05 6.52069e-05 -2.06819e-06 -3.09994e-06 -4.45828e-06 -4.92678e-06 -5.25792e-06 -6.16908e-06 -6.30882e-06 -6.51966e-06 -6.68661e-06
internal_weight=4363 197 152 4166 4053 2708 2611 2502 1972 1936 1850 1787
internal_count=4363 197 152 4166 4053 2708 2611 2502 1972 1936 1850 1787
is_linear=0
shrinkage=0.05


Tree=8
num_leaves=15
num_cat=0
split_feature=9 1 46 9 5 32 28 10 42 52 56 33 69 51
split_gain=0.00021594 0.00010169 3.72597e-05 1.43952e-05 2.80478e-06 2.94095e-06 1.71549e-06 1.2089e-06 7.58206e-07 5.69308e-07 5.61202e-07 1.66976e-07 1.36676e-07 8.70251e-08
threshold=0.0010989583333333001 15.589583333333353 6.5000000000000009 -5.1624999999984741e-05 -0.0014264166666666498 3.3010416666666651 5.2158854166666657 0.00033270833333330006 993.31070166666711 0.00014112680132452588 0.92176776699457885 3.3010416666666651 1021.7781111505021 -0.00034307157446308222
decision_type=2 2 2 2 2 2 2 2 2 2 2 2 2 2
left_child=3 -2 -3 4 -1 -6 -7 8 -8 -10 -11 -12 13 -13
right_child=1 2 -4 -5 5 6 7 -9 9 10 11 12 -14 -15
leaf_value=0 0 8.2416675946413105e-05 0 0 0 0 0 0 0 0 0 0 0 -7.6884951638269639e-06
leaf_weight=31 49 127 37 1787 206 254 79 115 38 47 37 34 46 1476
leaf_count=31 49 127 37 1787 206 254 79 115 38 47 37 34 46 1476
internal_value=0 4.92055e-05 6.8508e-05 -2.39952e-06 -5.03397e-06 -5.35578e-06 -5.90946e-06 -6.47694e-06 -6.81295e-06 -7.05202e-06 -7.19382e-06 -7.35925e-06 -7.46422e-06 -7.59197e-06
internal_weight=4363 213 164 4150 2363 2332 2126 1872 1757 1678 1640 1593 1556 1510
internal_count=4363 213 164 4150 2363 2332 2126 1872 1757 1678 1640 1593 1556 1510
is_linear=0
shrinkage=0.05


Tree=9
num_leaves=12
num_cat=0
split_feature=9 1 46 9 18 32 17 29 52 69 13
split_gain=0.000194795 9.37616e-05 3.16308e-05 1.32228e-05 2.65696e-06 2.75739e-06 2.31647e-06 1.98411e-06 5.20929e-07 4.72674e-07 1.66989e-07
threshold=0.0010989583333333001 15.589583333333353 6.5000000000000009 -5.1624999999984741e-05 19.646614583333303 3.3010416666666651 20.279687500000005 5.4880208333333362 0.00014112680132452588 1002.0619942931485 21.704427083333353
decision_type=2 2 2 2 2 2 2 2 2 2 2
left_child=3 -2 -3 4 5 -1 7 -7 -9 -10 -11
right_child=1 2 -4 -5 -6 6 -8 8 9 10 -12
leaf_value=0 0 7.8299084986126538e-05 0 0 0 0 0 0 0 -7.629333904476335e-06 0
leaf_weight=204 49 127 37 1787 232 262 45 41 146 1400 33
leaf_count=204 49 127 37 1787 232 262 45 41 146 1400 33
internal_value=0 4.67497e-05 6.53188e-05 -2.26279e-06 -4.79385e-06 -5.34787e-06 -5.93333e-06 -6.25484e-06 -6.96503e-06 -7.11308e-06 -7.52164e-06
internal_weight=4363 213 164 4150 2363 2131 1927 1882 1620 1579 1433
internal_count=4363 213 164 4150 2363 2131 1927 1882 1620 1579 1433
is_linear=0
shrinkage=0.05


Tree=10
num_leaves=22
num_cat=0
split_feature=9 12 49 9 11 31 43 64 3 42 49 33 52 0 28 65 51 44 70 44 70
split_gain=0.000204487 7.70263e-05 8.23516e-05 1.18016e-05 5.15586e-06 2.24318e-06 2.08961e-06 2.00794e-06 1.85522e-06 6.99109e-07 7.37132e-07 6.36852e-07 5.886e-07 3.71861e-07 3.26895e-07 2.07291e-07 1.54107e-07 3.31887e-08 3.32148e-07 2.166e-07 1.94614e-07
threshold=0.0010989583333333001 14.585416666666651 -0.413274780713969 1.2708333333340401e-05 0.00047829166666665004 3.8375000000000004 1028.2936166666702 0.89930339100435985 993.0243570833336 1028.9025274509802 -0.98801351631316325 25.876302083333304 0.00014112680132452588 -10.601934874999998 2.4718750000000003 24.815893929075873 -0.00034307157446308222 17.500000000000004 2.067559030050917 4.5000000000000009 14.346495955462554
decision_type=2 2 2 2 2 2 2 2 2 2 2 2 2 2 2 2 2 2 2 2 2
left_child=3 -2 -3 4 5 -1 7 -7 -9 10 -10 12 -12 -14 -15 16 -16 18 -5 -20 -21
right_child=1 2 -4 17 -6 6 -8 8 9 -11 11 -13 13 14 15 -17 -18 -19 19 20 -22
leaf_value=0 0 0 7.9314840134764634e-05 0 0 0 0 0 0 0 0 0 0 0 0 0 -6.9849326618376449e-06 0 0 1.5442441505730138e-06 0
leaf_weight=286 44 42 143 50 132 241 107 109 101 41 81 50 49 43 41 35 1673 152 200 814 47
leaf_count=286 44 42 143 50 132 241 107 109 101 41 81 50 49 43 41 35 1673 152 200 814 47
internal_value=0 4.67996e-05 6.12468e-05 -1.49008e-06 -3.60958e-06 -4.2594e-06 -4.7267e-06 -5.04301e-06 -5.51788e-06 -5.84899e-06 -5.97748e-06 -6.20441e-06 -6.35015e-06 -6.54963e-06 -6.67753e-06 -6.79358e-06 -6.88459e-06 0 2.73268e-07 9.27766e-07 1.29981e-06
internal_weight=4481 229 185 4252 2989 2857 2571 2464 2223 2114 2073 1972 1922 1841 1792 1749 1714 1263 1111 1061 861
internal_count=4481 229 185 4252 2989 2857 2571 2464 2223 2114 2073 1972 1922 1841 1792 1749 1714 1263 1111 1061 861
is_linear=0
shrinkage=0.05


Tree=11
num_leaves=9
num_cat=0
split_feature=4 54 9 31 65 5 64 13
split_gain=0.000227991 6.53578e-05 1.47758e-05 1.21591e-05 3.65307e-06 2.90505e-06 2.59485e-06 1.89035e-07
threshold=0.0010564583333332502 0.00098624226445709101 -0.00014158333333329998 23.496875000000006 8.8811414930555586 -0.0011373879310343999 1.0328847956539786 1.1203125000000003
decision_type=2 2 2 2 2 2 2 2
left_child=2 -2 4 -3 -1 -6 -7 -8
right_child=1 3 -4 -5 5 6 7 -9
leaf_value=0 0 6.7286537424670419e-05 0 0 0 0 0 -8.351182460586794e-06
leaf_weight=520 33 166 2577 34 39 46 33 1033
leaf_count=520 33 166 2577 34 39 46 33 1033
internal_value=0 4.89364e-05 -1.66355e-06 6.00523e-05 -5.39814e-06 -7.08784e-06 -7.65048e-06 -8.19391e-06
internal_weight=4481 233 4248 200 1671 1151 1112 1066
internal_count=4481 233 4248 200 1671 1151 1112 1066
is_linear=0
shrinkage=0.05


Tree=12
num_leaves=10
num_cat=0
split_feature=4 1 31 9 4 51 31 67 50
split_gain=0.000206106 5.3951e-05 2.84464e-05 1.35157e-05 3.53592e-06 1.86195e-06 1.39039e-06 8.4051e-07 4.3842e-07
threshold=0.0010564583333332502 14.127864583333352 23.978385416666654 -0.00014395833333324999 0.00023866666666660003 -0.00024987499999998242 3.8375000000000004 991.74918484374996 0.81898454963288581
decision_type=2 2 2 2 2 2 2 2 2
left_child=3 -2 -3 4 5 -1 -7 -8 -9
right_child=1 2 -4 -5 -6 6 7 8 -10
leaf_value=0 0 6.4647267623269662e-05 0 0 0 0 0 -7.446161629403643e-06 0
leaf_weight=123 30 170 33 2594 133 90 52 1160 96
leaf_count=123 30 170 33 2594 133 90 52 1160 96
internal_value=0 4.65406e-05 5.61254e-05 -1.56201e-06 -5.1666e-06 -5.90248e-06 -6.42135e-06 -6.83578e-06 -7.09473e-06
internal_weight=4481 233 203 4248 1654 1521 1398 1308 1256
internal_count=4481 233 203 4248 1654 1521 1398 1308 1256
is_linear=0
shrinkage=0.05


Tree=13
num_leaves=14
num_cat=0
split_feature=4 54 31 48 4 51 46 3 57 4 41 13 13
split_gain=0.000185643 5.74054e-05 7.52553e-06 6.68355e-06 6.62801e-06 1.30303e-06 9.41237e-07 5.15177e-07 4.93449e-07 3.56431e-07 3.16335e-07 1.98328e-07 4.70778e-08
threshold=0.0010564583333332502 0.00098624226445709101 23.496875000000006 -0.60355339059327384 -0.00013366666666659999 -0.0002846579861110863 11.500000000000002 993.0243570833336 21.926581383850301 -0.00014237499999994997 1026.2303625000002 21.903645833333353 2.4648437500000004
decision_type=2 2 2 2 2 2 2 2 2 2 2 2 2
left_child=3 -2 -3 -1 5 -5 7 -7 9 10 11 12 -9
right_child=1 2 -4 4 -6 6 -8 8 -10 -11 -12 -13 -14
leaf_value=0 0 6.0966265336441463e-05 0 0 0 0 0 0 0 0 0 0 -7.3789308639539256e-06
leaf_weight=1158 33 166 34 67 1721 32 82 83 37 30 33 36 969
leaf_count=1158 33 166 34 67 1721 32 82 83 37 30 33 36 969
internal_value=0 4.41832e-05 5.46929e-05 -1.46035e-06 -2.88774e-06 -5.56097e-06 -5.91754e-06 -6.26892e-06 -6.43754e-06 -6.6216e-06 -6.76859e-06 -6.92315e-06 -7.07399e-06
internal_weight=4481 233 200 4248 3090 1369 1302 1220 1188 1151 1121 1088 1052
internal_count=4481 233 200 4248 3090 1369 1302 1220 1188 1151 1121 1088 1052
is_linear=0
shrinkage=0.05


Tree=14
num_leaves=11
num_cat=0
split_feature=4 1 9 4 51 42 28 30 64 36
split_gain=0.00016779 4.78821e-05 1.18255e-05 3.15727e-06 1.63543e-06 1.59911e-06 5.5951e-07 4.43918e-07 3.65355e-07 3.08877e-07
threshold=0.0010564583333332502 14.127864583333352 -0.00014395833333324999 0.00023866666666660003 -0.00024987499999998242 996.30474750000008 2.4718750000000003 25.685937500000005 0.65634125437838142 991.5952808333335
decision_type=2 2 2 2 2 2 2 2 2 2
left_child=2 -2 3 4 -1 -6 -7 -3 -8 -10
right_child=1 7 -4 -5 5 6 8 -9 9 -11
leaf_value=0 0 5.5611633448313287e-05 0 0 0 0 0 0 0 -6.9036596920444823e-06
leaf_weight=123 30 172 2594 133 85 56 36 31 32 1189
leaf_count=123 30 172 2594 133 85 56 36 31 32 1189
internal_value=0 4.20124e-05 -1.37619e-06 -4.76833e-06 -5.46938e-06 -5.95569e-06 -6.38834e-06 5.11385e-05 -6.61374e-06 -6.76603e-06
internal_weight=4481 233 4248 1654 1521 1398 1313 203 1257 1221
internal_count=4481 233 4248 1654 1521 1398 1313 203 1257 1221
is_linear=0
shrinkage=0.05


Tree=15
num_leaves=12
num_cat=0
split_feature=9 12 49 9 51 43 0 68 49 68 28
split_gain=0.000195686 6.18727e-05 3.3614e-05 7.29491e-06 3.15362e-06 3.72198e-06 9.27304e-07 1.08855e-06 1.14778e-06 5.93098e-07 2.186e-07
threshold=0.00096062499999995013 14.795572916666652 -0.413274780713969 -0.00015720833333324996 -0.00018726538553637725 1027.8089958333351 -10.056148708333298 0.84234287712867517 -0.97873101657557326 5.3694070396012101 3.7307291666666651
decision_type=2 2 2 2 2 2 2 2 2 2 2
left_child=3 -2 -3 4 -1 6 -6 -8 -9 10 -10
right_child=1 2 -4 -5 5 -7 7 8 9 -11 -12
leaf_value=0 0 0 6.7376711846024468e-05 0 0 0 0 0 0 0 -8.3703770487165282e-06
leaf_weight=253 50 44 157 2609 107 36 184 64 41 40 858
leaf_count=253 50 44 157 2609 107 36 184 64 41 40 858
internal_value=0 4.34686e-05 5.59329e-05 -1.8762e-06 -4.56523e-06 -5.54374e-06 -6.22722e-06 -6.65029e-06 -7.4197e-06 -7.86506e-06 -8.14005e-06
internal_weight=4443 251 201 4192 1583 1330 1294 1187 1003 939 899
internal_count=4443 251 201 4192 1583 1330 1294 1187 1003 939 899
is_linear=0
shrinkage=0.05


Tree=16
num_leaves=14
num_cat=0
split_feature=9 12 64 9 4 50 4 64 10 68 43 17 68
split_gain=0.000177212 5.67095e-05 2.08781e-05 6.64569e-06 4.4301e-06 2.29009e-06 1.94806e-06 1.46755e-06 6.17765e-07 2.67798e-07 3.63134e-07 2.51725e-07 1.9181e-07
threshold=0.00096062499999995013 14.795572916666652 3.3348614991926593 -0.00010587499999999998 0.00050112500000000016 0.72064045540576316 -0.0014264166666666498 0.69770580104872693 0.00017958333333330004 0.56821842508685183 1024.8710875000002 24.660156250000004 4.8166759442379039
decision_type=2 2 2 2 2 2 2 2 2 2 2 2 2
left_child=3 -2 -3 4 5 6 -1 -8 9 -9 11 12 -11
right_child=1 2 -4 -5 -6 -7 7 8 -10 10 -12 -13 -14
leaf_value=0 0 0 6.1087255845705535e-05 0 0 0 0 0 0 -7.1506218954682357e-06 0 0 0
leaf_weight=36 50 34 167 2246 102 272 31 61 153 1166 60 34 31
leaf_count=36 50 34 167 2246 102 272 31 61 153 1166 60 34 31
internal_value=0 4.13622e-05 5.33028e-05 -1.79054e-06 -3.9298e-06 -4.72263e-06 -5.45929e-06 -5.80283e-06 -6.06663e-06 -6.48929e-06 -6.67975e-06 -6.89428e-06 -7.02899e-06
internal_weight=4443 251 201 4192 1946 1844 1572 1536 1505 1352 1291 1231 1197
internal_count=4443 251 201 4192 1946 1844 1572 1536 1505 1352 1291 1231 1197
is_linear=0
shrinkage=0.05


Tree=17
num_leaves=14
num_cat=0
split_feature=9 12 49 10 9 43 35 50 51 28 49 13 69
split_gain=0.000160168 5.194e-05 2.81309e-05 6.10697e-06 3.48686e-06 3.10778e-06 2.90718e-06 1.87985e-06 9.90565e-07 7.04658e-07 3.62453e-07 7.05549e-07 6.71132e-08
threshold=0.00096062499999995013 14.795572916666652 -0.413274780713969 -8.4833333333259885e-05 1.7124999999988155e-05 1027.8089958333351 22.698958333333355 0.8977101403255705 -0.000313869791666658 5.0593750000000011 -0.98801351631316325 21.903645833333353 1022.0222073908732
decision_type=2 2 2 2 2 2 2 2 2 2 2 2 2
left_child=3 -2 -3 4 5 6 7 8 -1 -10 -11 12 -12
right_child=1 2 -4 -5 -6 -7 -8 -9 9 10 11 -13 -14
leaf_value=0 0 0 6.1210348968473251e-05 0 0 0 0 0 0 0 -7.7995676296576542e-06 0 0
leaf_weight=38 50 44 157 2163 392 46 121 132 130 62 1032 43 33
leaf_count=38 50 44 157 2163 392 46 121 132 130 62 1032 43 33
internal_value=0 3.93308e-05 5.07664e-05 -1.69109e-06 -3.66504e-06 -4.68761e-06 -5.24329e-06 -5.89056e-06 -6.45242e-06 -6.68995e-06 -7.15775e-06 -7.41065e-06 -7.66752e-06
internal_weight=4443 251 201 4192 2029 1637 1591 1470 1338 1300 1170 1108 1065
internal_count=4443 251 201 4192 2029 1637 1591 1470 1338 1300 1170 1108 1065
is_linear=0
shrinkage=0.05


Tree=18
num_leaves=10
num_cat=0
split_feature=4 1 10 48 32 64 29 52 58
split_gain=0.000116118 4.70793e-05 6.02195e-06 4.68904e-06 1.37204e-06 1.39224e-06 1.07318e-06 3.10984e-07 5.9397e-07
threshold=0.0012908333333332502 15.709895833333302 -8.4833333333259885e-05 -0.60355339059327384 1.0000000180025095e-35 1.3469000315272519 3.3010416666666651 0.00027182836472795145 2.8693644518924839
decision_type=2 2 2 2 2 2 2 2 2
left_child=2 -2 3 -1 -5 -6 -7 -8 -9
right_child=1 -3 -4 4 5 6 7 8 -10
leaf_value=0 0 4.7376397837189667e-05 0 0 0 0 0 0 -7.0691992924075749e-06
leaf_weight=451 32 179 2198 30 231 93 243 93 893
leaf_count=451 32 179 2198 30 231 93 243 93 893
internal_value=0 3.66979e-05 -1.19048e-06 -3.21713e-06 -4.55009e-06 -4.82822e-06 -5.47882e-06 -5.87125e-06 -6.61473e-06
internal_weight=4443 211 4232 2034 1583 1553 1322 1229 986
internal_count=4443 211 4232 2034 1583 1553 1322 1229 986
is_linear=0
shrinkage=0.05


Tree=19
num_leaves=13
num_cat=0
split_feature=9 12 49 9 10 5 19 64 50 51 49 28
split_gain=0.000136038 4.49991e-05 2.26358e-05 5.30318e-06 3.78557e-06 1.95491e-06 1.88935e-06 1.67841e-06 9.2145e-07 8.69937e-07 5.45494e-07 1.85015e-07
threshold=0.00096062499999995013 14.795572916666652 -0.413274780713969 -0.00015720833333324996 0.00018774999999995003 -0.0011373879310343999 1.2518229166666652 0.7382635721269285 0.90515966073569365 -0.00032618923611110837 -0.98801351631316325 3.7307291666666651
decision_type=2 2 2 2 2 2 2 2 2 2 2 2
left_child=3 -2 -3 4 5 -1 -7 -8 9 -9 -11 -12
right_child=1 2 -4 -5 -6 6 7 8 -10 10 11 -13
leaf_value=0 0 0 5.6364199251968824e-05 0 0 0 0 0 0 0 0 -7.1091254066190035e-06
leaf_weight=35 50 44 157 2609 183 66 46 37 75 45 49 1047
leaf_count=35 50 44 157 2609 183 66 46 37 75 45 49 1047
internal_value=0 3.62525e-05 4.69087e-05 -1.55118e-06 -3.84008e-06 -4.84078e-06 -5.25491e-06 -5.71427e-06 -6.09918e-06 -6.44388e-06 -6.69148e-06 -6.91797e-06
internal_weight=4443 251 201 4192 1583 1400 1365 1299 1253 1178 1141 1096
internal_count=4443 251 201 4192 1583 1400 1365 1299 1253 1178 1141 1096
is_linear=0
shrinkage=0.05


Tree=20
num_leaves=12
num_cat=0
split_feature=9 1 25 4 9 64 35 14 16 33 34
split_gain=5.07641e-05 3.43324e-05 1.05384e-05 5.49303e-06 1.24569e-06 1.34791e-06 7.13011e-07 6.17987e-07 1.64815e-07 6.65566e-08 6.59106e-08
threshold=0.00070604166666665008 15.589583333333353 57.94587608333331 3.5416666666668952e-06 0.00021408333333335005 0.77565306968029624 3.0184895833333356 -1.2981770833333297 -2.5283854166666644 1.0158854166666702 1.2453125
decision_type=2 2 2 2 2 2 2 2 2 2 2
left_child=3 -2 -3 4 5 -1 -7 -8 -9 -10 -11
right_child=1 2 -4 -5 -6 6 7 8 9 10 -12
leaf_value=0 0 3.6865916362260819e-05 0 0 0 0 0 0 0 0 -4.1075913739718223e-06
leaf_weight=196 87 168 30 1381 216 153 54 39 37 31 2069
leaf_count=196 87 168 30 1381 216 153 54 39 37 31 2069
internal_value=0 2.01961e-05 3.19419e-05 -1.59493e-06 -2.95191e-06 -3.26359e-06 -3.59737e-06 -3.82468e-06 -3.96247e-06 -4.0225e-06 -4.06753e-06
internal_weight=4461 285 198 4176 2795 2579 2383 2230 2176 2137 2100
internal_count=4461 285 198 4176 2795 2579 2383 2230 2176 2137 2100
is_linear=0
shrinkage=0.05


Tree=21
num_leaves=13
num_cat=0
split_feature=9 1 4 64 9 64 14 4 4 33 34 34
split_gain=4.53704e-05 3.14816e-05 5.04028e-06 1.71625e-06 1.1419e-06 1.23872e-06 6.46593e-07 5.21172e-07 2.46597e-07 4.81842e-07 2.52296e-07 2.50276e-08
threshold=0.00070604166666665008 15.589583333333353 3.5416666666668952e-06 3.3348614991926593 0.00021408333333335005 0.76019049806463701 -1.2981770833333297 -0.0018184166666666498 -1.9666666666632449e-05 22.754427083333304 23.177864583333307 0.67161458333333368
decision_type=2 2 2 2 2 2 2 2 2 2 2 2
left_child=2 -2 4 -3 5 -1 -7 -8 9 10 11 -9
right_child=1 3 -4 -5 -6 6 7 8 -10 -11 -12 -13
leaf_value=0 0 0 0 3.3362931580557544e-05 0 0 0 0 0 0 0 -4.1058992765427239e-06
leaf_weight=184 87 30 1381 168 216 69 35 38 147 96 35 1975
leaf_count=184 87 30 1381 168 216 69 35 38 147 96 35 1975
internal_value=0 1.91099e-05 -1.49318e-06 3.03786e-05 -2.79988e-06 -3.09883e-06 -3.41078e-06 -3.55998e-06 -3.66548e-06 -3.8268e-06 -3.98986e-06 -4.06314e-06
internal_weight=4461 285 4176 198 2795 2579 2395 2326 2291 2144 2048 2013
internal_count=4461 285 4176 198 2795 2579 2395 2326 2291 2144 2048 2013
is_linear=0
shrinkage=0.05


Tree=22
num_leaves=9
num_cat=0
split_feature=9 1 25 4 48 4 9 4
split_gain=4.07276e-05 2.90035e-05 8.96446e-06 4.71993e-06 1.37329e-06 1.29117e-06 1.38405e-06 7.95102e-07
threshold=0.00070604166666665008 15.589583333333353 57.94587608333331 -0.00012108333333329999 -0.9159756150367534 -0.0018184166666666498 0.00038050000000000003 -0.00021449999999994997
decision_type=2 2 2 2 2 2 2 2
left_child=3 -2 -3 4 -1 -6 7 -7
right_child=1 2 -4 -5 5 6 -8 -9
leaf_value=0 0 3.3495492779848099e-05 0 0 0 -5.6188636692249532e-06 0 0
leaf_weight=153 87 168 30 2447 31 1015 39 491
leaf_count=153 87 168 30 2447 31 1015 39 491
internal_value=0 1.81269e-05 2.8964e-05 -1.39609e-06 -3.39582e-06 -3.85089e-06 -4.14922e-06 -4.46758e-06
internal_weight=4461 285 198 4176 1729 1576 1545 1506
internal_count=4461 285 198 4176 1729 1576 1545 1506
is_linear=0
shrinkage=0.05


Tree=23
num_leaves=9
num_cat=0
split_feature=9 12 66 14 10 9 18 48
split_gain=3.64478e-05 2.61694e-05 5.18843e-06 5.48437e-06 4.16343e-06 2.72816e-06 1.2108e-06 1.18239e-06
threshold=0.00070604166666665008 14.795572916666652 4.6265626856286337 24.022656250000004 -0.00018024999999984999 -0.00012337499999999998 19.646614583333303 -0.9159756150367534
decision_type=2 2 2 2 2 2 2 2
left_child=4 -2 -3 -4 5 6 7 -1
right_child=1 2 3 -5 -6 -7 -8 -9
leaf_value=0 0 0 3.5685321790187739e-05 0 0 0 0 -6.3132805552426123e-06
leaf_weight=41 78 31 138 38 2798 460 110 767
leaf_count=41 78 31 138 38 2798 460 110 767
internal_value=0 1.714e-05 2.6839e-05 3.03446e-05 -1.32781e-06 -3.59104e-06 -5.17547e-06 -5.84614e-06
internal_weight=4461 285 207 176 4176 1378 918 808
internal_count=4461 285 207 176 4176 1378 918 808
is_linear=0
shrinkage=0.05


Tree=24
num_leaves=10
num_cat=0
split_feature=4 12 14 44 10 48 14 5 61
split_gain=1.86799e-05 2.41827e-05 7.72755e-06 8.92187e-06 3.3224e-06 1.88142e-06 6.60918e-07 2.01715e-07 2.03036e-08
threshold=0.00069604166666665005 15.709895833333302 24.022656250000004 16.500000000000004 4.9083333333369801e-05 -0.9159756150367534 -1.2981770833333297 -0.0011373879310343999 85.029471716765883
decision_type=2 2 2 2 2 2 2 2 2
left_child=4 -2 3 -3 5 -1 -7 -8 -9
right_child=1 2 -4 -5 -6 6 7 8 -10
leaf_value=0 0 3.2464166634203776e-05 0 0 0 0 0 -2.712382148606823e-06 0
leaf_weight=276 76 137 48 38 1085 80 40 2651 30
leaf_count=276 76 137 48 38 1085 80 40 2651 30
internal_value=0 1.1908e-05 2.1473e-05 2.64163e-05 -1.01493e-06 -2.02301e-06 -2.48496e-06 -2.6389e-06 -2.69365e-06
internal_weight=4461 299 223 175 4162 3077 2801 2721 2681
internal_count=4461 299 223 175 4162 3077 2801 2721 2681
is_linear=0
shrinkage=0.05


Tree=25
num_leaves=9
num_cat=0
split_feature=9 25 12 4 9 35 34 32
split_gain=4.42073e-05 3.23942e-05 1.9861e-05 7.40366e-06 6.77948e-07 5.3442e-07 2.94194e-07 4.89702e-08
threshold=0.00050487500000000012 60.319385750000009 14.46640625 -0.0002402916666666 0.00022633333333335005 2.3770833333333354 2.4718750000000003 3.5359375000000006
decision_type=2 2 2 2 2 2 2 2
left_child=3 2 -2 4 5 -1 -7 -8
right_child=1 -3 -4 -5 -6 6 7 -9
leaf_value=0 0 0 3.3232847190313944e-05 0 0 0 0 -5.7678767425708214e-06
leaf_weight=30 46 105 211 2966 68 34 64 914
leaf_count=30 46 105 211 2966 68 34 64 914
internal_value=0 1.68252e-05 2.67151e-05 -1.40206e-06 -4.88788e-06 -5.20353e-06 -5.40365e-06 -5.56474e-06
internal_weight=4438 362 257 4076 1110 1042 1012 978
internal_count=4438 362 257 4076 1110 1042 1012 978
is_linear=0
shrinkage=0.05


Tree=26
num_leaves=9
num_cat=0
split_feature=9 12 16 4 35 9 35 34
split_gain=3.93351e-05 2.81982e-05 9.72564e-06 6.68681e-06 1.45627e-06 6.13019e-07 4.93011e-07 2.61178e-07
threshold=0.00050487500000000012 14.46640625 13.7515625 -0.0002402916666666 11.763281250000002 0.00022633333333335005 2.3770833333333354 2.4718750000000003
decision_type=2 2 2 2 2 2 2 2
left_child=3 -2 4 5 -3 6 -1 -8
right_child=1 2 -4 -5 -6 -7 7 -9
leaf_value=0 0 0 0 0 3.5531313779786296e-05 0 0 -5.2952508325989263e-06
leaf_weight=30 123 30 59 2966 150 68 34 978
leaf_count=30 123 30 59 2966 150 68 34 978
internal_value=0 1.58569e-05 2.59928e-05 -1.33739e-06 3.21242e-05 -4.65043e-06 -4.95059e-06 -5.14321e-06
internal_weight=4438 362 239 4076 180 1110 1042 1012
internal_count=4438 362 239 4076 180 1110 1042 1012
is_linear=0
shrinkage=0.05


Tree=27
num_leaves=9
num_cat=0
split_feature=9 25 1 4 28 9 33 35
split_gain=3.57626e-05 2.7995e-05 1.41856e-05 6.15432e-06 8.33934e-07 5.79002e-07 2.64637e-07 1.70425e-07
threshold=0.00050487500000000012 60.319385750000009 15.045052083333351 -5.1500000000004545e-05 6.6921875000000002 0.00035716666666660003 3.3010416666666651 2.5132812500000004
decision_type=2 2 2 2 2 2 2 2
left_child=3 2 -2 4 -1 6 -6 -8
right_child=1 -3 -4 -5 5 -7 7 -9
leaf_value=0 0 0 3.0076261261265251e-05 0 0 0 0 -4.0349067296388596e-06
leaf_weight=506 49 105 208 1805 42 34 54 1635
leaf_count=506 49 105 208 1805 42 34 54 1635
internal_value=0 1.5121e-05 2.43771e-05 -1.27386e-06 -3.1124e-06 -3.69393e-06 -3.84048e-06 -3.93799e-06
internal_weight=4438 362 257 4076 2271 1765 1731 1689
internal_count=4438 362 257 4076 2271 1765 1731 1689
is_linear=0
shrinkage=0.05


Tree=28
num_leaves=7
num_cat=0
split_feature=9 25 1 4 9 35
split_gain=3.17614e-05 2.57229e-05 1.27953e-05 5.70764e-06 5.38455e-07 4.28153e-07
threshold=0.00050487500000000012 60.319385750000009 15.045052083333351 -0.0002402916666666 0.00022633333333335005 2.3770833333333354
decision_type=2 2 2 2 2 2
left_child=3 2 -2 4 5 -1
right_child=1 -3 -4 -5 -6 -7
leaf_value=0 0 0 2.8573170851851796e-05 0 0 -4.7135473763669878e-06
leaf_weight=30 49 105 208 2966 68 1012
leaf_count=30 49 105 208 2966 68 1012
internal_value=0 1.42571e-05 2.31604e-05 -1.19294e-06 -4.25198e-06 -4.5333e-06
internal_weight=4438 362 257 4076 1110 1042
internal_count=4438 362 257 4076 1110 1042
is_linear=0
shrinkage=0.05


Tree=29
num_leaves=9
num_cat=0
split_feature=9 25 12 4 9 28 35 33
split_gain=2.82475e-05 2.36462e-05 1.41726e-05 5.34355e-06 6.83276e-07 3.76408e-07 1.63923e-07 1.32374e-07
threshold=0.00050487500000000012 60.319385750000009 14.46640625 -5.1500000000004545e-05 0.00021408333333335005 6.6921875000000002 2.5132812500000004 3.3010416666666651
decision_type=2 2 2 2 2 2 2 2
left_child=3 2 -2 4 5 -1 -7 -8
right_child=1 -3 -4 -5 -6 6 7 -9
leaf_value=0 0 0 2.7523745224565018e-05 0 0 0 0 -3.7463507836289166e-06
leaf_weight=471 46 105 211 1805 141 53 39 1567
leaf_count=471 46 105 211 1805 141 53 39 1567
internal_value=0 1.34365e-05 2.20046e-05 -1.13443e-06 -2.86214e-06 -3.08805e-06 -3.57916e-06 -3.67264e-06
internal_weight=4438 362 257 4076 2271 2130 1659 1606
internal_count=4438 362 257 4076 2271 2130 1659 1606
is_linear=0
shrinkage=0.05


Tree=30
num_leaves=9
num_cat=0
split_feature=4 28 44 48 10 64 13 17
split_gain=2.88739e-05 2.93972e-05 6.13908e-06 2.19279e-06 2.51246e-06 1.22697e-06 2.74975e-07 1.45402e-07
threshold=0.00074216666666660012 16.914322916666652 16.500000000000004 -0.60355339059327384 -0.00014737499999994998 1.1904423735126866 1.0000000180025095e-35 1.0000000180025095e-35
decision_type=2 2 2 2 2 2 2 2
left_child=3 -2 -3 -1 5 -5 -7 -8
right_child=1 2 -4 4 -6 6 7 -9
leaf_value=0 0 3.0876567442944887e-05 0 0 0 0 0 -4.0839251026252439e-06
leaf_weight=1103 55 168 42 118 1865 46 31 998
leaf_count=1103 55 168 42 118 1865 46 31 998
internal_value=0 1.64136e-05 2.62627e-05 -4.28843e-07 -1.42928e-06 -3.24048e-06 -3.80872e-06 -3.97779e-06
internal_weight=4426 265 210 4161 3058 1193 1075 1029
internal_count=4426 265 210 4161 3058 1193 1075 1029
is_linear=0
shrinkage=0.05


Tree=31
num_leaves=11
num_cat=0
split_feature=9 1 4 58 18 4 64 9 17 42
split_gain=2.82427e-05 3.12343e-05 4.33788e-06 3.96783e-06 2.08155e-06 1.05631e-06 9.17088e-07 5.93402e-07 2.13954e-07 7.41633e-09
threshold=0.00033287499999990004 15.589583333333353 -0.00012108333333329999 4.7225029485966665 26.418750000000006 -0.0018184166666666498 1.3094642578777933 0.00019774999999995003 0.17994791666666651 1025.6355583333302
decision_type=2 2 2 2 2 2 2 2 2 2
left_child=2 -2 5 -3 -5 -1 -7 8 -8 -10
right_child=1 3 -4 4 -6 6 7 -9 9 -11
leaf_value=0 0 0 0 3.0142994776538243e-05 0 0 0 0 -4.0293254245517492e-06 0
leaf_weight=36 244 54 2229 177 36 229 50 51 1276 44
leaf_count=36 244 54 2229 177 36 229 50 51 1276 44
internal_value=0 1.15094e-05 -8.6109e-07 2.33629e-05 2.70312e-05 -2.85544e-06 -3.15147e-06 -3.62568e-06 -3.83636e-06 -3.95983e-06
internal_weight=4426 511 3915 267 213 1686 1650 1421 1370 1320
internal_count=4426 511 3915 267 213 1686 1650 1421 1370 1320
is_linear=0
shrinkage=0.05


Tree=32
num_leaves=10
num_cat=0
split_feature=9 1 34 58 9 10 56 5 43
split_gain=2.56718e-05 2.87555e-05 5.92375e-06 3.89662e-06 2.59099e-06 2.90798e-06 1.37078e-06 7.72768e-07 1.09463e-07
threshold=0.00033287499999990004 15.589583333333353 26.212760416666654 4.7225029485966665 -0.00030587500000004998 0.00029408333333325005 1.2017213555402451 -0.0010499856321839497 995.71513541666661
decision_type=2 2 2 2 2 2 2 2 2
left_child=4 -2 3 -3 5 6 -1 -8 -9
right_child=1 2 -4 -5 -6 -7 7 8 -10
leaf_value=0 0 0 0 2.9229450416769031e-05 0 0 0 0 -5.4714779205851706e-06
leaf_weight=50 244 50 32 185 2956 111 37 31 730
leaf_count=50 244 50 32 185 2956 111 37 31 730
internal_value=0 1.09875e-05 2.23641e-05 2.51242e-05 -7.95429e-07 -3.05556e-06 -4.37384e-06 -4.96214e-06 -5.32524e-06
internal_weight=4426 511 267 235 3915 959 848 798 761
internal_count=4426 511 267 235 3915 959 848 798 761
is_linear=0
shrinkage=0.05


Tree=33
num_leaves=13
num_cat=0
split_feature=9 1 34 4 58 4 56 43 9 42 34 29
split_gain=2.32294e-05 2.63471e-05 5.34167e-06 3.76545e-06 3.04225e-06 9.73078e-07 8.03336e-07 6.06012e-07 3.41002e-07 1.15388e-07 1.04525e-07 3.47147e-08
threshold=0.00033287499999990004 15.589583333333353 26.212760416666654 -0.00012108333333329999 4.7225029485966665 -0.0018184166666666498 1.2017213555402451 997.51358416666665 0.00019774999999995003 996.30474750000008 2.1169270833333305 2.3486979166666706
decision_type=2 2 2 2 2 2 2 2 2 2 2 2
left_child=3 -2 4 5 -3 -1 -7 -8 9 -9 -11 -12
right_child=1 2 -4 -5 -6 6 7 8 -10 10 11 -13
leaf_value=0 0 0 0 0 2.7768767897119937e-05 0 0 0 0 0 0 -3.8660668825916162e-06
leaf_weight=36 244 50 32 2229 185 124 95 47 47 33 31 1273
leaf_count=36 244 50 32 2229 185 124 95 47 47 33 31 1273
internal_value=0 1.04585e-05 2.13519e-05 -7.44419e-07 2.39741e-05 -2.62104e-06 -2.91444e-06 -3.24039e-06 -3.50083e-06 -3.64526e-06 -3.73774e-06 -3.81112e-06
internal_weight=4426 511 267 3915 235 1686 1650 1526 1431 1384 1337 1304
internal_count=4426 511 267 3915 235 1686 1650 1526 1431 1384 1337 1304
is_linear=0
shrinkage=0.05


Tree=34
num_leaves=11
num_cat=0
split_feature=9 1 34 4 4 56 9 42 69 17
split_gain=2.09916e-05 2.41558e-05 4.81627e-06 3.4042e-06 9.15631e-07 7.40363e-07 4.45738e-07 3.24549e-07 1.57742e-07 1.28072e-07
threshold=0.00033287499999990004 15.589583333333353 26.212760416666654 -0.00012108333333329999 -0.0018184166666666498 1.2017213555402451 0.00019774999999995003 996.30474750000008 1022.0222073908732 0.17994791666666651
decision_type=2 2 2 2 2 2 2 2 2 2
left_child=3 -2 -3 4 -1 -6 7 -7 9 -9
right_child=1 2 -4 -5 5 6 -8 8 -10 -11
leaf_value=0 0 2.2881567944840852e-05 0 0 0 0 0 0 0 -3.6014618816827152e-06
leaf_weight=36 244 235 32 2229 124 63 53 39 52 1319
leaf_count=36 244 235 32 2229 124 63 53 39 52 1319
internal_value=0 9.95591e-06 2.03902e-05 -6.81566e-07 -2.47509e-06 -2.76532e-06 -3.07915e-06 -3.25249e-06 -3.4098e-06 -3.51601e-06
internal_weight=4426 511 267 3915 1686 1650 1526 1473 1410 1358
internal_count=4426 511 267 3915 1686 1650 1526 1473 1410 1358
is_linear=0
shrinkage=0.05


Tree=35
num_leaves=9
num_cat=0
split_feature=9 1 34 2 4 13 2 18
split_gain=2.30357e-05 1.36759e-05 4.80601e-06 3.12892e-06 2.19912e-06 3.116e-07 2.87165e-07 1.36118e-07
threshold=0.00033287499999990004 15.709895833333302 26.746614583333351 68.741561500000017 0.00050112500000000016 -0.99765624999999991 67.706246291666659 27.104427083333302
decision_type=2 2 2 2 2 2 2 2
left_child=3 -2 -3 4 5 -1 7 -7
right_child=1 2 -4 -5 -6 6 -8 -9
leaf_value=0 0 2.0249529878236675e-05 0 0 0 -4.0782303385378243e-06 0 0
leaf_weight=34 260 230 31 2132 135 1479 137 43
leaf_count=34 260 230 31 2132 135 1479 137 43
internal_value=0 9.61215e-06 1.77579e-05 -1.5442e-06 -3.07318e-06 -3.66669e-06 -3.76692e-06 -3.99231e-06
internal_weight=4481 521 261 3960 1828 1693 1659 1522
internal_count=4481 521 261 3960 1828 1693 1659 1522
is_linear=0
shrinkage=0.05


Tree=36
num_leaves=10
num_cat=0
split_feature=9 1 34 10 9 19 28 17 34
split_gain=2.09233e-05 1.21998e-05 4.35302e-06 2.70272e-06 9.00713e-07 7.72842e-07 9.17363e-07 3.06791e-07 1.57269e-07
threshold=0.00033287499999990004 15.709895833333302 26.746614583333351 -7.0041666666694643e-05 0.00015945833333330003 20.174218750000005 5.5565104166666659 0.93229166666666707 2.6333333333333355
decision_type=2 2 2 2 2 2 2 2 2
left_child=3 -2 -3 4 5 6 -1 -8 -9
right_child=1 2 -4 -5 -6 -7 7 8 -10
leaf_value=0 0 1.9237492907799773e-05 0 0 0 0 0 0 -3.9805355035768269e-06
leaf_weight=301 260 230 31 1831 109 185 55 32 1447
leaf_count=301 260 230 31 1831 109 185 55 32 1447
internal_value=0 9.16527e-06 1.6866e-05 -1.46804e-06 -2.67994e-06 -2.94691e-06 -3.2577e-06 -3.76694e-06 -3.90334e-06
internal_weight=4481 521 261 3960 2129 2020 1835 1534 1479
internal_count=4481 521 261 3960 2129 2020 1835 1534 1479
is_linear=0
shrinkage=0.05


Tree=37
num_leaves=7
num_cat=0
split_feature=9 1 34 4 16 4
split_gain=1.90089e-05 1.08743e-05 3.9434e-06 2.8282e-06 8.59459e-07 1.62887e-07
threshold=0.00033287499999990004 15.709895833333302 26.746614583333351 -0.00013366666666659999 7.1005208333333316 -0.0014264166666666498
decision_type=2 2 2 2 2 2
left_child=3 -2 -3 4 -1 -6
right_child=1 2 -4 -5 5 -7
leaf_value=0 0 1.8276036453682899e-05 0 0 0 -3.8607351433043587e-06
leaf_weight=417 260 230 31 2344 36 1163
leaf_count=417 260 230 31 2344 36 1163
internal_value=0 8.74073e-06 1.60187e-05 -1.39532e-06 -3.0242e-06 -3.75742e-06
internal_weight=4481 521 261 3960 1616 1199
internal_count=4481 521 261 3960 1616 1199
is_linear=0
shrinkage=0.05


Tree=38
num_leaves=10
num_cat=0
split_feature=9 1 35 2 4 28 12 2 18
split_gain=1.73276e-05 9.68437e-06 4.52094e-06 2.62167e-06 1.93705e-06 6.63129e-07 6.97287e-07 2.755e-07 1.71159e-07
threshold=0.00033287499999990004 15.709895833333302 11.274218750000001 68.741561500000017 0.00050112500000000016 6.9041666666666659 5.9955729166666663 67.706246291666659 27.104427083333302
decision_type=2 2 2 2 2 2 2 2 2
left_child=3 -2 -3 4 5 -1 -7 8 -8
right_child=1 2 -4 -5 -6 6 7 -9 -10
leaf_value=0 0 0 1.7772981409989919e-05 0 0 0 -4.2480782414029228e-06 0 0
leaf_weight=193 260 34 227 2132 135 73 1275 109 43
leaf_count=193 260 34 227 2132 135 73 1275 109 43
internal_value=0 8.3374e-06 1.52138e-05 -1.33863e-06 -2.73257e-06 -3.30493e-06 -3.6651e-06 -3.91684e-06 -4.13918e-06
internal_weight=4481 521 261 3960 1828 1693 1500 1427 1318
internal_count=4481 521 261 3960 1828 1693 1500 1427 1318
is_linear=0
shrinkage=0.05


Tree=39
num_leaves=12
num_cat=0
split_feature=11 26 35 34 12 16 2 12 17 17 1
split_gain=4.30813e-06 3.83444e-06 2.1296e-06 2.35592e-06 3.1196e-06 1.49878e-06 1.03815e-06 1.78067e-06 2.86974e-07 1.68633e-07 1.01548e-07
threshold=0.00043199999999995006 54.071536000000002 16.066666666666652 25.713281250000005 14.46640625 8.0369791666666721 65.30270204166672 27.775520833333356 24.660156250000004 3.7916666666666656 4.6635416666666663
decision_type=2 2 2 2 2 2 2 2 2 2 2
left_child=5 2 -2 4 -4 -1 7 8 9 -7 -11
right_child=1 -3 3 -5 -6 6 -8 -9 -10 10 -12
leaf_value=0 0 0 0 0 1.7813483051155022e-05 0 0 0 0 0 -4.0770242144547898e-06
leaf_weight=1797 30 182 34 39 118 76 1225 44 58 31 847
leaf_count=1797 30 182 34 39 118 76 1225 44 58 31 847
internal_value=0 4.69264e-06 9.13804e-06 1.11567e-05 1.39682e-05 -6.81441e-07 -1.57251e-06 -2.79259e-06 -3.54063e-06 -3.74834e-06 -3.96815e-06
internal_weight=4481 403 221 191 152 4078 2281 1056 1012 954 878
internal_count=4481 403 221 191 152 4078 2281 1056 1012 954 878
is_linear=0
shrinkage=0.05


Tree=40
num_leaves=14
num_cat=0
split_feature=5 44 14 5 12 10 17 10 2 2 47 25 33
split_gain=1.37528e-05 2.18282e-05 1.41835e-05 1.65236e-06 2.41636e-06 7.10146e-07 7.34171e-07 7.51123e-07 5.03122e-07 4.65932e-07 4.76923e-07 3.44165e-07 7.78715e-08
threshold=0.0012986666666666001 17.500000000000004 23.552343750000002 -0.0011373879310343999 6.1750000000000007 0.0033386250000000004 27.173958333333307 -0.0018661666666666499 34.294309291666657 84.166861125000011 0.98296291314453421 37.136368458333358 3.3010416666666651
decision_type=2 2 2 2 2 2 2 2 2 2 2 2 2
left_child=3 2 -2 -1 -5 6 7 -6 -9 10 11 -10 -13
right_child=1 -3 -4 4 5 -7 -8 8 9 -11 -12 12 -14
leaf_value=0 3.1020297049351267e-05 0 0 0 0 0 0 0 0 0 0 0 -3.0411403089676704e-06
leaf_weight=115 129 49 30 1477 36 31 64 41 44 126 77 37 2218
leaf_count=115 129 49 30 1477 36 31 64 41 44 126 77 37 2218
internal_value=0 1.28194e-05 2.36208e-05 -2.07533e-07 -1.01951e-06 -1.96788e-06 -2.14235e-06 -2.32706e-06 -2.49605e-06 -2.61439e-06 -2.77267e-06 -2.90926e-06 -3.00174e-06
internal_weight=4474 208 159 4266 4151 2674 2643 2579 2543 2502 2376 2299 2255
internal_count=4474 208 159 4266 4151 2674 2643 2579 2543 2502 2376 2299 2255
is_linear=0
shrinkage=0.05


Tree=41
num_leaves=12
num_cat=0
split_feature=5 4 5 12 64 4 10 2 17 2 25
split_gain=1.17325e-05 1.38074e-05 1.43358e-06 2.16653e-06 1.34879e-06 1.00718e-06 7.30827e-07 7.59013e-07 7.95242e-07 5.33273e-07 5.49059e-07
threshold=0.0012986666666666001 0.00094724999999995009 -0.0011373879310343999 6.1750000000000007 1.5437792711904559 -0.0014264166666666498 0.0031017083333333005 34.294309291666657 27.173958333333307 67.351981958333354 37.136368458333358
decision_type=2 2 2 2 2 2 2 2 2 2 2
left_child=2 -2 -1 -4 -5 -6 7 -7 9 10 -9
right_child=1 -3 3 4 5 6 -8 8 -10 -11 -12
leaf_value=0 0 2.0682428480629141e-05 0 0 0 0 0 0 0 0 -4.5912313419881396e-06
leaf_weight=115 59 149 1477 623 47 39 30 38 55 733 1109
leaf_count=115 59 149 1477 623 47 39 30 38 55 733 1109
internal_value=0 1.18579e-05 -1.28477e-07 -9.38263e-07 -1.84175e-06 -2.46299e-06 -2.73222e-06 -2.91616e-06 -3.1074e-06 -3.316e-06 -4.38001e-06
internal_weight=4474 208 4266 4151 2674 2051 2004 1974 1935 1880 1147
internal_count=4474 208 4266 4151 2674 2051 2004 1974 1935 1880 1147
is_linear=0
shrinkage=0.05


Tree=42
num_leaves=10
num_cat=0
split_feature=4 28 14 47 48 10 17 64 13
split_gain=9.19185e-06 1.21317e-05 6.89851e-06 7.74882e-06 1.0032e-06 6.22395e-07 1.82944e-07 1.65963e-07 6.6712e-08
threshold=0.0010564583333332502 16.274218750000006 23.552343750000002 -0.91597561503675329 -0.37940952255126015 -0.00010995833333329999 1.0000000180025095e-35 1.1223498156340093 0.47226412835249071
decision_type=2 2 2 2 2 2 2 2 2
left_child=4 -2 3 -3 -1 6 -6 -8 -9
right_child=1 2 -4 -5 5 -7 7 8 -10
leaf_value=0 0 0 0 2.6807552863730317e-05 0 0 0 0 -2.2129106646204776e-06
leaf_weight=1490 33 39 42 125 68 1458 126 46 1047
leaf_count=1490 33 39 42 125 68 1458 126 46 1047
internal_value=0 9.79826e-06 1.6079e-05 2.07317e-05 -7.62037e-08 -9.60513e-07 -1.7823e-06 -1.93104e-06 -2.13033e-06
internal_weight=4474 239 206 164 4235 2745 1287 1219 1093
internal_count=4474 239 206 164 4235 2745 1287 1219 1093
is_linear=0
shrinkage=0.05


Tree=43
num_leaves=12
num_cat=0
split_feature=9 1 28 6 11 35 18 33 33 5 2
split_gain=1.73993e-05 2.45493e-05 7.15019e-07 1.00652e-06 6.07809e-07 5.55035e-07 3.00666e-07 3.15249e-07 2.09589e-07 7.93564e-08 3.69035e-08
threshold=0.00033287499999990004 15.589583333333353 7.1721354166666655 -0.0011373879310343999 0.0020242499999999501 3.1315104166666656 19.646614583333303 22.550260416666656 4.3102746212121206 -0.0011373879310343999 84.694356166666651
decision_type=2 2 2 2 2 2 2 2 2 2 2
left_child=2 -2 -1 -4 5 -5 7 8 -7 -10 -11
right_child=1 -3 3 4 -6 6 -8 -9 9 10 -12
leaf_value=0 0 1.9780365515676703e-05 0 0 0 0 0 0 0 -2.4519439389683485e-06 0
leaf_weight=1238 274 263 69 170 42 73 319 30 40 1912 44
leaf_count=1238 274 263 69 170 42 73 319 30 40 1912 44
internal_value=0 8.79735e-06 -7.00191e-07 -1.17363e-06 -1.53957e-06 -1.73086e-06 -1.9443e-06 -2.17092e-06 -2.27203e-06 -2.36927e-06 -2.41446e-06
internal_weight=4474 537 3937 2699 2630 2588 2418 2099 2069 1996 1956
internal_count=4474 537 3937 2699 2630 2588 2418 2099 2069 1996 1956
is_linear=0
shrinkage=0.05


Tree=44
num_leaves=9
num_cat=0
split_feature=9 1 4 28 6 4 5 34
split_gain=1.54933e-05 2.23164e-05 9.13585e-07 5.34784e-07 1.94995e-07 1.76147e-07 1.12521e-07 5.50389e-08
threshold=0.00033287499999990004 15.589583333333353 6.3541666666644219e-05 7.4151041666666657 -0.0012581249999999496 -0.0014264166666666498 -0.0011373879310343999 2.2406250000000005
decision_type=2 2 2 2 2 2 2 2
left_child=2 -2 3 -1 -5 -6 -7 -8
right_child=1 -3 -4 4 5 6 7 -9
leaf_value=0 0 1.8791723145615377e-05 0 0 0 0 0 -1.8623977486489363e-06
leaf_weight=1005 274 263 861 33 46 38 56 1898
leaf_count=1005 274 263 861 33 46 38 56 1898
internal_value=0 8.31306e-06 -6.40653e-07 -1.12597e-06 -1.59014e-06 -1.67591e-06 -1.75914e-06 -1.81624e-06
internal_weight=4474 537 3937 3076 2071 2038 1992 1954
internal_count=4474 537 3937 3076 2071 2038 1992 1954
is_linear=0
shrinkage=0.05


Tree=45
num_leaves=8
num_cat=0
split_feature=9 48 48 11 48 9 10
split_gain=4.15384e-06 1.36258e-06 1.58348e-06 2.5107e-06 6.99673e-07 3.49695e-07 1.1175e-08
threshold=0.00021408333333335005 0.37940952255126048 -0.98296291314453399 -0.00035470833333324997 -0.37940952255126015 -0.00013341666666664997 -2.7583333333384847e-05
decision_type=2 2 2 2 2 2 2
left_child=4 2 -2 -4 -1 6 -6
right_child=1 -3 3 -5 5 -7 -8
leaf_value=0 0 0 0 6.8407664040611815e-06 -2.1914069109592209e-06 0 0
leaf_weight=1196 49 77 85 473 945 1352 230
leaf_count=1196 49 77 85 473 945 1352 230
internal_value=0 3.52437e-06 4.42805e-06 5.33126e-06 -7.11973e-07 -1.19957e-06 -1.95922e-06
internal_weight=4407 684 607 558 3723 2527 1175
internal_count=4407 684 607 558 3723 2527 1175
is_linear=0
shrinkage=0.05


Tree=46
num_leaves=8
num_cat=0
split_feature=9 1 11 9 48 9 4
split_gain=3.65517e-06 3.56061e-06 2.56545e-06 2.00461e-06 6.59828e-07 2.88722e-07 6.36856e-08
threshold=0.00021408333333335005 15.589583333333353 -0.00046299999999994994 0.00034399999999995009 -0.37940952255126015 -0.00013341666666664997 -0.0010499856321839497
decision_type=2 2 2 2 2 2 2
left_child=4 -2 -3 -4 -1 6 -6
right_child=1 2 3 -5 5 -7 -8
leaf_value=0 0 0 0 1.135249724155565e-05 0 0 -1.9351706818163729e-06
leaf_weight=1196 398 41 30 215 34 1352 1141
leaf_count=1196 398 41 30 215 34 1352 1141
internal_value=0 3.28788e-06 7.5473e-06 9.62588e-06 -6.84162e-07 -1.1586e-06 -1.87111e-06
internal_weight=4407 684 286 245 3723 2527 1175
internal_count=4407 684 286 245 3723 2527 1175
is_linear=0
shrinkage=0.05


Tree=47
num_leaves=6
num_cat=0
split_feature=9 26 48 9 4
split_gain=3.28376e-06 2.3529e-06 6.18545e-07 2.28012e-07 5.81511e-08
threshold=0.00021408333333335005 50.420227375000003 -0.37940952255126015 -0.00013341666666664997 -0.0010499856321839497
decision_type=2 2 2 2 2
left_child=2 -2 -1 4 -4
right_child=1 -3 3 -5 -6
leaf_value=0 7.2295036138440051e-06 0 0 0 -1.8384206198962201e-06
leaf_weight=1196 239 445 34 1352 1141
leaf_count=1196 239 445 34 1352 1141
internal_value=0 3.10949e-06 -6.54509e-07 -1.11491e-06 -1.77716e-06
internal_weight=4407 684 3723 2527 1175
internal_count=4407 684 3723 2527 1175
is_linear=0
shrinkage=0.05


Tree=48
num_leaves=7
num_cat=0
split_feature=9 1 11 9 10 4
split_gain=3.01948e-06 2.9768e-06 2.32688e-06 5.4703e-07 1.81613e-06 4.705e-07
threshold=0.00021408333333335005 15.589583333333353 -0.00046299999999994994 -0.00030587500000004998 0.00029408333333325005 -0.0011373879310343999
decision_type=2 2 2 2 2 2
left_child=3 -2 -3 4 5 -1
right_child=1 2 -4 -5 -6 -7
leaf_value=0 0 0 8.8846239634952147e-06 0 0 -3.2638837670579966e-06
leaf_weight=39 398 41 245 2787 95 802
leaf_count=39 398 41 245 2787 95 802
internal_value=0 2.9832e-06 6.87689e-06 -6.26338e-07 -1.73816e-06 -2.95982e-06
internal_weight=4407 684 286 3723 936 841
internal_count=4407 684 286 3723 936 841
is_linear=0
shrinkage=0.05


Tree=49
num_leaves=6
num_cat=0
split_feature=48 11 48 10 4
split_gain=1.01278e-06 1.1149e-06 9.95318e-07 7.12143e-07 5.36095e-08
threshold=-0.37940952255126015 -0.00043437499999994994 -0.98296291314453399 -0.00010995833333329999 -0.0010499856321839497
decision_type=2 2 2 2 2
left_child=1 -1 -3 4 -2
right_child=3 2 -4 -5 -6
leaf_value=0 0 0 2.2786496540803851e-06 0 -1.5539428750688787e-06
leaf_weight=211 32 150 1283 1464 1267
leaf_count=211 32 150 1283 1464 1267
internal_value=0 9.18365e-07 1.7066e-06 -6.43825e-07 -1.5007e-06
internal_weight=4407 1644 1433 2763 1299
internal_count=4407 1644 1433 2763 1299
is_linear=0
shrinkage=0.05


Tree=50
num_leaves=6
num_cat=0
split_feature=4 1 44 16 27
split_gain=7.39411e-06 8.0862e-06 2.15885e-06 2.07867e-06 7.6836e-07
threshold=0.00056512499999990002 15.275000000000002 16.500000000000004 11.364322916666652 65.033968333333362
decision_type=2 2 2 2 2
left_child=3 -2 -3 -1 -5
right_child=1 2 -4 4 -6
leaf_value=0 0 1.4931252441212143e-05 0 -3.365398420502757e-06 0
leaf_weight=2511 95 184 41 898 724
leaf_count=2511 95 184 41 898 724
internal_value=0 6.94312e-06 1.25841e-05 -8.59632e-07 -2.25534e-06
internal_weight=4453 320 225 4133 1622
internal_count=4453 320 225 4133 1622
is_linear=0
shrinkage=0.05


Tree=51
num_leaves=9
num_cat=0
split_feature=4 28 44 28 5 4 27 2
split_gain=6.55297e-06 5.00614e-06 3.37238e-06 1.43633e-06 1.78699e-06 7.09321e-07 1.12166e-06 1.02311e-07
threshold=0.00056512499999990002 16.047135416666702 16.500000000000004 7.4151041666666657 -0.0011373879310343999 -0.0018184166666666498 66.427241750000022 83.785478375000011
decision_type=2 2 2 2 2 2 2 2
left_child=3 -2 -3 -1 -5 -6 7 -7
right_child=1 2 -4 4 5 6 -8 -9
leaf_value=0 0 1.3441888684259369e-05 0 0 0 -3.4542418229253168e-06 0 0
leaf_weight=1407 77 191 52 82 42 1315 1252 35
leaf_count=1407 77 191 52 82 42 1315 1252 35
internal_value=0 6.51398e-06 1.03612e-05 -8.23072e-07 -1.53111e-06 -2.02647e-06 -2.20326e-06 -3.38127e-06
internal_weight=4453 320 243 4133 2726 2644 2602 1350
internal_count=4453 320 243 4133 2726 2644 2602 1350
is_linear=0
shrinkage=0.05


Tree=52
num_leaves=9
num_cat=0
split_feature=4 12 44 12 11 5 2 6
split_gain=5.76005e-06 8.5384e-06 2.76784e-06 1.29886e-06 1.72381e-06 6.47697e-07 5.4197e-07 5.43078e-08
threshold=0.00056512499999990002 14.944531250000002 16.500000000000004 5.7065104166666663 0.00043199999999995006 -0.0014264166666666498 66.571373958333353 -0.0011373879310343999
decision_type=2 2 2 2 2 2 2 2
left_child=3 -2 -3 -1 5 -5 7 -7
right_child=1 2 -4 4 -6 6 -8 -9
leaf_value=0 0 1.4433398922652125e-05 0 0 0 0 0 -3.3538226301208429e-06
leaf_weight=1345 78 193 49 34 230 44 1315 1165
leaf_count=1345 78 193 49 34 230 44 1315 1165
internal_value=0 6.11295e-06 1.17294e-05 -7.68121e-07 -1.42804e-06 -1.97669e-06 -2.1451e-06 -3.27514e-06
internal_weight=4453 320 242 4133 2788 2558 2524 1209
internal_count=4453 320 242 4133 2788 2558 2524 1209
is_linear=0
shrinkage=0.05


Tree=53
num_leaves=6
num_cat=0
split_feature=4 5 9 5 10
split_gain=5.04643e-06 4.4385e-06 4.08544e-06 8.08305e-07 1.45003e-07
threshold=0.0014429999999999502 0.00026762499999995003 -0.00032091666666664997 -0.0011373879310343999 0.00031837500000000003
decision_type=2 2 2 2 2
left_child=2 -2 3 -1 -5
right_child=1 -3 -4 4 -6
leaf_value=0 0 1.257331227060137e-05 0 -4.2771000858600691e-06 0
leaf_weight=42 43 140 3381 774 73
leaf_count=42 43 140 3381 774 73
internal_value=0 7.76916e-06 -6.05237e-07 -3.63963e-06 -4.03598e-06
internal_weight=4453 183 4270 889 847
internal_count=4453 183 4270 889 847
is_linear=0
shrinkage=0.05


Tree=54
num_leaves=8
num_cat=0
split_feature=9 4 1 10 9 16 5
split_gain=4.71335e-06 5.42321e-06 1.27621e-06 9.60233e-07 7.7645e-07 6.68336e-07 5.35969e-07
threshold=1.2708333333340401e-05 0.00020129166666655004 9.4992187500000025 0.00018774999999995003 -0.00028954166666664993 -0.55703124999999987 -0.0011373879310343999
decision_type=2 2 2 2 2 2 2
left_child=3 -2 -3 4 5 -1 -7
right_child=1 2 -4 -5 -6 6 -8
leaf_value=0 0 0 9.0083932259252805e-06 0 0 0 -4.00697445879227e-06
leaf_weight=34 1067 98 283 295 1837 35 804
leaf_count=34 1067 98 283 295 1837 35 804
internal_value=0 2.0734e-06 7.20494e-06 -1.35998e-06 -1.71367e-06 -3.36729e-06 -3.71339e-06
internal_weight=4453 1448 381 3005 2710 873 839
internal_count=4453 1448 381 3005 2710 873 839
is_linear=0
shrinkage=0.05


Tree=55
num_leaves=5
num_cat=0
split_feature=10 48 11 44
split_gain=2.9446e-06 8.62388e-07 6.56709e-07 1.49842e-07
threshold=0.00034183333333335006 0.1294095225512602 0.00029595833333335005 10.500000000000002
decision_type=2 2 2 2
left_child=2 -2 3 -1
right_child=1 -3 -4 -5
leaf_value=0 4.3322296968352727e-06 0 0 -1.2444312646502954e-06
leaf_weight=1681 457 50 353 1908
leaf_count=1681 457 50 353 1908
internal_value=0 3.55895e-06 -4.87932e-07 -8.47895e-07
internal_weight=4449 507 3942 3589
internal_count=4449 507 3942 3589
is_linear=0
shrinkage=0.05


Tree=56
num_leaves=7
num_cat=0
split_feature=4 10 9 1 1 5
split_gain=3.62677e-06 7.58635e-06 2.13708e-06 5.6965e-07 1.55325e-07 8.25736e-08
threshold=0.00016941666666665003 0.00023320833333325002 -0.00023424999999999997 15.275000000000002 0.79318804824561406 -0.0011373879310343999
decision_type=2 2 2 2 2 2
left_child=2 -2 4 -3 -1 -6
right_child=1 3 -4 -5 5 -7
leaf_value=0 0 0 0 1.2360876582022762e-05 0 -2.8786341880906128e-06
leaf_weight=35 544 97 2628 181 32 932
leaf_count=35 544 97 2628 181 32 932
internal_value=0 2.9759e-06 -7.01799e-07 9.71481e-06 -2.67125e-06 -2.79238e-06
internal_weight=4449 822 3627 278 999 964
internal_count=4449 822 3627 278 999 964
is_linear=0
shrinkage=0.05


Tree=57
num_leaves=6
num_cat=0
split_feature=4 10 4 9 48
split_gain=3.30611e-06 7.9453e-06 1.30242e-06 1.53212e-06 7.97991e-08
threshold=6.8000000000030818e-05 0.00019695833333320005 -0.00026279166666664996 0.00061895833333325018 -0.98296291314453399
decision_type=2 2 2 2 2
left_child=2 -2 3 -1 -3
right_child=1 4 -4 -5 -6
leaf_value=-3.0016259457857359e-06 0 0 0 0 8.9596326181137219e-06
leaf_weight=1034 795 31 2194 70 325
leaf_count=1034 795 31 2194 70 325
internal_value=0 2.28965e-06 -8.22397e-07 -2.22921e-06 8.52798e-06
internal_weight=4449 1151 3298 1104 356
internal_count=4449 1151 3298 1104 356
is_linear=0
shrinkage=0.05


Tree=58
num_leaves=3
num_cat=0
split_feature=9 11
split_gain=2.45878e-06 1.14242e-06
threshold=0.00070604166666665008 1.8958333333311352e-05
decision_type=2 2
left_child=1 -1
right_child=-2 -3
leaf_value=-1.0682914473542548e-06 4.3318149492166504e-06 0
leaf_weight=2905 303 1241
leaf_count=2905 303 1241
internal_value=0 -3.3287e-07
internal_weight=4449 4146
internal_count=4449 4146
is_linear=0
shrinkage=0.05


Tree=59
num_leaves=5
num_cat=0
split_feature=4 11 9 1
split_gain=2.86261e-06 4.22718e-06 1.1504e-06 6.46054e-07
threshold=6.3541666666644219e-05 0.00014574999999995004 -9.0083333333327532e-05 11.483333333333352
decision_type=2 2 2 2
left_child=2 -2 -1 -3
right_child=1 3 -4 -5
leaf_value=-1.693573804103489e-06 0 0 0 8.5696225224381297e-06
leaf_weight=1649 820 110 1632 238
leaf_count=1649 820 110 1632 238
internal_value=0 2.13061e-06 -7.51688e-07 6.75218e-06
internal_weight=4449 1168 3281 348
internal_count=4449 1168 3281 348
is_linear=0
shrinkage=0.05


Tree=60
num_leaves=8
num_cat=0
split_feature=9 48 44 10 44 5 9
split_gain=2.02184e-06 1.7651e-06 1.84815e-06 1.39518e-06 8.79009e-07 5.79244e-07 1.24656e-07
threshold=1.2708333333340401e-05 -0.98296291314453399 17.500000000000004 -0.00010995833333329999 4.5000000000000009 -0.0011373879310343999 5.6666666666653261e-05
decision_type=2 2 2 2 2 2 2
left_child=3 -2 4 5 -3 -1 -6
right_child=1 2 -4 -5 6 -7 -8
leaf_value=0 0 0 0 0 0 -2.3364990335354135e-06 3.9500411472314312e-06
leaf_weight=35 86 207 161 1464 148 1466 867
leaf_count=35 86 207 161 1464 148 1466 867
internal_value=0 1.16295e-06 2.15106e-06 -1.01715e-06 3.00288e-06 -2.08979e-06 3.60846e-06
internal_weight=4434 1469 1383 2965 1222 1501 1015
internal_count=4434 1469 1383 2965 1222 1501 1015
is_linear=0
shrinkage=0.05


Tree=61
num_leaves=11
num_cat=0
split_feature=9 48 16 48 10 16 9 5 16 9
split_gain=1.73511e-06 1.63024e-06 2.6547e-06 3.5464e-06 1.25208e-06 7.43589e-07 9.59407e-07 5.45629e-07 1.07559e-07 6.93812e-07
threshold=1.2708333333340401e-05 -0.98296291314453399 14.069010416666652 -0.12940952255126037 -0.00010995833333329999 -1.4119791666666648 0.00014170833333330003 -0.0011373879310343999 -2.1932291666666694 -0.00014637499999994996
decision_type=2 2 2 2 2 2 2 2 2 2
left_child=4 -2 3 5 7 -3 -7 -1 -9 -10
right_child=1 2 -4 -5 -6 6 -8 8 9 -11
leaf_value=0 0 0 0 0 0 0 7.3028356933008606e-06 0 -3.0298625372433953e-06 0
leaf_weight=35 86 32 277 396 1464 201 477 32 1005 429
leaf_count=35 86 32 277 396 1464 201 477 32 1005 429
internal_value=0 1.0464e-06 2.02725e-06 3.33753e-06 -9.59394e-07 5.46228e-06 5.82975e-06 -1.9757e-06 -2.21968e-06 -2.2857e-06
internal_weight=4434 1469 1383 1106 2965 710 678 1501 1466 1434
internal_count=4434 1469 1383 1106 2965 710 678 1501 1466 1434
is_linear=0
shrinkage=0.05


Tree=62
num_leaves=9
num_cat=0
split_feature=9 48 44 10 44 4 5 1
split_gain=1.48384e-06 1.49409e-06 1.61732e-06 1.13134e-06 7.19637e-07 9.17261e-07 5.1606e-07 2.57482e-08
threshold=1.2708333333340401e-05 -0.98296291314453399 17.500000000000004 -0.00010995833333329999 4.5000000000000009 -0.00029762499999994995 -0.0011373879310343999 -1.5242187499999997
decision_type=2 2 2 2 2 2 2 2
left_child=3 -2 4 6 -3 -6 -1 -8
right_child=1 2 -4 -5 5 -7 7 -9
leaf_value=0 0 0 0 0 0 3.8921394642199054e-06 0 -2.1497755654230806e-06
leaf_weight=35 86 207 161 1464 148 867 32 1434
leaf_count=35 86 207 161 1464 148 867 32 1434
internal_value=0 9.2784e-07 1.90132e-06 -9.08047e-07 2.72025e-06 3.26819e-06 -1.87427e-06 -2.11583e-06
internal_weight=4434 1469 1383 2965 1222 1015 1501 1466
internal_count=4434 1469 1383 2965 1222 1015 1501 1466
is_linear=0
shrinkage=0.05


Tree=63
num_leaves=7
num_cat=0
split_feature=9 48 48 4 10 9
split_gain=1.25758e-06 1.36317e-06 1.24204e-06 1.24345e-06 1.02165e-06 4.08554e-07
threshold=1.2708333333340401e-05 -0.98296291314453399 0.37940952255126048 -0.00029762499999994995 -0.00017724999999994999 -0.00014812499999994997
decision_type=2 2 2 2 2 2
left_child=4 -2 3 -3 5 -1
right_child=1 2 -4 -5 -6 -7
leaf_value=-2.552802073332627e-06 0 0 0 3.4210083178189177e-06 0 0
leaf_weight=882 86 170 308 905 1800 283
leaf_count=882 86 170 308 905 1800 283
internal_value=0 8.12991e-07 1.77933e-06 2.63842e-06 -8.56062e-07 -2.01426e-06
internal_weight=4434 1469 1383 1075 2965 1165
internal_count=4434 1469 1383 1075 2965 1165
is_linear=0
shrinkage=0.05


Tree=64
num_leaves=4
num_cat=0
split_feature=11 10 4
split_gain=5.10218e-07 3.41085e-07 2.21598e-07
threshold=-0.00034916666666664993 0.00018774999999995003 5.295833333332711e-05
decision_type=2 2 2
left_child=-1 -2 -3
right_child=1 2 -4
leaf_value=-1.258701867085454e-06 0 0 2.0930614079191733e-06
leaf_weight=805 2964 344 321
leaf_count=805 2964 344 321
internal_value=0 0 1.13229e-06
internal_weight=4434 3629 665
internal_count=4434 3629 665
is_linear=0
shrinkage=0.05


Tree=65
num_leaves=6
num_cat=0
split_feature=10 4 11 4 10
split_gain=4.23255e-06 2.87967e-06 5.80987e-07 2.29609e-07 1.99886e-07
threshold=0.00031837500000000003 4.6249999999996008e-05 0.0012175416666666001 -0.0014264166666666498 0.00019695833333320005
decision_type=2 2 2 2 2
left_child=2 -2 3 -1 -5
right_child=1 -3 -4 4 -6
leaf_value=0 0 7.7006003376702473e-06 0 -1.0471239407227168e-06 0
leaf_weight=38 256 276 73 3588 207
leaf_count=38 256 276 73 3588 207
internal_value=0 4.15209e-06 -6.00392e-07 -8.63865e-07 -9.51309e-07
internal_weight=4438 532 3906 3833 3795
internal_count=4438 532 3906 3833 3795
is_linear=0
shrinkage=0.05


Tree=66
num_leaves=4
num_cat=0
split_feature=10 4 9
split_gain=3.80144e-06 2.58587e-06 1.29076e-06
threshold=0.00031837500000000003 4.6249999999996008e-05 -0.00030587500000004998
decision_type=2 2 2
left_child=2 -2 -1
right_child=1 -3 -4
leaf_value=-2.2691482769666499e-06 0 7.315709775877741e-06 0
leaf_weight=858 256 276 3048
leaf_count=858 256 276 3048
internal_value=0 3.95238e-06 -5.52299e-07
internal_weight=4438 532 3906
internal_count=4438 532 3906
is_linear=0
shrinkage=0.05


Tree=67
num_leaves=6
num_cat=0
split_feature=10 5 5 10 10
split_gain=3.44784e-06 2.72109e-07 2.0116e-07 3.44031e-07 1.49705e-07
threshold=0.00031837500000000003 -0.0014264166666666498 0.0017565416666666502 -0.00010995833333329999 -0.0022797916666665494
decision_type=2 2 2 2 2
left_child=1 -1 3 4 -3
right_child=-2 2 -4 -5 -6
leaf_value=0 3.7626468748897765e-06 0 0 0 -1.3955598062856493e-06
leaf_weight=34 532 33 75 1965 1799
leaf_count=34 532 33 75 1965 1799
internal_value=0 -5.27378e-07 -6.75467e-07 -7.73117e-07 -1.30699e-06
internal_weight=4438 3906 3872 3797 1832
internal_count=4438 3906 3872 3797 1832
is_linear=0
shrinkage=0.05


Tree=68
num_leaves=5
num_cat=0
split_feature=9 9 4 11
split_gain=1.24057e-06 2.6485e-07 1.81396e-07 1.73959e-07
threshold=0.00070604166666665008 -0.00030587500000004998 0.0012908333333332502 -0.00055899999999989985
decision_type=2 2 2 2
left_child=1 2 -1 -2
right_child=3 -3 -4 -5
leaf_value=-1.2087117198503209e-06 0 0 0 3.5346398735470504e-06
leaf_weight=917 36 3182 38 265
leaf_count=917 36 3182 38 265
internal_value=0 -2.32821e-07 -9.63352e-07 3.09121e-06
internal_weight=4438 4137 955 301
internal_count=4438 4137 955 301
is_linear=0
shrinkage=0.05


Tree=69
num_leaves=5
num_cat=0
split_feature=9 9 4 4
split_gain=1.11764e-06 2.3345e-07 1.84604e-07 1.70571e-07
threshold=0.00070604166666665008 -0.00030587500000004998 0.00018533333333335003 0.0012908333333332502
decision_type=2 2 2 2
left_child=1 3 -2 -1
right_child=2 -3 -4 -5
leaf_value=-1.1482826900095024e-06 0 0 4.1542964986082526e-06 0
leaf_weight=917 124 3182 177 38
leaf_count=917 124 3182 177 38
internal_value=0 -2.19425e-07 2.93566e-06 -9.05327e-07
internal_weight=4438 4137 301 955
internal_count=4438 4137 301 955
is_linear=0
shrinkage=0.05


Tree=70
num_leaves=4
num_cat=0
split_feature=4 4 16
split_gain=4.81736e-07 3.56407e-07 4.68764e-07
threshold=6.3541666666644219e-05 -0.0022461666666666494 8.8346354166666714
decision_type=2 2 2
left_child=1 -1 -3
right_child=-2 2 -4
leaf_value=0 9.210550209385079e-07 0 -1.1451208149006982e-06
leaf_weight=32 1160 1502 1741
leaf_count=32 1160 1502 1741
internal_value=0 -2.59284e-07 -5.8535e-07
internal_weight=4435 3275 3243
internal_count=4435 3275 3243
is_linear=0
shrinkage=0.05


Tree=71
num_leaves=4
num_cat=0
split_feature=9 16 16
split_gain=2.2509e-08 7.95257e-08 3.94092e-09
threshold=-0.00030587500000004998 24.058593750000004 11.278125000000001
decision_type=2 2 2
left_child=2 -2 -1
right_child=1 -3 -4
leaf_value=0 2.6723824947481353e-07 0 -2.1523898751812335e-07
leaf_weight=428 3371 114 522
leaf_count=428 3371 114 522
internal_value=0 1.09696e-07 -1.22835e-07
internal_weight=4435 3485 950
internal_count=4435 3485 950
is_linear=0
shrinkage=0.05


Tree=72
num_leaves=5
num_cat=0
split_feature=4 10 4 16
split_gain=4.20672e-07 1.76838e-06 3.37483e-07 4.21936e-07
threshold=6.3541666666644219e-05 0.00031837500000000003 -0.0022461666666666494 8.8346354166666714
decision_type=2 2 2 2
left_child=2 -2 -1 -4
right_child=1 -3 3 -5
leaf_value=0 0 4.4248277376563266e-06 0 -1.0937500658808887e-06
leaf_weight=32 890 270 1502 1741
leaf_count=32 890 270 1502 1741
internal_value=0 8.64677e-07 -2.37227e-07 -5.63016e-07
internal_weight=4435 1160 3275 3243
internal_count=4435 1160 3275 3243
is_linear=0
shrinkage=0.05


Tree=73
num_leaves=4
num_cat=0
split_feature=10 9 16
split_gain=2.42845e-07 7.06069e-07 2.42985e-07
threshold=0.00023320833333325002 -0.00030587500000004998 11.993489583333352
decision_type=2 2 2
left_child=1 -1 -2
right_child=2 -3 -4
leaf_value=-1.463231906767113e-06 1.6021705533799863e-06 0 0
leaf_weight=840 460 2931 204
leaf_count=840 460 2931 204
internal_value=0 -9.42807e-08 9.29362e-07
internal_weight=4435 3771 664
internal_count=4435 3771 664
is_linear=0
shrinkage=0.05


Tree=74
num_leaves=4
num_cat=0
split_feature=10 16 16
split_gain=2.12031e-07 2.23513e-07 2.11066e-07
threshold=0.00023320833333325002 11.993489583333352 7.7455729166666663
decision_type=2 2 2
left_child=2 -2 -1
right_child=1 -3 -4
leaf_value=0 1.5220795058419841e-06 0 -5.0243528412633627e-07
leaf_weight=1590 460 204 2181
leaf_count=1590 460 204 2181
internal_value=0 8.73874e-07 -7.79842e-08
internal_weight=4435 664 3771
internal_count=4435 664 3771
is_linear=0
shrinkage=0.05


Tree=75
num_leaves=5
num_cat=0
split_feature=10 11 10 10
split_gain=4.54395e-07 3.12723e-07 1.62478e-07 2.57239e-07
threshold=0.00035504166666660008 0.00043199999999995006 -0.00011983333333319999 -0.0018661666666666499
decision_type=2 2 2 2
left_child=1 2 3 -1
right_child=-2 -3 -4 -5
leaf_value=0 1.4588470853492223e-06 0 0 -1.0660607129070665e-06
leaf_weight=42 491 240 2012 1691
leaf_count=42 491 240 2012 1691
internal_value=0 -1.50955e-07 -4.82704e-07 -8.58997e-07
internal_weight=4476 3985 3745 1733
internal_count=4476 3985 3745 1733
is_linear=0
shrinkage=0.05


Tree=76
num_leaves=4
num_cat=0
split_feature=5 5 11
split_gain=4.87398e-07 7.3026e-07 4.42722e-08
threshold=0.0012986666666666001 -0.0011373879310343999 -0.00032741666666659993
decision_type=2 2 2
left_child=1 -1 -2
right_child=2 -3 -4
leaf_value=0 0 -6.6667066794828654e-07 2.9984343111333548e-06
leaf_weight=109 59 4163 145
leaf_count=109 59 4163 145
internal_value=0 -7.5943e-08 2.41855e-06
internal_weight=4476 4272 204
internal_count=4476 4272 204
is_linear=0
shrinkage=0.05


Tree=77
num_leaves=7
num_cat=0
split_feature=9 10 9 5 16 16
split_gain=1.92535e-06 5.23098e-07 8.07404e-07 6.3259e-07 3.29592e-07 5.92391e-08
threshold=0.00033287499999990004 -0.00018024999999984999 -2.4166666666698898e-05 -0.0011373879310343999 13.7515625 -0.32499999999999996
decision_type=2 2 2 2 2 2
left_child=1 2 3 -1 -2 -5
right_child=4 -3 -4 5 -6 -7
leaf_value=0 3.47319245535738e-06 0 0 0 0 -2.3139421813666048e-06
leaf_weight=34 434 2591 245 48 105 1019
leaf_count=34 434 2591 245 48 105 1019
internal_value=0 -3.19049e-07 -1.1266e-06 -1.83979e-06 2.86096e-06 -2.2304e-06
internal_weight=4476 3937 1346 1101 539 1067
internal_count=4476 3937 1346 1101 539 1067
is_linear=0
shrinkage=0.05


Tree=78
num_leaves=6
num_cat=0
split_feature=9 16 16 11 4
split_gain=1.72838e-06 3.79367e-07 2.93697e-07 1.98486e-07 2.45133e-07
threshold=0.00033287499999990004 7.1005208333333316 13.7515625 0.0017312083333333001 -0.0014264166666666498
decision_type=2 2 2 2 2
left_child=1 -1 -2 4 -3
right_child=2 3 -4 -5 -6
leaf_value=0 3.299572678415326e-06 0 0 0 -1.0148718973493859e-06
leaf_weight=1556 434 34 105 30 2317
leaf_count=1556 434 34 105 30 2317
internal_value=0 -2.89104e-07 2.72116e-06 -7.32469e-07 -8.68569e-07
internal_weight=4476 3937 539 2381 2351
internal_count=4476 3937 539 2381 2351
is_linear=0
shrinkage=0.05


Tree=79
num_leaves=7
num_cat=0
split_feature=9 16 16 11 4 9
split_gain=1.55053e-06 3.38583e-07 2.61485e-07 1.85714e-07 2.31406e-07 4.71413e-07
threshold=0.00033287499999990004 7.1005208333333316 13.7515625 0.0017312083333333001 -0.0014264166666666498 -0.00023424999999999997
decision_type=2 2 2 2 2 2
left_child=1 -1 -2 4 -3 -6
right_child=2 3 -4 -5 5 -7
leaf_value=0 3.1346320938201975e-06 0 0 0 -2.0207195370876349e-06 0
leaf_weight=1556 434 34 105 30 816 1501
leaf_count=1556 434 34 105 30 816 1501
internal_value=0 -2.59241e-07 2.58835e-06 -6.83091e-07 -8.18562e-07 -9.6413e-07
internal_weight=4476 3937 539 2381 2351 2317
internal_count=4476 3937 539 2381 2351 2317
is_linear=0
shrinkage=0.05


Tree=80
num_leaves=9
num_cat=0
split_feature=11 10 1 9 10 10 1 1
split_gain=2.84206e-06 1.3166e-06 2.721e-07 2.4027e-07 3.89824e-07 7.1265e-08 2.56885e-08 6.83556e-09
threshold=0.00039479166666665007 -0.00096483333333329988 11.483333333333352 -0.00030587500000004998 0.00029408333333325005 -0.0012957083333332998 1.1161458333333303 22.371093750000004
decision_type=2 2 2 2 2 2 2 2
left_child=3 -2 -3 4 5 -1 -7 -8
right_child=1 2 -4 -5 -6 6 7 -9
leaf_value=0 0 0 6.4277759913663853e-06 0 0 0 -1.628166493674324e-06 0
leaf_weight=34 33 134 268 3192 74 35 692 36
leaf_count=34 33 134 268 3192 74 35 692 36
internal_value=0 4.04103e-06 5.08487e-06 0 -8.30396e-07 -1.40578e-06 -1.51583e-06 -1.57999e-06
internal_weight=4498 435 402 4063 871 797 763 728
internal_count=4498 435 402 4063 871 797 763 728
is_linear=0
shrinkage=0.05


Tree=81
num_leaves=6
num_cat=0
split_feature=11 8 9 16 1
split_gain=2.57043e-06 5.07385e-07 2.04303e-07 4.54611e-07 1.89131e-07
threshold=0.00039479166666665007 0.00016504166666660004 -0.00030587500000004998 6.0250000000000012 11.483333333333352
decision_type=2 2 2 2 2
left_child=2 4 3 -1 -2
right_child=1 -3 -4 -5 -6
leaf_value=0 0 0 0 -1.557461562993839e-06 5.4192645935725804e-06
leaf_weight=192 126 31 3192 679 278
leaf_count=192 126 31 3192 679 278
internal_value=0 3.84307e-06 0 -7.65726e-07 4.36362e-06
internal_weight=4498 435 4063 871 404
internal_count=4498 435 4063 871 404
is_linear=0
shrinkage=0.05


Tree=82
num_leaves=9
num_cat=0
split_feature=11 10 48 16 5 10 1 32
split_gain=2.34405e-06 1.21222e-06 8.02414e-07 1.76055e-07 3.34024e-07 1.67687e-07 6.98803e-08 6.795e-08
threshold=0.00039479166666665007 -0.00096483333333329988 0.1294095225512602 7.1005208333333316 -0.0014264166666666498 -9.1833333333350288e-05 6.8757812500000002 10.470572916666653
decision_type=2 2 2 2 2 2 2 2
left_child=3 -2 6 -1 -5 7 -3 -6
right_child=1 2 -4 4 5 -7 -8 -9
leaf_value=0 0 0 0 0 0 0 6.0042919421986115e-06 -1.2726251185447796e-06
leaf_weight=1573 33 38 57 35 171 1133 307 1151
leaf_count=1573 33 38 57 35 171 1133 307 1151
internal_value=0 3.66994e-06 4.70219e-06 0 -4.20423e-07 -7.207e-07 5.61921e-06 -1.13208e-06
internal_weight=4498 435 402 4063 2490 2455 345 1322
internal_count=4498 435 402 4063 2490 2455 345 1322
is_linear=0
shrinkage=0.05


Tree=83
num_leaves=8
num_cat=0
split_feature=9 48 48 16 8 4 4
split_gain=6.89015e-07 7.69011e-07 1.17333e-06 5.6727e-07 7.72265e-07 8.65569e-09 5.44832e-08
threshold=4.9541666666700508e-05 0.37940952255126048 -0.98296291314453399 11.689843750000001 -9.691666666663904e-05 0.00023866666666660003 -0.0018184166666666498
decision_type=2 2 2 2 2 2 2
left_child=5 2 -2 4 -4 6 -1
right_child=1 -3 3 -5 -6 -7 -8
leaf_value=0 0 0 5.0971280724132488e-06 0 0 0 -2.3253807548066525e-07
leaf_weight=30 75 205 382 277 288 322 2919
leaf_count=30 75 205 382 277 288 322 2919
internal_value=0 1.1848e-06 1.88845e-06 2.63549e-06 3.45447e-06 0 -8.56596e-08
internal_weight=4498 1227 1022 947 670 3271 2949
internal_count=4498 1227 1022 947 670 3271 2949
is_linear=0
shrinkage=0.05


Tree=84
num_leaves=10
num_cat=0
split_feature=11 10 48 9 10 10 1 1 1
split_gain=2.00586e-06 1.11856e-06 7.1689e-07 1.52646e-07 3.27838e-07 6.40873e-08 4.4805e-08 2.17877e-08 7.16025e-09
threshold=0.00039479166666665007 -0.00096483333333329988 0.1294095225512602 -0.00030587500000004998 0.00029408333333325005 -0.0012957083333332998 6.8757812500000002 1.1161458333333303 22.371093750000004
decision_type=2 2 2 2 2 2 2 2 2
left_child=3 -2 6 4 5 -1 -3 -7 -9
right_child=1 2 -4 -5 -6 7 -8 8 -10
leaf_value=0 0 0 0 0 0 0 5.6245536278390843e-06 -1.4393272617302227e-06 0
leaf_weight=34 33 38 57 3192 74 35 307 692 36
leaf_count=34 33 38 57 3192 74 35 307 692 36
internal_value=0 3.39489e-06 4.40745e-06 0 -6.61878e-07 -1.22759e-06 5.27518e-06 -1.33569e-06 -1.39451e-06
internal_weight=4498 435 402 4063 871 797 345 763 728
internal_count=4498 435 402 4063 871 797 345 763 728
is_linear=0
shrinkage=0.05


Tree=85
num_leaves=3
num_cat=0
split_feature=5 5
split_gain=5.15503e-09 6.97788e-07
threshold=-0.00017024999999989997 -0.0011373879310343999
decision_type=2 2
left_child=1 -1
right_child=-2 -3
leaf_value=0 1.0524197227571575e-08 -1.1127141555990214e-06
leaf_weight=111 2924 1419
leaf_count=111 2924 1419
internal_value=0 -9.06148e-08
internal_weight=4454 1530
internal_count=4454 1530
is_linear=0
shrinkage=0.05


Tree=86
num_leaves=3
num_cat=0
split_feature=5 5
split_gain=1.04873e-09 6.33362e-07
threshold=-0.00017024999999989997 -0.0011373879310343999
decision_type=2 2
left_child=1 -1
right_child=-2 -3
leaf_value=0 9.9980204121964831e-09 -1.0570823926374186e-06
leaf_weight=111 2924 1419
leaf_count=111 2924 1419
internal_value=0 -3.90188e-08
internal_weight=4454 1530
internal_count=4454 1530
is_linear=0
shrinkage=0.05


Tree=87
num_leaves=3
num_cat=0
split_feature=5 5
split_gain=1.05518e-10 5.72455e-07
threshold=-0.00017024999999989997 -0.0011373879310343999
decision_type=2 2
left_child=1 -1
right_child=-2 -3
leaf_value=0 9.4981223468670785e-09 -1.0042320020150034e-06
leaf_weight=111 2924 1419
leaf_count=111 2924 1419
internal_value=0 0
internal_weight=4454 1530
internal_count=4454 1530
is_linear=0
shrinkage=0.05


Tree=88
num_leaves=3
num_cat=0
split_feature=5 5
split_gain=9.52302e-11 5.16644e-07
threshold=-0.00017024999999989997 -0.0011373879310343999
decision_type=2 2
left_child=1 -1
right_child=-2 -3
leaf_value=0 9.0232127034951846e-09 -9.5402393247887631e-07
leaf_weight=111 2924 1419
leaf_count=111 2924 1419
internal_value=0 0
internal_weight=4454 1530
internal_count=4454 1530
is_linear=0
shrinkage=0.05


Tree=89
num_leaves=3
num_cat=0
split_feature=5 5
split_gain=8.59467e-11 4.66275e-07
threshold=-0.00017024999999989997 -0.0011373879310343999
decision_type=2 2
left_child=1 -1
right_child=-2 -3
leaf_value=0 8.5721234707498515e-09 -9.0632605593196015e-07
leaf_weight=111 2924 1419
leaf_count=111 2924 1419
internal_value=0 0
internal_weight=4454 1530
internal_count=4454 1530
is_linear=0
shrinkage=0.05


Tree=90
num_leaves=3
num_cat=0
split_feature=1 1
split_gain=3.68748e-08 1.91305e-07
threshold=15.373958333333352 6.6835937500000009
decision_type=2 2
left_child=1 -1
right_child=-2 -3
leaf_value=0 0 -5.6029798247594511e-07
leaf_weight=1622 1039 1817
leaf_count=1622 1039 1817
internal_value=0 -1.63724e-07
internal_weight=4478 3439
internal_count=4478 3439
is_linear=0
shrinkage=0.05


Tree=91
num_leaves=8
num_cat=0
split_feature=4 4 4 4 1 1 4
split_gain=2.29938e-07 6.17943e-07 3.99345e-07 2.50695e-07 6.30065e-07 1.90181e-07 8.58398e-08
threshold=6.7916666666314009e-06 -0.0022461666666666494 0.0043898750000000005 -0.00021449999999994997 23.929166666666656 3.0111979166666654 0.00016445833333325003
decision_type=2 2 2 2 2 2 2
left_child=1 -1 6 4 5 -3 -2
right_child=2 3 -4 -5 -6 -7 -8
leaf_value=0 0 0 0 0 0 -2.0818697170781757e-06 1.2448273406839484e-06
leaf_weight=31 708 117 31 1634 61 1103 793
leaf_count=31 708 117 31 1634 61 1103 793
internal_value=0 -4.35526e-07 1.02259e-07 -8.495e-07 -1.4599e-06 -1.87853e-06 8.22047e-07
internal_weight=4478 2946 1532 2915 1281 1220 1501
internal_count=4478 2946 1532 2915 1281 1220 1501
is_linear=0
shrinkage=0.05


Tree=92
num_leaves=3
num_cat=0
split_feature=5 5
split_gain=1.26484e-08 3.21096e-07
threshold=0.0012986666666666001 -0.0011373879310343999
decision_type=2 2
left_child=1 -1
right_child=-2 -3
leaf_value=0 0 -4.4805760999777841e-07
leaf_weight=116 206 4156
leaf_count=116 206 4156
internal_value=0 -8.60335e-08
internal_weight=4478 4272
internal_count=4478 4272
is_linear=0
shrinkage=0.05


Tree=93
num_leaves=4
num_cat=0
split_feature=1 1 5
split_gain=1.67443e-08 1.53962e-07 2.82228e-08
threshold=15.373958333333352 6.6835937500000009 0.0017565416666666502
decision_type=2 2 2
left_child=1 -1 -3
right_child=-2 2 -4
leaf_value=0 0 -5.2811849479675533e-07 0
leaf_weight=1622 1039 1783 34
leaf_count=1622 1039 1783 34
internal_value=0 -1.10327e-07 -4.84625e-07
internal_weight=4478 3439 1817
internal_count=4478 3439 1817
is_linear=0
shrinkage=0.05


Tree=94
num_leaves=7
num_cat=0
split_feature=4 4 4 4 5 4
split_gain=1.61539e-07 5.48036e-07 3.95297e-07 2.1191e-07 2.80363e-07 6.16991e-08
threshold=6.7916666666314009e-06 -0.0022461666666666494 0.0043898750000000005 -0.00021449999999994997 -0.0014264166666666498 0.00016445833333325003
decision_type=2 2 2 2 2 2
left_child=1 -1 5 4 -3 -2
right_child=2 3 -4 -5 -6 -7
leaf_value=0 0 0 0 0 -1.5459130496864678e-06 1.2079101725634395e-06
leaf_weight=31 708 30 31 1634 1251 793
leaf_count=31 708 30 31 1634 1251 793
internal_value=0 -3.63449e-07 9.7887e-08 -7.76851e-07 -1.3367e-06 8.17389e-07
internal_weight=4478 2946 1532 2915 1281 1501
internal_count=4478 2946 1532 2915 1281 1501
is_linear=0
shrinkage=0.05


Tree=95
num_leaves=7
num_cat=0
split_feature=9 48 48 16 16 48
split_gain=2.30818e-07 4.6794e-07 5.52807e-07 1.67367e-07 4.13102e-08 4.11353e-08
threshold=-0.00035345833333324996 -0.98296291314453399 0.1294095225512602 14.430468750000001 -0.55703124999999987 -0.98296291314453399
decision_type=2 2 2 2 2 2
left_child=4 -2 3 -3 -1 -6
right_child=1 2 -4 -5 5 -7
leaf_value=0 0 1.5072209286591465e-06 0 0 0 -5.2859114847218485e-07
leaf_weight=30 145 1561 1688 245 30 741
leaf_count=30 145 1561 1688 245 30 741
internal_value=0 3.97876e-07 7.06882e-07 1.31601e-06 -3.45436e-08 -3.67658e-07
internal_weight=4440 3639 3494 1806 801 771
internal_count=4440 3639 3494 1806 801 771
is_linear=0
shrinkage=0.05


Tree=96
num_leaves=6
num_cat=0
split_feature=9 44 44 4 10
split_gain=1.94545e-07 5.32374e-07 1.90668e-07 1.36251e-07 5.97297e-08
threshold=-0.00035345833333324996 16.500000000000004 1.0000000180025095e-35 0.0037020416666666005 0.00027899999999995002
decision_type=2 2 2 2 2
left_child=4 2 -2 -4 -1
right_child=1 -3 3 -5 -6
leaf_value=-4.5613302550006507e-07 0 0 1.0405675606284056e-06 0 0
leaf_weight=718 156 1017 2433 33 83
leaf_count=718 156 1017 2433 33 83
internal_value=0 3.6555e-07 8.32489e-07 9.64452e-07 -1.00968e-08
internal_weight=4440 3639 2622 2466 801
internal_count=4440 3639 2622 2466 801
is_linear=0
shrinkage=0.05


Tree=97
num_leaves=3
num_cat=0
split_feature=48 48
split_gain=7.27119e-09 3.02674e-07
threshold=-0.37940952255126015 -0.98296291314453399
decision_type=2 2
left_child=1 -1
right_child=-2 -3
leaf_value=0 0 7.3023795967829802e-07
leaf_weight=178 2809 1453
leaf_count=178 2809 1453
internal_value=0 1.05568e-07
internal_weight=4440 1631
internal_count=4440 1631
is_linear=0
shrinkage=0.05


Tree=98
num_leaves=5
num_cat=0
split_feature=9 48 48 10
split_gain=1.47938e-07 4.00822e-07 4.63472e-07 5.66134e-08
threshold=-0.00035345833333324996 -0.98296291314453399 0.1294095225512602 0.00027899999999995002
decision_type=2 2 2 2
left_child=3 -2 -3 -1
right_child=1 2 -4 -5
leaf_value=-4.4395618564234917e-07 0 1.1836928242307527e-06 0 0
leaf_weight=718 145 1806 1688 83
leaf_count=718 145 1806 1688 83
internal_value=0 3.18796e-07 6.26604e-07 -1.50598e-09
internal_weight=4440 3639 3494 801
internal_count=4440 3639 3494 801
is_linear=0
shrinkage=0.05


Tree=99
num_leaves=5
num_cat=0
split_feature=9 48 48 48
split_gain=1.21933e-07 3.74553e-07 4.17058e-07 1.06165e-08
threshold=-0.00035345833333324996 -0.98296291314453399 0.1294095225512602 -0.9159756150367534
decision_type=2 2 2 2
left_child=3 -2 -3 -1
right_child=1 2 -4 -5
leaf_value=0 0 1.1245115176004904e-06 0 -1.9498559076221445e-07
leaf_weight=103 145 1806 1688 698
leaf_count=103 145 1806 1688 698
internal_value=0 2.89424e-07 5.96013e-07 0
internal_weight=4440 3639 3494 801
internal_count=4440 3639 3494 801
is_linear=0
shrinkage=0.05


Tree=100
num_leaves=4
num_cat=0
split_feature=11 10 10
split_gain=2.90212e-07 3.59039e-07 7.39869e-08
threshold=0.00029595833333335005 3.7000000000020503e-05 -0.00073795833333329991
decision_type=2 2 2
left_child=1 -1 -2
right_child=2 -3 -4
leaf_value=-6.0772725974115194e-07 0 0 1.2021712677114867e-06
leaf_weight=2919 55 991 505
leaf_count=2919 55 991 505
internal_value=0 -2.14866e-07 9.86438e-07
internal_weight=4470 3910 560
internal_count=4470 3910 560
is_linear=0
shrinkage=0.05


Tree=101
num_leaves=4
num_cat=0
split_feature=11 10 10
split_gain=2.52474e-07 3.31436e-07 6.88197e-08
threshold=0.00029595833333335005 3.7000000000020503e-05 -0.00073795833333329991
decision_type=2 2 2
left_child=1 -1 -2
right_child=2 -3 -4
leaf_value=-5.7734194000869093e-07 0 0 1.1420743437676558e-06
leaf_weight=2919 55 991 505
leaf_count=2919 55 991 505
internal_value=0 -1.92182e-07 9.32243e-07
internal_weight=4470 3910 560
internal_count=4470 3910 560
is_linear=0
shrinkage=0.05


Tree=102
num_leaves=5
num_cat=0
split_feature=4 11 4 4
split_gain=7.40244e-07 1.11953e-06 4.33488e-07 7.16144e-07
threshold=4.2250000000028654e-05 -0.00033299999999994993 -0.0018184166666666498 -0.00027291666666664994
decision_type=2 2 2 2
left_child=2 -2 -1 -4
right_child=1 -3 3 -5
leaf_value=0 0 1.9598899318535492e-06 -1.8796767459169536e-06 0
leaf_weight=56 228 1046 992 2148
leaf_count=56 228 1046 992 2148
internal_value=0 9.78305e-07 -4.44396e-07 -7.39008e-07
internal_weight=4470 1274 3196 3140
internal_count=4470 1274 3196 3140
is_linear=0
shrinkage=0.05


Tree=103
num_leaves=5
num_cat=0
split_feature=4 11 4 4
split_gain=6.31262e-07 1.03976e-06 4.11534e-07 6.33464e-07
threshold=4.2250000000028654e-05 -0.00033299999999994993 -0.0018184166666666498 -0.00027291666666664994
decision_type=2 2 2 2
left_child=2 -2 -1 -4
right_child=1 -3 3 -5
leaf_value=0 0 1.8619048761751143e-06 -1.7857023897383817e-06 0
leaf_weight=56 228 1046 992 2148
leaf_count=56 228 1046 992 2148
internal_value=0 8.97855e-07 -4.15226e-07 -7.09317e-07
internal_weight=4470 1274 3196 3140
internal_count=4470 1274 3196 3140
is_linear=0
shrinkage=0.05


Tree=104
num_leaves=6
num_cat=0
split_feature=4 4 4 4 9
split_gain=5.35854e-07 4.0787e-07 3.90713e-07 5.62916e-07 1.43145e-07
threshold=4.2250000000028654e-05 0.0043898750000000005 -0.0018184166666666498 -0.00029762499999994995 -0.00051891666666669994
decision_type=2 2 2 2 2
left_child=2 4 -1 -4 -2
right_child=1 -3 3 -5 -6
leaf_value=0 0 0 -1.7749339243703647e-06 0 1.408253930064047e-06
leaf_weight=56 113 33 909 2231 1128
leaf_count=56 113 33 909 2231 1128
internal_value=0 8.21426e-07 -3.87514e-07 -6.81111e-07 1.23056e-06
internal_weight=4470 1274 3196 3140 1241
internal_count=4470 1274 3196 3140 1241
is_linear=0
shrinkage=0.05


Tree=105
num_leaves=2
num_cat=0
split_feature=9
split_gain=2.119e-07
threshold=0.00021408333333335005
decision_type=2
left_child=-1
right_child=-2
leaf_value=0 8.6130225969794748e-07
leaf_weight=3734 714
leaf_count=3734 714
internal_value=0
internal_weight=4448
internal_count=4448
is_linear=0
shrinkage=0.05


Tree=106
num_leaves=5
num_cat=0
split_feature=9 44 48 44
split_gain=1.91242e-07 3.49982e-07 4.57509e-07 2.59194e-07
threshold=0.00021408333333335005 17.500000000000004 -0.98296291314453399 4.5000000000000009
decision_type=2 2 2 2
left_child=-1 2 -2 -4
right_child=1 -3 3 -5
leaf_value=0 0 0 0 2.3569547888958347e-06
leaf_weight=3734 48 50 50 566
leaf_count=3734 48 50 50 566
internal_value=0 8.18243e-07 1.42739e-06 2.01312e-06
internal_weight=4448 714 664 616
internal_count=4448 714 664 616
is_linear=0
shrinkage=0.05


Tree=107
num_leaves=5
num_cat=0
split_feature=4 44 44 4
split_gain=2.89286e-08 8.83682e-07 3.23391e-07 3.48767e-08
threshold=0.00018533333333335003 16.500000000000004 4.5000000000000009 -0.0022461666666666494
decision_type=2 2 2 2
left_child=3 2 -2 -1
right_child=1 -3 -4 -5
leaf_value=0 0 0 2.3020140007658229e-06 -1.5421811980840234e-07
leaf_weight=32 58 109 583 3666
leaf_count=32 58 109 583 3666
internal_value=0 3.10509e-07 1.88647e-06 0
internal_weight=4448 750 641 3698
internal_count=4448 750 641 3698
is_linear=0
shrinkage=0.05


Tree=108
num_leaves=5
num_cat=0
split_feature=9 44 48 44
split_gain=1.34632e-07 3.04238e-07 4.17234e-07 2.33798e-07
threshold=0.00021408333333335005 17.500000000000004 -0.98296291314453399 4.5000000000000009
decision_type=2 2 2 2
left_child=-1 2 -2 -4
right_child=1 -3 3 -5
leaf_value=0 0 0 0 2.1939014778539685e-06
leaf_weight=3734 48 50 50 566
leaf_count=3734 48 50 50 566
internal_value=0 6.86539e-07 1.28535e-06 1.86384e-06
internal_weight=4448 714 664 616
internal_count=4448 714 664 616
is_linear=0
shrinkage=0.05


Tree=109
num_leaves=5
num_cat=0
split_feature=9 44 48 44
split_gain=1.02691e-07 2.74657e-07 3.88682e-07 2.17625e-07
threshold=0.00021408333333335005 17.500000000000004 -0.98296291314453399 4.5000000000000009
decision_type=2 2 2 2
left_child=-1 2 -2 -4
right_child=1 -3 3 -5
leaf_value=0 0 0 0 2.0842255705698856e-06
leaf_weight=3734 48 50 50 566
leaf_count=3734 48 50 50 566
internal_value=0 5.99594e-07 1.19186e-06 1.76306e-06
internal_weight=4448 714 664 616
internal_count=4448 714 664 616
is_linear=0
shrinkage=0.05


Tree=110
num_leaves=5
num_cat=0
split_feature=9 11 9 10
split_gain=1.69952e-07 1.95435e-07 2.38812e-07 1.59664e-07
threshold=-0.00032091666666664997 0.00043199999999995006 1.4375000000003102e-05 0.00029408333333325005
decision_type=2 2 2 2
left_child=3 -2 -3 -1
right_child=1 2 -4 -5
leaf_value=-8.1991404634786415e-07 0 0 2.3832279891980538e-06 0
leaf_weight=812 3226 71 240 88
leaf_count=812 3226 71 240 88
internal_value=0 2.80398e-07 1.56985e-06 -4.03824e-07
internal_weight=4437 3537 311 900
internal_count=4437 3537 311 900
is_linear=0
shrinkage=0.05


Tree=111
num_leaves=3
num_cat=0
split_feature=10 11
split_gain=4.18391e-08 4.23962e-07
threshold=2.8874999999987553e-05 1.8958333333311352e-05
decision_type=2 2
left_child=-1 -2
right_child=1 -3
leaf_value=0 0 1.3770535786251449e-06
leaf_weight=3118 705 614
leaf_count=3118 705 614
internal_value=0 2.81593e-07
internal_weight=4437 1319
internal_count=4437 1319
is_linear=0
shrinkage=0.05


Tree=112
num_leaves=5
num_cat=0
split_feature=9 10 10 9
split_gain=1.46791e-07 1.48544e-07 1.11027e-07 3.12206e-09
threshold=-0.00032091666666664997 0.00029408333333325005 -0.00096483333333329988 0.00015320833333330001
decision_type=2 2 2 2
left_child=1 -1 -2 -4
right_child=2 -3 3 -5
leaf_value=-7.8155159341446594e-07 0 0 0 7.9776175001261006e-07
leaf_weight=812 67 88 2641 829
leaf_count=812 67 88 2641 829
internal_value=0 -3.72195e-07 2.61723e-07 3.87052e-07
internal_weight=4437 900 3537 3470
internal_count=4437 900 3537 3470
is_linear=0
shrinkage=0.05


Tree=113
num_leaves=2
num_cat=0
split_feature=10
split_gain=2.98039e-08
threshold=2.8874999999987553e-05
decision_type=2
left_child=-1
right_child=-2
leaf_value=0 2.3766627323189638e-07
leaf_weight=3118 1319
leaf_count=3118 1319
internal_value=0
internal_weight=4437
internal_count=4437
is_linear=0
shrinkage=0.05


Tree=114
num_leaves=2
num_cat=0
split_feature=10
split_gain=2.68982e-08
threshold=2.8874999999987553e-05
decision_type=2
left_child=-1
right_child=-2
leaf_value=0 2.257838832451977e-07
leaf_weight=3118 1319
leaf_count=3118 1319
internal_value=0
internal_weight=4437
internal_count=4437
is_linear=0
shrinkage=0.05


Tree=115
num_leaves=3
num_cat=0
split_feature=11 9
split_gain=1.55997e-08 1.40571e-07
threshold=0.00043199999999995006 0.0010989583333333001
decision_type=2 2
left_child=1 -1
right_child=-2 -3
leaf_value=-2.980844721613602e-07 3.1181828991789179e-07 0
leaf_weight=3955 401 102
leaf_count=3955 401 102
internal_value=0 0
internal_weight=4458 4057
internal_count=4458 4057
is_linear=0
shrinkage=0.05


Tree=116
num_leaves=4
num_cat=0
split_feature=4 4 11
split_gain=2.83369e-07 1.36452e-07 9.1486e-08
threshold=0.0014429999999999502 -0.0022461666666666494 0.00043199999999995006
decision_type=2 2 2
left_child=1 -1 -3
right_child=-2 2 -4
leaf_value=0 1.9253773995577387e-06 -3.8020234922925924e-07 0
leaf_weight=36 191 3942 289
leaf_count=36 191 3942 289
internal_value=0 0 -2.83945e-07
internal_weight=4458 4267 4231
internal_count=4458 4267 4231
is_linear=0
shrinkage=0.05


Tree=117
num_leaves=5
num_cat=0
split_feature=4 4 9 9
split_gain=2.55755e-07 1.19961e-07 5.69968e-08 2.6684e-08
threshold=0.0014429999999999502 -0.0022461666666666494 -0.00030587500000004998 -0.0022908333333332494
decision_type=2 2 2 2
left_child=1 -1 3 -3
right_child=-2 2 -4 -5
leaf_value=0 1.8291589800433762e-06 0 0 -7.6580496453600811e-07
leaf_weight=36 191 30 3333 868
leaf_count=36 191 30 3333 868
internal_value=0 0 -2.66233e-07 -7.01846e-07
internal_weight=4458 4267 4231 898
internal_count=4458 4267 4231 898
is_linear=0
shrinkage=0.05


Tree=118
num_leaves=4
num_cat=0
split_feature=4 4 11
split_gain=2.30831e-07 1.12986e-07 8.39184e-08
threshold=0.0014429999999999502 -0.0022461666666666494 0.00043199999999995006
decision_type=2 2 2
left_child=1 -1 -3
right_child=-2 2 -4
leaf_value=0 1.7377490644904365e-06 -3.5337363113920831e-07 0
leaf_weight=36 191 3942 289
leaf_count=36 191 3942 289
internal_value=0 0 -2.58378e-07
internal_weight=4458 4267 4231
internal_count=4458 4267 4231
is_linear=0
shrinkage=0.05


Tree=119
num_leaves=4
num_cat=0
split_feature=11 9 9
split_gain=1.14496e-08 9.72315e-08 2.79147e-08
threshold=0.00021612499999995005 -0.0010575416666666999 0.0010989583333333001
decision_type=2 2 2
left_child=2 -2 -1
right_child=1 -3 -4
leaf_value=-1.3785723652311852e-07 0 6.396320160706043e-07 0
leaf_weight=3672 36 664 86
leaf_count=3672 36 664 86
internal_value=0 2.02202e-07 0
internal_weight=4458 700 3758
internal_count=4458 700 3758
is_linear=0
shrinkage=0.05


Tree=120
num_leaves=10
num_cat=0
split_feature=48 25 48 29 16 11 9 51 47
split_gain=1.9414e-06 7.05702e-06 4.14589e-06 5.64864e-06 2.40263e-06 7.86412e-08 5.54224e-08 6.15213e-08 4.20324e-08
threshold=-0.5 60.866178916666655 -0.98296291314453399 11.153125000000001 11.623958333333302 -6.5666666666667188e-05 0.00022633333333335005 -0.00013776879084965527 0.98296291314453421
decision_type=2 2 2 2 2 2 2 2 2
left_child=1 2 -1 -4 -5 6 7 -2 -9
right_child=5 -3 3 4 -6 -7 -8 8 -10
leaf_value=0 0 0 0 1.2866184367264021e-05 0 0 0 -7.1589390025286146e-07 0
leaf_weight=91 311 769 78 320 189 1354 106 1159 40
leaf_count=91 311 769 78 320 189 1354 106 1159 40
internal_value=0 1.83138e-06 5.75979e-06 7.4814e-06 9.60652e-06 0 -3.48788e-07 -4.7111e-07 -6.38572e-07
internal_weight=4417 1447 678 587 509 2970 1616 1510 1199
internal_count=4417 1447 678 587 509 2970 1616 1510 1199
is_linear=0
shrinkage=0.05


Tree=121
num_leaves=7
num_cat=0
split_feature=48 25 13 48 11 9
split_gain=1.65151e-06 6.42335e-06 4.97766e-06 5.92199e-06 6.74914e-08 5.13926e-08
threshold=-0.5 60.866178916666655 11.098437500000001 -0.98296291314453399 -6.5666666666667188e-05 0.00022633333333335005
decision_type=2 2 2 2 2 2
left_child=1 2 -1 -4 5 -2
right_child=4 -3 3 -5 -6 -7
leaf_value=0 -4.4363795573053268e-07 0 0 9.7392799891132756e-06 0 0
leaf_weight=97 1510 769 81 500 1354 106
leaf_count=97 1510 769 81 500 1354 106
internal_value=0 1.68912e-06 5.4562e-06 7.49362e-06 0 -3.23117e-07
internal_weight=4417 1447 678 581 2970 1616
internal_count=4417 1447 678 581 2970 1616
is_linear=0
shrinkage=0.05


Tree=122
num_leaves=5
num_cat=0
split_feature=9 1 26 10
split_gain=1.44375e-06 3.39532e-06 3.71223e-06 2.424e-08
threshold=0.00015320833333330001 15.589583333333353 50.420227375000003 -0.00020266666666654995
decision_type=2 2 2 2
left_child=3 -2 -3 -1
right_child=1 2 -4 -5
leaf_value=-2.2835690024059202e-07 0 1.0015995877900508e-05 0 0
leaf_weight=1162 506 213 121 2415
leaf_count=1162 506 213 121 2415
internal_value=0 2.07276e-06 6.01745e-06 0
internal_weight=4417 840 334 3577
internal_count=4417 840 334 3577
is_linear=0
shrinkage=0.05


Tree=123
num_leaves=6
num_cat=0
split_feature=48 1 16 48 11
split_gain=1.2387e-06 3.575e-06 4.31086e-06 1.82443e-06 5.93231e-08
threshold=-0.5 15.589583333333353 11.689843750000001 -0.98296291314453399 -6.5666666666667188e-05
decision_type=2 2 2 2 2
left_child=1 -1 3 -3 -2
right_child=4 2 -4 -5 -6
leaf_value=0 -3.0293397815382743e-07 0 0 1.0142254964471501e-05 0
leaf_weight=861 1616 34 286 266 1354
leaf_count=861 1616 34 286 266 1354
internal_value=0 1.46286e-06 4.53131e-06 8.71852e-06 0
internal_weight=4417 1447 586 300 2970
internal_count=4417 1447 586 300 2970
is_linear=0
shrinkage=0.05


Tree=124
num_leaves=4
num_cat=0
split_feature=9 26 10
split_gain=1.16291e-06 2.2743e-06 2.47212e-08
threshold=0.00015320833333330001 50.420227375000003 -0.00020266666666654995
decision_type=2 2 2
left_child=2 -2 -1
right_child=1 -3 -4
leaf_value=-2.3061264414835063e-07 5.7258457758724787e-06 0 0
leaf_weight=1162 262 578 2415
leaf_count=1162 262 578 2415
internal_value=0 1.86027e-06 0
internal_weight=4417 840 3577
internal_count=4417 840 3577
is_linear=0
shrinkage=0.05


Tree=125
num_leaves=3
num_cat=0
split_feature=5 5
split_gain=2.22971e-09 5.6932e-07
threshold=0.0012986666666666001 -0.0011373879310343999
decision_type=2 2
left_child=1 -1
right_child=-2 -3
leaf_value=0 0 -5.9156451291279457e-07
leaf_weight=114 192 4083
leaf_count=114 192 4083
internal_value=0 -3.64435e-08
internal_weight=4389 4197
internal_count=4389 4197
is_linear=0
shrinkage=0.05


Tree=126
num_leaves=3
num_cat=0
split_feature=5 5
split_gain=9.87479e-11 5.15727e-07
threshold=0.0012986666666666001 -0.0011373879310343999
decision_type=2 2
left_child=1 -1
right_child=-2 -3
leaf_value=0 0 -5.6198703615302091e-07
leaf_weight=114 192 4083
leaf_count=114 192 4083
internal_value=0 -7.66936e-09
internal_weight=4389 4197
internal_count=4389 4197
is_linear=0
shrinkage=0.05


end of trees

feature_importances:
weight_delta_noOutlier_lag24=121
weight_delta_noOutlier_lag1=112
weight_delta_noOutlier_lag48=65
weight_delta_noOutlier_lag2=51
t_o=50
hour_cos=47
weight_delta_noOutlier_lag168=36
t_o_lag12=30
hour=24
t_o_lag1=21
t_i_3_lag1=17
t_i_3_lag48=15
t_i_3_roll24_std=15
h=14
t_o_lag24=12
t_i_3_lag168=12
t_o_lag2=11
h_lag24=11
t_i_3_lag24=10
day_sin=10
weight_delta_noOutlier_roll24_mean=9
weight_delta_noOutlier_roll24_std=9
t_o_lag3=7
p_lag48=7
p_lag168=7
day_cos=7
t_o_lag48=6
t_i_3_lag12=6
t_i_3_lag6=5
month=5
t_o_roll24_std=5
p_roll168_mean=5
h_lag48=4
t_i_3_lag2=4
t_o_roll168_std=4
t_i_3_roll168_mean=4
p_roll24_std=4
weight_kg_noOutlier=3
weight_delta_noOutlier_lag3=3
hour_sin=3
weight_delta_noOutlier_roll168_std=3
h_roll168_std=3
p=2
weight_delta_noOutlier_lag12=2
t_o_lag168=2
h_lag168=2
p_roll168_std=2
h_lag2=1
t_i_3_lag3=1
p_lag1=1
p_lag24=1
t_o_roll24_mean=1
t_o_roll168_mean=1
h_roll24_std=1
h_roll168_mean=1
t_i_3_roll168_std=1
p_roll24_mean=1

parameters:
[boosting: gbdt]
[objective: regression]
[metric: rmse]
[tree_learner: serial]
[device_type: cpu]
[data_sample_strategy: bagging]
[data: ]
[valid: ]
[num_iterations: 1000]
[learning_rate: 0.05]
[num_leaves: 31]
[num_threads: 0]
[seed: 42]
[deterministic: 0]
[force_col_wise: 0]
[force_row_wise: 0]
[histogram_pool_size: -1]
[max_depth: -1]
[min_data_in_leaf: 30]
[min_sum_hessian_in_leaf: 0.001]
[bagging_fraction: 0.7]
[pos_bagging_fraction: 1]
[neg_bagging_fraction: 1]
[bagging_freq: 5]
[bagging_seed: 400]
[bagging_by_query: 0]
[feature_fraction: 0.7]
[feature_fraction_bynode: 1]
[feature_fraction_seed: 30056]
[extra_trees: 0]
[extra_seed: 12879]
[early_stopping_round: 0]
[early_stopping_min_delta: 0]
[first_metric_only: 0]
[max_delta_step: 0]
[lambda_l1: 0.1]
[lambda_l2: 0.1]
[linear_lambda: 0]
[min_gain_to_split: 0]
[drop_rate: 0.1]
[max_drop: 50]
[skip_drop: 0.5]
[xgboost_dart_mode: 0]
[uniform_drop: 0]
[drop_seed: 17869]
[top_rate: 0.2]
[other_rate: 0.1]
[min_data_per_group: 100]
[max_cat_threshold: 32]
[cat_l2: 10]
[cat_smooth: 10]
[max_cat_to_onehot: 4]
[top_k: 20]
[monotone_constraints: ]
[monotone_constraints_method: basic]
[monotone_penalty: 0]
[feature_contri: ]
[forcedsplits_filename: ]
[refit_decay_rate: 0.9]
[cegb_tradeoff: 1]
[cegb_penalty_split: 0]
[cegb_penalty_feature_lazy: ]
[cegb_penalty_feature_coupled: ]
[path_smooth: 0]
[interaction_constraints: ]
[verbosity: -1]
[saved_feature_importance_type: 0]
[use_quantized_grad: 0]
[num_grad_quant_bins: 4]
[quant_train_renew_leaf: 0]
[stochastic_rounding: 1]
[linear_tree: 0]
[max_bin: 255]
[max_bin_by_feature: ]
[min_data_in_bin: 3]
[bin_construct_sample_cnt: 200000]
[data_random_seed: 175]
[is_enable_sparse: 1]
[enable_bundle: 1]
[use_missing: 1]
[zero_as_missing: 0]
[feature_pre_filter: 1]
[pre_partition: 0]
[two_round: 0]
[header: 0]
[label_column: ]
[weight_column: ]
[group_column: ]
[ignore_column: ]
[categorical_feature: ]
[forcedbins_filename: ]
[precise_float_parser: 0]
[parser_config_file: ]
[objective_seed: 16083]
[num_class: 1]
[is_unbalance: 0]
[scale_pos_weight: 1]
[sigmoid: 1]
[boost_from_average: 1]
[reg_sqrt: 0]
[alpha: 0.9]
[fair_c: 1]
[poisson_max_delta_step: 0.7]
[tweedie_variance_power: 1.5]
[lambdarank_truncation_level: 30]
[lambdarank_norm: 1]
[label_gain: ]
[lambdarank_position_bias_regularization: 0]
[eval_at: ]
[multi_error_top_k: 1]
[auc_mu_weights: ]
[num_machines: 1]
[local_listen_port: 12400]
[time_out: 120]
[machine_list_filename: ]
[machines: ]
[gpu_platform_id: -1]
[gpu_device_id: -1]
[gpu_use_dp: 0]
[num_gpu: 1]

end of parameters

pandas_categorical:[]
