tree
version=v4
num_class=1
num_tree_per_iteration=1
label_index=0
max_feature_idx=70
objective=regression
feature_names=weight_kg_noOutlier t_o h p weight_delta_noOutlier_lag1 weight_delta_noOutlier_lag2 weight_delta_noOutlier_lag3 weight_delta_noOutlier_lag6 weight_delta_noOutlier_lag12 weight_delta_noOutlier_lag24 weight_delta_noOutlier_lag48 weight_delta_noOutlier_lag168 t_o_lag1 t_o_lag2 t_o_lag3 t_o_lag6 t_o_lag12 t_o_lag24 t_o_lag48 t_o_lag168 h_lag1 h_lag2 h_lag3 h_lag6 h_lag12 h_lag24 h_lag48 h_lag168 t_i_3_lag1 t_i_3_lag2 t_i_3_lag3 t_i_3_lag6 t_i_3_lag12 t_i_3_lag24 t_i_3_lag48 t_i_3_lag168 p_lag1 p_lag2 p_lag3 p_lag6 p_lag12 p_lag24 p_lag48 p_lag168 hour dayofweek month hour_sin hour_cos day_sin day_cos weight_delta_noOutlier_roll24_mean weight_delta_noOutlier_roll24_std weight_delta_noOutlier_roll168_mean weight_delta_noOutlier_roll168_std t_o_roll24_mean t_o_roll24_std t_o_roll168_mean t_o_roll168_std h_roll24_mean h_roll24_std h_roll168_mean h_roll168_std t_i_3_roll24_mean t_i_3_roll24_std t_i_3_roll168_mean t_i_3_roll168_std p_roll24_mean p_roll24_std p_roll168_mean p_roll168_std
feature_infos=[-11.2969651694915:18.088049250000001] [-7.6072916666666703:45.676041666666698] [20.425387222222199:99.530248999999998] [971.90324083333303:1045.5841333333301] [-0.0102918333333335:0.015683846153846302] [-0.0102918333333335:0.015683846153846302] [-0.0102918333333335:0.015683846153846302] [-0.0102918333333335:0.015683846153846302] [-0.0102918333333335:0.015683846153846302] [-0.0102918333333335:0.015683846153846302] [-0.0102918333333335:0.015683846153846302] [-0.0102918333333335:0.015683846153846302] [-7.6072916666666703:45.676041666666698] [-7.6072916666666703:45.676041666666698] [-7.6072916666666703:45.676041666666698] [-7.6072916666666703:45.676041666666698] [-7.6072916666666703:45.676041666666698] [-7.6072916666666703:45.676041666666698] [-7.6072916666666703:45.676041666666698] [-7.6072916666666703:45.676041666666698] [20.425387222222199:99.530248999999998] [20.425387222222199:99.530248999999998] [20.425387222222199:99.530248999999998] [20.425387222222199:99.530248999999998] [20.425387222222199:99.530248999999998] [20.071883249999999:99.013509930555543] [20.071883249999999:95.218636562499995] [20.425387222222199:95.218636562499995] [-5.8458333333333297:34.258854166666701] [-5.8458333333333297:34.258854166666701] [-5.8458333333333297:34.258854166666701] [-5.8458333333333297:34.258854166666701] [-5.8458333333333297:34.258854166666701] [-5.8458333333333297:34.258854166666701] [-5.8458333333333297:34.258854166666701] [-5.8458333333333297:34.258854166666701] [971.90324083333303:1045.5841333333301] [971.90324083333303:1045.5841333333301] [971.90324083333303:1045.5841333333301] [971.90324083333303:1045.5841333333301] [971.90324083333303:1045.5841333333301] [971.90324083333303:1045.5841333333301] [971.90324083333303:1045.5841333333301] [971.90324083333303:1045.5841333333301] [0:23] [0:6] [1:12] [-1:1] [-1:1] [-0.99954628068735729:0.99999073973619013] [-0.92592477719384991:1] [-0.00069172222222217488:0.0013364548611111123] [2.46353782068267e-05:0.0033467499187092437] [-0.00029463767504125981:0.00073710466269841257] [7.8033709159516988e-05:0.0023856659515820618] [-2.8990288628472229:26.819452168667613] [0.28566790927257413:11.232441116318274] [1.2384382538042864:24.391649168936645] [1.5721142216261526:9.0651056273659005] [32.83330879513889:89.122380760416661] [0.23068324625199954:25.011583284446342] [43.863794393849197:85.509028985119059] [1.5055672412868237:18.414253858280993] [-2.0656249999999998:27.666514756944441] [0.19927753550056543:7.8228835946249573] [2.1806851203466002:25.685900297619046] [1.5310021248391892:7.1497876517457719] [977.32837065972228:1043.7724569444442] [0.3232164581029453:15.408109658930915] [992.23188833332028:1027.2878865190469] [1.3470261748379835:19.118354293538314]
tree_sizes=5255 5459 5455 5455 5470 5453 5452 5488 5486 5465 5487 5462 5467 5472 5471 5492 5512 5513 5484 5518 5521 5526 5515 5546 5543 5523 5546 5529 5562 5576 5550 5584 5565 5567 5593 5599 5557 5563 5612 5595 5610 5594 5591 5601 5600 5622 5599 5621 5638 5616 5607 5659 5620 5628 5632 5619 5645 5674 5618 5653 5623 5629 5655 5627 5654 5669 5659 5663 5644 5693 5673 5675 5685 5648 5684 5716 5684 5699 5720 5711 5706 5711 5688 5749 5717 5765 5763 5724

Tree=0
num_leaves=64
num_cat=0
split_feature=28 28 28 28 28 28 28 28 28 1 1 1 1 1 1 1 1 1 28 1 28 28 28 28 28 1 1 28 1 1 28 1 28 1 28 1 28 1 1 1 28 1 1 1 20 1 28 28 28 28 1 28 50 15 28 64 28 28 15 28 28 44 15
split_gain=172351 25889.5 24951.4 5255.06 5235.22 3517.02 3233.38 1189.44 1152.88 728.98 671.99 631.114 615.31 602.154 514.838 257.163 190.511 188.901 168.459 163.749 162.907 143.782 133.066 130.086 115.538 113.041 104.102 98.0045 96.1814 88.826 82.326 71.494 65.2578 58.5593 58.1936 53.2746 45.9523 41.8476 41.2025 40.7304 39.2539 38.8034 38.7402 36.4945 32.7536 32.1337 31.5766 30.7734 29.6282 29.6163 29.4357 28.3908 26.781 26.769 26.3416 26.0798 25.0738 23.5676 23.5491 23.1491 21.7112 19.8912 19.1993
threshold=12.930989583333302 6.9041666666666659 19.792447916666703 3.3010416666666651 25.647135416666654 9.7341145833333371 16.181770833333356 22.095833333333353 -1.0000000180025095e-35 3.8353901836158157 27.033333333333303 16.228208862994354 9.4317708333333368 13.347135416666651 7.0864583333333355 21.694791666666653 0.95468750000000013 19.807812500000001 14.457552083333303 12.458333333333302 4.5432565789473704 7.8466145833333307 -2.7153645833333298 18.340104166666702 10.618229166666703 15.373958333333352 5.1567708333333355 30.458333333333304 8.6476562500000025 18.261197916666656 1.4484375000000003 23.929166666666656 11.408072916666653 11.244270833333301 23.631250000000005 13.001302083333302 5.7059895833333352 23.929166666666656 7.2247395833333359 5.5709949712643709 8.4968750000000011 17.703906250000003 8.5872395833333375 1.5979166666666702 64.638833333333352 22.074218750000004 5.6325520833333362 5.3388020833333307 -0.9937499999999998 18.595052083333353 18.261197916666656 27.519791666666702 -0.16705162550211936 19.722916666666652 11.990104166666702 3.9215543919600804 8.6945312500000025 24.185156250000002 18.490625000000005 2.6333333333333355 17.455468750000005 11.500000000000002 14.181250000000002
decision_type=2 2 2 2 2 2 2 2 2 2 2 2 2 2 2 2 2 2 2 2 2 2 2 2 2 2 2 2 2 2 2 2 2 2 2 2 2 2 2 2 2 2 2 2 2 2 2 2 2 2 2 2 2 2 2 2 2 2 2 2 2 2 2
left_child=1 3 6 8 7 14 13 17 22 20 31 23 24 18 21 34 30 41 33 32 43 39 -1 35 38 -15 36 -12 40 -13 -10 -6 -14 -2 53 -8 -11 57 -7 -3 -16 -4 47 -5 -20 -19 -22 -28 -24 -31 -27 -33 -21 -9 -26 -30 -23 -17 -25 -18 62 -51 -37
right_child=2 5 4 9 10 12 11 15 16 26 27 29 19 25 28 37 59 45 44 52 46 56 48 58 54 50 42 -29 55 49 -32 51 -34 -35 -36 60 -38 -39 -40 -41 -42 -43 -44 -45 -46 -47 -48 -49 -50 61 -52 -53 -54 -55 -56 -57 -58 -59 -60 -61 -62 -63 -64
leaf_value=10.900201214984738 11.73699543688501 11.424263329762008 12.073872175006025 11.258816432440259 12.3572478747534 11.542316293202363 11.881041573502241 12.243456602360343 11.130207077608043 11.357070634397726 12.573608754740057 12.015679657860712 11.656375343150978 11.860851017525759 11.513401735212778 12.281568807487922 11.226927021270047 12.168403130220574 11.797222053547346 11.800551497706229 11.329446151675644 11.486573518988456 11.010539315596633 12.021658192582857 11.628662915451118 11.910772465712537 11.375057850558674 12.689491862300992 11.583149158484186 12.045336681718132 11.192187990246206 12.422010598238915 11.703977531032102 11.788211937570496 12.270189956795463 11.947650001004007 11.39885786572968 12.371658635167622 11.597973510476971 11.466683832907156 11.557005466747489 12.119585444811687 11.485659459805772 11.299657279040046 11.839365302280486 12.234186712360714 11.365639512802183 11.428670001224075 11.070818017052515 12.123885230675763 11.969185341950988 12.49813885550248 11.73102750581514 12.186085421031974 11.669443613583631 11.640644256422036 11.518647448920285 12.334745083926842 11.966342720379675 11.270481239544567 11.957059546358785 12.067810836294836 11.908348322958407
leaf_weight=22 125 107 79 87 28 44 60 32 87 122 39 155 107 133 84 47 79 84 75 41 193 128 46 42 157 58 33 37 62 54 145 29 220 101 56 50 146 37 137 122 135 119 25 156 121 25 90 151 41 33 35 25 21 64 53 29 118 43 37 53 72 33 86
leaf_count=22 125 107 79 87 28 44 60 32 87 122 39 155 107 133 84 47 79 84 75 41 193 128 46 42 157 58 33 37 62 54 145 29 220 101 56 50 146 37 137 122 135 119 25 156 121 25 90 151 41 33 35 25 21 64 53 29 118 43 37 53 72 33 86
internal_value=11.6787 11.4411 12.0375 11.2909 12.2674 11.5828 11.9028 12.1985 11.1535 11.3557 12.5229 11.9842 11.658 11.8246 11.5081 12.2733 11.1963 12.1306 11.7893 11.7025 11.3151 11.4754 11.0108 11.9393 11.6137 11.8905 11.4005 12.6302 11.5582 12.0408 11.1689 12.4233 11.6884 11.7599 12.2292 11.9227 11.3798 12.3259 11.5844 11.4469 11.5403 12.1014 11.427 11.285 11.8232 12.1835 11.3409 11.419 11.0389 12.0732 11.9328 12.4574 11.777 12.2053 11.639 11.6015 11.5019 12.3071 11.9958 11.2444 11.9347 12.0959 11.9228
internal_weight=5055 3041 2014 1476 744 1565 1270 586 473 1003 158 622 780 648 785 279 364 307 422 389 526 475 109 347 391 226 477 76 310 275 232 82 327 226 152 268 268 127 181 229 219 198 209 243 196 109 283 184 87 120 93 54 62 96 210 91 246 90 79 132 208 66 136
internal_count=5055 3041 2014 1476 744 1565 1270 586 473 1003 158 622 780 648 785 279 364 307 422 389 526 475 109 347 391 226 477 76 310 275 232 82 327 226 152 268 268 127 181 229 219 198 209 243 196 109 283 184 87 120 93 54 62 96 210 91 246 90 79 132 208 66 136
is_linear=0
shrinkage=1


Tree=1
num_leaves=64
num_cat=0
split_feature=12 12 12 12 33 1 12 31 1 12 12 12 30 63 12 63 58 49 1 33 58 1 30 1 63 1 1 1 50 32 12 12 12 22 1 12 50 33 1 63 1 30 30 13 63 30 1 51 1 13 30 63 30 1 30 31 30 30 61 30 30 53 58
split_gain=152059 25199.8 18093.1 4549.91 4285.4 3486.3 2320.05 1498.58 1194.86 1026.38 772.473 768.868 741.223 476.164 454.918 342.622 338.556 272.732 228.206 227.528 209.316 208.617 187.138 183.002 178.435 177.586 171.095 167.172 160.344 124.55 122.564 119.24 116.529 105.838 99.6583 93.0079 81.6582 80.9553 80.048 79.0486 77.3454 67.7005 61.002 60.1392 60.0414 58.9399 56.9616 55.9288 53.9885 51.144 48.8009 47.9053 47.6685 44.578 42.8146 40.7735 39.827 39.7874 39.6016 39.441 37.2374 37.0671 35.8923
threshold=11.409635416666651 5.3739583333333352 18.260416666666654 0.95468750000000013 25.495312500000004 8.4250000000000025 15.045052083333351 5.9273437500000012 25.660416666666702 22.115364583333303 -1.9283854166666698 3.3458333333333354 9.4861979166666668 10.45990668402778 13.101302083333351 22.102617776012245 8.1673127410231974 -0.78829775591774587 21.280208333333302 22.120312500000004 7.2710190698362975 16.228208862994354 -0.9937499999999998 6.6835937500000009 10.386566034390659 29.743750000000002 7.2247395833333359 9.9687500000000018 0.081673369964559484 11.699739583333303 4.3195312500000007 20.954947916666654 9.6408854166666718 56.258835583333301 13.257291666666651 2.5585937500000004 -0.43663505800854857 15.792968750000002 20.000000000000004 2.4255642361111112 23.929166666666656 18.595052083333353 15.840364583333303 2.0398437500000006 17.029068636254795 17.455468750000005 18.554947916666652 9.3788211058314995e-07 11.308072916666651 14.585416666666651 23.936718750000004 1.9367513020833336 16.276822916666656 -3.7072916666666695 15.278385416666653 24.247135416666655 19.944010416666654 7.4703125000000012 63.37933410192479 6.6132812500000009 7.4182291666666655 0.00036106830879282343 5.0178902975925963
decision_type=2 2 2 2 2 2 2 2 2 2 2 2 2 2 2 2 2 2 2 2 2 2 2 2 2 2 2 2 2 2 2 2 2 2 2 2 2 2 2 2 2 2 2 2 2 2 2 2 2 2 2 2 2 2 2 2 2 2 2 2 2 2 2
left_child=1 3 6 10 7 12 14 -4 18 17 22 28 23 32 24 21 26 38 -6 33 30 36 53 57 -2 50 -14 44 43 39 -13 46 60 -11 45 51 -8 -29 58 -12 -21 -36 -40 -5 -15 -16 55 -17 -26 -23 -10 -30 -50 -1 -18 -19 -38 -3 -9 -25 -7 -51 -33
right_child=2 5 4 11 8 13 15 9 25 19 29 20 16 27 34 47 54 31 -20 40 -22 49 -24 59 48 -27 -28 37 35 -31 -32 62 -34 -35 41 -37 56 -39 42 -41 -42 -43 -44 -45 -46 -47 -48 -49 52 61 -52 -53 -54 -55 -56 -57 -58 -59 -60 -61 -62 -63 -64
leaf_value=-0.73896079048909402 0.026666626513222571 -0.22763081800443588 0.14458381062437284 -0.2107961454014966 0.46467819136701727 -0.12916815367619441 0.21230528484287686 0.36292041773796624 0.75776776033065008 0.58996749465844933 -0.53225052530677797 -0.30353516112823825 -0.14675738322689461 -0.0083106310308276015 0.12003700605937125 0.38157615299892234 -0.0059720002498285943 0.37166962419038813 0.66012665788714919 0.60203775506619661 -0.11192459823402656 0.27387233296059071 -0.56131830231764812 -0.1902674441684214 0.095512136990722182 0.97166845659331624 -0.075436818962168181 0.049434780578176893 -0.44812126738477798 -0.36968306278828533 -0.25576031715379649 0.4900604393886126 -0.013676603282020512 0.46711279778642611 0.21080889475926803 -0.33789298015792335 0.26030491967584152 0.12918643936361962 0.37332156795309329 -0.45980467930444213 0.69436747553601619 0.28905735502984892 0.47185936357169045 -0.31500416276662724 0.077256481039270228 0.19783760498313122 0.48351760405563171 0.48330492113321466 0.13633746081357054 0.3311260223649935 0.85450603202882547 -0.37842159048590962 0.19539700904592849 -0.64112914289616019 0.097448615941299555 0.46479060070954575 0.31718232091212634 -0.19135348737392566 0.43276568553660461 -0.13933919393550351 -0.066471164080374304 0.40427465009903801 0.57301056295938368
leaf_weight=23 43 145 33 20 21 29 69 88 20 36 47 240 155 188 46 34 20 24 53 46 20 36 76 48 65 31 184 196 28 33 307 20 127 35 209 166 96 38 22 203 47 32 58 46 23 52 118 23 186 146 45 236 42 26 20 24 46 160 27 186 130 20 42
leaf_count=23 43 145 33 20 21 29 69 88 20 36 47 240 155 188 46 34 20 24 53 46 20 36 76 48 65 31 184 196 28 33 307 20 127 35 209 166 96 38 22 203 47 32 58 46 23 52 118 23 186 146 45 236 42 26 20 24 46 160 27 186 130 20 42
internal_value=0.001221 -0.214741 0.349439 -0.365192 0.533505 -0.0805294 0.222437 0.472509 0.75592 0.49094 -0.507137 -0.310706 -0.145404 0.000941339 0.163042 0.307733 -0.0918183 0.44974 0.604739 0.59717 -0.270918 0.291854 -0.61072 -0.18308 0.121801 0.872375 -0.108051 0.0332931 -0.356183 -0.461363 -0.276728 0.486924 -0.0493939 0.529487 0.203911 -0.367335 0.257038 0.062393 0.406238 -0.473447 0.648774 0.221212 0.444818 -0.28347 0.00101744 0.16134 0.464697 0.422711 0.13576 0.328203 0.824869 -0.385833 0.147227 -0.687202 0.0457372 0.418328 0.278755 -0.208609 0.379359 -0.149796 -0.077917 0.339966 0.546344
internal_weight=5055 3120 1935 1471 790 1649 1145 620 170 587 408 1063 918 731 675 470 379 423 74 164 567 413 125 539 336 96 339 445 496 283 547 228 286 71 339 430 211 234 195 250 93 241 80 66 211 98 166 57 293 202 65 264 228 49 40 48 142 305 115 234 159 166 62
internal_count=5055 3120 1935 1471 790 1649 1145 620 170 587 408 1063 918 731 675 470 379 423 74 164 567 413 125 539 336 96 339 445 496 283 547 228 286 71 339 430 211 234 195 250 93 241 80 66 211 98 166 57 293 202 65 264 228 49 40 48 142 305 115 234 159 166 62
is_linear=0
shrinkage=0.05


Tree=2
num_leaves=64
num_cat=0
split_feature=12 12 29 1 12 1 29 1 1 29 29 12 1 1 1 29 29 29 58 29 29 29 64 57 29 1 29 57 1 29 57 1 12 1 1 1 12 1 0 29 1 29 35 32 66 1 1 1 34 58 49 20 21 63 1 12 29 29 1 1 1 29 1
split_gain=137236 22748 16911.4 4290.06 4019.26 3308.32 3289.22 773.473 767.705 739.809 725.705 656.206 645.428 583.105 493.169 469.72 239.746 212.346 193.158 177.064 170.986 165.271 144.422 140.041 135.244 131.892 131.434 125.453 124.971 123.545 115.637 111.252 97.7952 97.7697 95.3782 93.3654 88.6074 87.6648 72.6083 69.5216 68.6808 65.5821 64.4859 63.1535 62.706 59.8778 59.67 57.5948 56.488 54.9057 53.8611 53.0971 52.8033 48.051 45.5575 44.5018 43.6808 41.1576 40.0399 39.5995 38.8 38.4223 34.786
threshold=11.409635416666651 5.3273437500000007 20.421354166666653 23.431770833333356 0.95468750000000013 15.045052083333351 10.164322916666652 20.492708333333351 7.6445312500000009 1.0000000180025095e-35 12.309635416666652 3.3458333333333354 18.261197916666656 9.5669270833333311 27.033333333333303 15.847395833333303 14.457552083333303 22.123958333333352 7.2710190698362975 15.751041666666652 11.863802083333352 7.6122395833333307 4.8220524695503544 11.605084325396826 2.8218750000000004 7.7098958333333352 26.736718750000005 10.23942792368978 11.771354166666653 13.123437500000001 8.089295730311358 -3.7072916666666695 4.3195312500000007 13.001302083333302 16.228208862994354 16.105468750000004 2.5585937500000004 -0.29869791666666645 9.791042833333341 8.0130208333333375 22.074218750000004 17.778385416666705 11.484114583333351 12.352083333333352 5.492513161419013 11.409635416666651 6.1750000000000007 29.743750000000002 17.858854166666653 8.0423021989202823 0.92263100495486405 52.068795333333355 63.446818875000012 1.9367513020833336 -1.9283854166666698 19.812500000000004 17.692968750000002 27.538802083333355 6.2335937500000007 20.000000000000004 9.1583333333333368 11.990104166666702 18.397395833333302
decision_type=2 2 2 2 2 2 2 2 2 2 2 2 2 2 2 2 2 2 2 2 2 2 2 2 2 2 2 2 2 2 2 2 2 2 2 2 2 2 2 2 2 2 2 2 2 2 2 2 2 2 2 2 2 2 2 2 2 2 2 2 2 2 2
left_child=1 4 5 7 9 15 8 17 21 31 27 23 34 16 57 20 25 35 32 -14 42 -3 59 36 37 49 -16 -7 -17 -15 39 -1 -13 52 41 -4 53 -11 56 -10 50 -12 -2 -26 -18 -32 -23 -28 -31 58 -9 55 -22 -6 -33 -19 -30 -5 -8 -21 -41 -27 -37
right_child=2 6 3 14 11 10 13 40 30 24 12 18 19 29 26 28 44 51 -20 22 33 46 -24 -25 43 61 47 -29 38 48 45 54 -34 -35 -36 62 -38 -39 -40 60 -42 -43 -44 -45 -46 -47 -48 -49 -50 -51 -52 -53 -54 -55 -56 -57 -58 -59 -60 -61 -62 -63 -64
leaf_value=-0.67625751919763311 -0.03430022825453987 -0.21086314824792696 0.28453899372599384 0.64637930719525372 -0.42572320889081755 0.035457194371261574 -0.16009005355421838 0.49673632671827078 -0.14799926114537806 -0.49861801779972625 0.22255849857328081 -0.28835903062785073 0.31224785744578776 0.023993681306822161 0.73833421137570243 0.12281738099271694 -0.0060091914742187169 0.3738122584606145 -0.10633116400372916 0.36441559836828563 0.063624198788395522 -0.18388068095953866 0.49305271724300925 -0.24175685750045495 -0.41552663019137387 -0.047701381420917309 0.83336271736349166 0.19248341651209355 0.20852967793588129 0.071186878004742812 -0.061293143696836 -0.59543921577472692 -0.24505867522804486 0.16117927268399315 0.30568249873372011 0.35991981036379023 -0.31796074544142544 -0.43162715985340622 0.17355160843251932 -0.099311085123189757 0.5787325653429487 0.28783125148795219 0.078312810023805912 -0.31800266163284469 0.10903939135688537 0.026938035041710214 -0.14038073634134565 0.93403511908883208 0.16367327250104613 -0.024263079170609866 0.58130465282148858 0.48439501765096149 0.12010294397449631 -0.35625062934427021 -0.51424814317672107 0.45867133721878917 0.2622922842927517 0.72051413219495297 -0.092049502287432028 0.41906587532507616 -0.04721349997103063 -0.0059282253957986409 0.41412961595655551
leaf_weight=31 24 232 27 61 28 20 30 84 56 103 85 240 58 234 24 50 20 28 20 79 60 124 43 35 84 172 34 35 96 95 57 44 288 113 182 59 178 95 90 120 76 71 27 21 29 29 218 27 20 22 25 74 134 255 30 36 63 29 78 59 51 81 62
leaf_count=31 24 232 27 61 28 20 30 84 56 103 85 240 58 234 24 50 20 28 20 79 60 124 43 35 84 172 34 35 96 95 57 44 288 113 182 59 178 95 90 120 76 71 27 21 29 29 218 27 20 22 25 74 134 255 30 36 63 29 78 59 51 81 62
internal_value=0.00116077 -0.204006 0.331971 0.54077 -0.348709 0.227325 -0.0780394 0.462208 -0.143923 -0.481784 0.308997 -0.296698 0.32554 -0.00321207 0.752175 0.148756 -0.0420441 0.41063 -0.258968 0.388447 0.11011 -0.178274 0.412843 -0.338375 -0.442106 -0.0553679 0.838717 0.135409 0.19502 0.0448535 -0.0809238 -0.596225 -0.264747 0.124194 0.281048 0.368931 -0.345704 -0.466502 0.209511 -0.0996305 0.541915 0.252286 0.0253123 -0.396059 0.0620789 -0.0315353 -0.156159 0.878077 0.0872886 -0.0963012 0.516189 0.455317 0.102642 -0.363141 -0.562605 0.421618 0.22985 0.67035 -0.110967 0.387813 -0.0837798 -0.0343301 0.387733
internal_weight=5055 3120 1935 646 1452 1289 1668 471 887 408 632 1044 577 781 175 657 432 286 548 239 358 574 181 496 303 383 85 55 299 349 313 105 528 307 338 148 461 198 249 227 185 156 51 105 49 86 342 61 115 130 109 138 194 283 74 64 159 90 108 138 171 253 121
internal_count=5055 3120 1935 646 1452 1289 1668 471 887 408 632 1044 577 781 175 657 432 286 548 239 358 574 181 496 303 383 85 55 299 349 313 105 528 307 338 148 461 198 249 227 185 156 51 105 49 86 342 61 115 130 109 138 194 283 74 64 159 90 108 138 171 253 121
is_linear=0
shrinkage=0.05


Tree=3
num_leaves=64
num_cat=0
split_feature=12 12 12 12 1 1 12 30 1 1 63 30 12 58 12 49 63 1 30 1 30 30 1 58 1 1 63 50 32 1 0 30 1 12 1 30 1 30 12 1 30 34 30 63 63 0 30 1 63 13 1 22 30 30 65 13 1 1 63 1 0 30 63
split_gain=123858 20530.4 14745.8 3627.52 3417.87 2958.57 1898.5 1473.2 849.346 647.148 633.518 600.26 592.732 477.125 371.676 310.22 288.958 238.955 186.564 182.327 174.368 171.885 169.232 160.45 156.155 152.983 149.103 138.182 106.55 97.4031 97.0471 94.6847 87.423 86.8642 84.7392 83.9583 96.1411 79.6636 75.6006 72.4372 72.3666 71.4872 70.0278 69.4309 66.6842 65.9983 56.2917 54.9873 53.066 50.4356 49.8449 48.6721 47.212 43.2105 43.1238 42.965 39.8834 39.8678 38.8178 34.599 34.4082 32.9217 32.7035
threshold=11.409635416666651 5.3273437500000007 18.260416666666654 0.95468750000000013 22.371093750000004 7.8635416666666709 15.045052083333351 16.914322916666652 26.345312500000002 -1.9283854166666698 11.913878038194445 11.300781250000002 3.4195312500000004 8.0423021989202823 13.101302083333351 -0.78829775591774587 22.102617776012245 6.6135416666666655 13.966145833333352 20.951041666666654 23.489843750000002 -0.9937499999999998 16.228208862994354 7.1442304940456083 9.0268229166666671 9.9687500000000018 10.386566034390659 0.081673369964559484 11.699739583333303 29.743750000000002 6.1408342083333407 8.7049479166666703 23.929166666666656 2.5585937500000004 13.257291666666651 7.4182291666666655 10.905989583333303 23.936718750000004 4.3195312500000007 20.000000000000004 7.9283854166666652 17.285156250000004 18.942968750000002 2.4255642361111112 17.029068636254795 10.389522250000001 18.595052083333353 18.554947916666652 16.029871961805558 2.0398437500000006 12.544791666666653 59.759173250000011 17.455468750000005 19.627343750000005 9.3980545103693007 14.585416666666651 14.357031250000002 6.2890625000000009 1.9367513020833336 5.2265625000000009 5.603835500000006 1.4484375000000003 3.3605143229166674
decision_type=2 2 2 2 2 2 2 2 2 2 2 2 2 2 2 2 2 2 2 2 2 2 2 2 2 2 2 2 2 2 2 2 2 2 2 2 2 2 2 2 2 2 2 2 2 2 2 2 2 2 2 2 2 2 2 2 2 2 2 2 2 2 2
left_child=1 3 6 9 10 13 14 18 32 21 -4 24 27 17 26 39 22 40 -6 37 -10 -1 30 38 -7 44 -2 49 43 -22 53 -19 -9 58 52 54 -37 47 62 -12 -3 -27 -41 -11 -13 48 -36 -17 -28 -5 -47 -18 -16 -8 -26 -24 -32 -15 -29 -42 -54 -23 -14
right_child=2 5 4 12 7 11 16 8 20 28 15 25 23 57 34 19 51 31 -20 -21 29 61 55 -25 35 41 45 33 -30 -31 56 -33 -34 -35 46 36 -38 -39 -40 42 59 -43 -44 -45 -46 50 -48 -49 -50 -51 -52 -53 60 -55 -56 -57 -58 -59 -60 -61 -62 -63 -64
leaf_value=-0.63159168943766175 0.022750414201331066 -0.20242340874291218 0.14549485906369267 -0.18684502303272649 0.24244732493343857 -0.084070499782358657 0.24120878259358447 0.55191867734426159 0.65857572727134739 -0.48073726428396829 0.34383155923517095 -0.0076344797006674949 -0.33214829012304758 -0.02781894992048415 0.10771022507743949 0.33465728507813108 0.32009277324686047 -0.15175567235924897 0.44588113965918491 0.51183447768015311 0.76820553385050538 -0.53754855667707901 0.24624234610830739 -0.11507427484162965 -0.13547732692239389 0.051152945086371526 0.12058484047723535 -0.40444464777163724 -0.32908845676254095 0.88510586654100276 0.13573304576097125 -0.097051081311758464 0.63189276923626858 -0.30360738222499439 0.19040115891412757 -0.033147960458081459 0.04376029060796699 0.46517388835235807 -0.23322360751989935 0.34845317094849759 -0.20122000004274174 0.14861534202399565 0.43698439718916221 -0.41338092343177762 0.074519991627583465 0.059225199725610536 0.26175465965151828 0.41650417409345197 0.17556005770682279 -0.28110831551875054 0.13353839752900218 0.41761948815618655 0.21086987179734945 0.30751639864622593 -0.036321958468367888 0.30681869508157217 0.21307619762570007 0.071982071945710893 -0.34168953870313712 -0.15054057667799489 0.12775856841467267 -0.47302182799769366 -0.26610261456746603
leaf_weight=44 43 196 23 20 20 211 68 81 25 48 120 209 21 20 46 28 20 149 26 84 50 46 36 23 23 181 132 28 32 29 21 169 61 186 209 148 56 67 284 37 42 21 58 201 28 58 32 81 66 50 37 37 31 39 21 166 83 20 236 174 21 37 196
leaf_count=44 43 196 23 20 20 211 68 81 25 48 120 209 21 20 46 28 20 149 26 84 50 46 36 23 23 181 132 28 32 29 21 169 61 186 209 148 56 67 284 37 42 21 58 201 28 58 32 81 66 50 37 37 31 39 21 166 83 20 236 174 21 37 196
internal_value=0.0011033 -0.193806 0.315376 -0.331275 0.481546 -0.0741377 0.200722 0.617377 0.665951 -0.4577 0.401891 -0.0124744 -0.281864 -0.14605 0.146993 0.414301 0.277881 -0.155263 0.357514 0.451086 0.774607 -0.551425 0.263298 -0.244317 -0.0524529 0.0293244 0.109716 -0.319693 -0.41532 0.811231 0.231939 -0.122689 0.586319 -0.329872 0.183934 -0.0255481 -0.0120323 0.422062 -0.250247 0.369796 -0.180401 0.0612945 0.402549 -0.426386 0.00207216 0.122475 0.199888 0.395517 0.13892 -0.254214 0.0881845 0.383471 0.144679 0.265408 -0.0881835 0.296038 0.197478 0.0220746 -0.348362 -0.160406 0.177346 -0.50885 -0.272511
internal_weight=5055 3120 1935 1452 790 1668 1145 292 246 408 498 898 1044 770 675 475 470 730 46 260 104 127 413 524 459 439 336 520 281 79 211 318 142 450 339 248 204 176 501 215 412 202 95 249 237 293 241 109 198 70 95 57 98 107 44 202 104 40 264 216 52 83 217
internal_count=5055 3120 1935 1452 790 1668 1145 292 246 408 498 898 1044 770 675 475 470 730 46 260 104 127 413 524 459 439 336 520 281 79 211 318 142 450 339 248 204 176 501 215 412 202 95 249 237 293 241 109 198 70 95 57 98 107 44 202 104 40 264 216 52 83 217
is_linear=0
shrinkage=0.05


Tree=4
num_leaves=64
num_cat=0
split_feature=28 28 28 28 28 28 28 28 28 1 1 1 1 1 1 28 1 1 28 1 1 28 28 28 28 28 1 1 1 28 1 28 28 1 28 1 28 1 1 15 28 1 2 50 28 1 44 54 52 28 22 28 57 28 1 28 28 28 1 28 50 28 28
split_gain=115013 17260.2 16685.9 3521.64 3513.96 2333.5 2159.68 799.689 781.776 471.697 438.544 390.004 381.747 374.495 339.403 143.709 138.687 135.836 134.267 129.047 106.964 98.5725 93.4624 83.5121 74.2055 67.574 64.6486 62.7953 59.728 59.1981 53.0988 45.733 44.2974 42.6127 42.5135 40.7102 32.1189 31.5645 30.8912 29.1657 28.5244 27.907 27.6661 27.1386 27.0137 25.8307 23.3168 22.5436 20.6921 20.6529 19.9471 19.4651 19.1675 18.8957 18.5104 18.4183 17.3327 16.6431 16.5205 15.9148 15.1776 15.06 14.9609
threshold=12.930989583333302 6.9041666666666659 19.792447916666703 25.647135416666654 3.3010416666666651 9.8315104166666671 16.181770833333356 22.288802083333305 -1.0000000180025095e-35 4.2330729166666705 27.033333333333303 16.105468750000004 13.790885416666702 9.4317708333333368 7.0864583333333355 4.5432565789473704 22.371093750000004 19.056510416666654 14.457552083333303 0.95468750000000013 12.232031250000002 8.0130208333333375 -2.7153645833333298 18.340104166666702 10.618229166666703 30.458333333333304 18.261197916666656 16.402864583333354 8.6476562500000025 1.4484375000000003 22.074218750000004 23.860156250000003 28.361979166666703 11.244270833333301 11.928906250000002 5.7682291666666705 5.7486979166666652 13.001302083333302 5.6364583333333309 19.914583333333301 8.6945312500000025 1.5979166666666702 65.610879125000011 -0.081676395330422633 5.7059895833333352 6.9346354166666657 14.500000000000002 0.00083071684530291892 0.00022470798571606732 20.725520833333352 44.379575541666661 11.990104166666702 7.2137757316468258 -0.9937499999999998 12.544791666666653 17.778385416666705 18.088802083333352 15.278385416666653 24.417187500000001 8.7528645833333361 0.72660752476856549 21.033333333333353 17.455468750000005
decision_type=2 2 2 2 2 2 2 2 2 2 2 2 2 2 2 2 2 2 2 2 2 2 2 2 2 2 2 2 2 2 2 2 2 2 2 2 2 2 2 2 2 2 2 2 2 2 2 2 2 2 2 2 2 2 2 2 2 2 2 2 2 2 2
left_child=1 4 6 7 8 14 12 17 22 15 32 23 18 24 21 41 31 49 33 29 34 38 -1 37 45 -12 56 -14 40 -10 61 39 46 -2 -15 44 -17 -8 -3 -9 -16 -6 54 -22 -11 -7 -5 55 -37 -4 -25 -26 -30 -24 -20 -28 -13 -44 -18 -23 -21 -19 -39
right_child=2 5 3 10 9 13 11 16 19 35 25 26 27 20 28 36 58 30 42 60 43 59 53 50 51 -27 47 -29 52 -31 -32 -33 -34 -35 -36 48 -38 62 -40 -41 -42 -43 57 -45 -46 -47 -48 -49 -50 -51 -52 -53 -54 -55 -56 -57 -58 -59 -60 -61 -62 -63 -64
leaf_value=-0.63824990778173007 0.049036148442725025 -0.20374130645366029 0.3239324299777967 0.63226223954242045 -0.3424084490653414 -0.11386573348315945 0.16899816354619052 0.47489778991223242 -0.44817107680364254 -0.25373271322427149 0.73140104651237214 0.25528915959856474 0.16089730619634701 -0.0091940338278085239 -0.13182137774856781 -0.27917461563074281 0.52799021676991897 0.3750990755018217 0.08148894145789802 -0.32696723907001618 0.09793132407437409 -0.15231839922232604 -0.54472734061201566 0.22088333400256627 -0.039215828538922574 0.82760428485597226 0.26657565496808738 0.22379052531528926 -0.082087099627405291 -0.39562730844428107 0.4631919977628452 0.50115997344329943 0.67299202481815357 0.091727607861484969 0.027422521041802057 -0.21931974957626835 -0.24534348625636154 0.20052427578378051 -0.16874068519769547 0.42233933549069547 -0.095980391047017721 -0.30707940651311216 0.12273165359103105 0.028335354725519814 -0.21993083571360722 -0.065061126774650591 0.56469456991211819 0.35652884696729398 -0.17797977720511304 0.36114639348973948 0.2782025299996419 -0.0041598272296060508 -0.03613661494759314 -0.49647424516954591 0.12632432522759329 0.3211556104710791 0.28829747418475521 0.158981497420807 0.57669218969702596 -0.12540547591584458 -0.36462577901292326 0.40849756682511607 0.22929130528181252
leaf_weight=22 125 119 88 21 87 34 60 50 87 89 39 75 132 172 98 258 58 73 50 40 47 116 46 22 157 37 21 57 59 145 32 60 22 110 147 55 98 134 136 60 129 165 76 20 182 135 39 34 69 68 52 53 37 41 43 65 89 55 28 106 92 69 70
leaf_count=22 125 119 88 21 87 34 60 50 87 89 39 75 132 172 98 258 58 73 50 40 47 116 46 22 157 37 21 57 59 145 32 60 22 110 147 55 98 134 136 60 129 165 76 20 182 135 39 34 69 68 52 53 37 41 43 65 89 55 28 106 92 69 70
internal_value=0.00104866 -0.193041 0.294111 0.482142 -0.3157 -0.0773568 0.183954 0.42564 -0.428047 -0.262714 0.691657 0.250506 0.120069 -0.0149202 -0.13706 -0.29036 0.491983 0.374158 0.0954366 -0.392841 0.0197434 -0.163862 -0.545566 0.214193 -0.050225 0.778346 0.293712 0.179879 -0.0974741 -0.415352 0.404598 0.465678 0.61122 0.0690246 0.00767819 -0.220154 -0.26987 0.201006 -0.185084 0.446275 -0.111461 -0.319291 0.123139 0.0771712 -0.231043 -0.0748889 0.588453 0.321687 -0.196336 0.340179 0.261201 -0.0303714 -0.0643878 -0.522053 0.102236 0.307866 0.273222 0.137966 0.543918 -0.139477 -0.353244 0.391359 0.210409
internal_weight=5055 3041 2014 744 1476 1565 1270 586 473 1003 158 622 648 765 800 608 256 330 459 364 386 477 109 338 379 76 284 189 323 232 174 170 82 235 319 395 356 264 255 110 227 252 224 67 271 169 60 120 124 156 74 210 96 87 93 86 164 131 86 222 132 142 204
internal_count=5055 3041 2014 744 1476 1565 1270 586 473 1003 158 622 648 765 800 608 256 330 459 364 386 477 109 338 379 76 284 189 323 232 174 170 82 235 319 395 356 264 255 110 227 252 224 67 271 169 60 120 124 156 74 210 96 87 93 86 164 131 86 222 132 142 204
is_linear=0
shrinkage=0.05


Tree=5
num_leaves=64
num_cat=0
split_feature=28 28 28 28 28 28 28 28 1 28 1 1 1 1 1 1 28 1 1 28 28 28 1 1 28 1 28 1 1 28 28 14 1 28 1 20 28 1 1 28 28 28 1 14 1 47 1 1 28 28 64 28 22 49 1 28 66 1 1 15 14 28 28
split_gain=100758 15447.6 15186.8 3164.84 2959.94 2099.81 1965.33 701.88 614.663 531.153 425.022 386.302 335.781 309.608 304.889 146.73 116.562 110.402 106.922 100.533 95.3345 91.589 90.7192 79.6672 74.0798 69.9175 69.8527 68.4285 68.3266 63.9531 51.8617 40.7315 40.0876 38.751 38.3115 37.0845 35.0306 33.4785 32.6837 29.291 29.2765 28.7139 28.428 27.7059 26.8797 25.804 25.6208 24.7752 23.9094 23.7972 23.0047 20.0648 19.7242 18.7292 18.6932 18.0543 17.768 16.8913 16.065 15.8072 14.2718 13.5617 13.1669
threshold=12.930989583333302 6.9041666666666659 19.792447916666703 2.6333333333333355 25.647135416666654 9.8315104166666671 15.847395833333303 22.527864583333301 3.2312500000000006 -1.0000000180025095e-35 16.105468750000004 27.033333333333303 9.4317708333333368 13.439322916666653 7.0169270833333366 20.721093750000005 4.1473958333333361 22.617187500000004 5.0351562500000009 17.692968750000002 -2.7153645833333298 13.966145833333352 11.940625000000002 -0.29869791666666645 8.1210937500000018 18.261197916666656 30.458333333333304 17.867708333333354 8.9617187500000011 10.7761532738095 5.1317708333333307 15.974739583333351 23.193489583333356 11.928906250000002 17.590104166666652 63.050348375000006 8.4968750000000011 8.2739583333333364 0.95468750000000013 5.8763020833333366 24.762760416666655 17.001822916666654 2.8122395833333353 20.169270833333353 11.094531250000001 -0.78656609248549303 5.7065104166666663 14.227604166666652 5.2158854166666657 1.2453125 3.9215543919600804 27.519791666666702 61.183745708333355 -0.75548631800528532 -1.9283854166666698 18.088802083333352 4.8653109587438967 8.1518229166666671 23.929166666666656 13.288802083333351 13.101302083333351 15.014583333333352 13.879947916666652
decision_type=2 2 2 2 2 2 2 2 2 2 2 2 2 2 2 2 2 2 2 2 2 2 2 2 2 2 2 2 2 2 2 2 2 2 2 2 2 2 2 2 2 2 2 2 2 2 2 2 2 2 2 2 2 2 2 2 2 2 2 2 2 2 2
left_child=1 3 6 9 7 14 13 15 16 20 19 32 29 21 24 34 38 40 30 31 -1 44 33 49 46 55 -13 62 36 57 -10 59 -6 -14 -4 -23 -16 39 -5 -20 45 -27 -25 -17 60 -9 -3 -33 -18 -11 -30 -34 -21 -43 -22 -12 -24 -7 -19 -8 -2 -37 -15
right_child=2 5 4 8 11 12 10 17 18 23 25 26 22 27 28 43 48 58 37 52 54 35 56 42 -26 41 -28 -29 50 -31 -32 47 51 -35 -36 61 -38 -39 -40 -41 -42 53 -44 -45 -46 -47 -48 -49 -50 -51 -52 -53 -54 -55 -56 -57 -58 -59 -60 -61 -62 -63 -64
leaf_value=-0.60896531179229996 0.046329829905587185 -0.18741647628720326 0.31094976384746176 -0.34949710839033993 0.52087197637399107 -0.082131071981547177 0.21766563196035418 0.40824505665643768 -0.26607563801547401 -0.44217622118114525 0.23870999970348025 0.6922754874715159 -0.0095630254651017446 0.11095361052674349 -0.13076433472391827 0.44287926517405068 -0.28619488560780354 0.50261116420899188 -0.22945247264733717 0.22137099954899436 -0.50916986677527865 0.075189308118676745 0.050896277884315944 -0.3718851205995517 -0.13142925013058532 0.25488031640159464 0.79254011362833632 0.22084436669651591 -0.074631486886303125 -0.026415544442009494 -0.22546717678003964 0.12661453990463692 0.57040209983000378 0.025158313867429151 0.35476486579313588 0.1045048762876109 -0.092618668131985216 -0.15161163406350886 -0.30920543558504726 -0.19044607934457397 0.49524903788890395 0.30424252653686734 -0.31291998322131109 0.38001567496014088 0.077088996239720597 0.45631397856365274 -0.15666943046633952 0.18259998389360943 -0.25464120354412551 -0.39578548064682845 -0.020093904768245664 0.630746011754864 0.26427401452454446 0.35163059303143074 -0.45586366119598304 0.27281107854306758 0.10275560441564341 -0.052334368681243006 0.54952044263098399 0.1843858693739939 -0.0013891139348595589 0.13400744736487857 0.15267352283807911
leaf_weight=23 72 135 71 80 21 99 50 46 119 54 72 37 168 23 91 51 162 49 74 90 58 86 49 128 194 21 35 39 49 183 236 46 28 154 177 104 179 36 142 141 29 65 25 28 70 78 138 35 98 61 32 32 39 32 25 88 25 92 33 131 20 63 113
leaf_count=23 72 135 71 80 21 99 50 46 119 54 72 37 168 23 91 51 162 49 74 90 58 86 49 128 194 21 35 39 49 183 236 46 28 154 177 104 179 36 142 141 29 65 25 28 70 78 138 35 98 61 32 32 39 32 25 88 25 92 33 131 20 63 113
internal_value=-0.000662398 -0.180802 0.277668 -0.298076 0.461697 -0.0728318 0.173152 0.4086 -0.254938 -0.423554 0.231819 0.656693 -0.0135701 0.106626 -0.128615 0.361195 -0.297087 0.474542 -0.221409 0.198199 -0.51836 0.0830999 0.0185167 -0.386036 -0.155082 0.279095 0.741125 0.162407 -0.093396 -0.0475452 -0.239088 0.180381 0.581554 0.00704155 0.342236 0.101899 -0.105481 -0.196395 -0.323742 -0.203884 0.449308 0.308368 -0.362275 0.420656 0.0537338 0.43852 -0.171882 0.150832 -0.274314 -0.41761 -0.0530971 0.602694 0.234365 0.319915 -0.493177 0.257485 0.0684346 -0.0677848 0.52156 0.193593 0.0359517 0.115645 0.14563
internal_weight=5024 3050 1974 1462 715 1588 1259 562 1088 374 669 153 770 590 818 327 482 235 606 391 106 415 396 268 467 278 72 175 351 374 355 262 81 322 248 253 270 251 222 215 153 118 153 79 162 124 273 81 260 115 81 60 129 97 83 160 74 191 82 181 92 167 136
internal_count=5024 3050 1974 1462 715 1588 1259 562 1088 374 669 153 770 590 818 327 482 235 606 391 106 415 396 268 467 278 72 175 351 374 355 262 81 322 248 253 270 251 222 215 153 118 153 79 162 124 273 81 260 115 81 60 129 97 83 160 74 191 82 181 92 167 136
is_linear=0
shrinkage=0.05


Tree=6
num_leaves=64
num_cat=0
split_feature=28 28 28 28 28 28 28 28 1 28 1 1 1 1 1 1 28 1 28 1 28 28 1 1 28 12 1 1 28 28 1 14 1 1 23 28 28 1 1 1 28 28 28 1 14 1 1 47 28 28 64 50 28 54 28 1 47 28 28 1 1 1 1
split_gain=90936.1 13941.7 13706.4 2856.38 2671.5 1895.1 1773.75 633.475 554.734 479.394 383.588 348.622 303.048 281.697 275.159 132.432 105.194 99.6344 98.4224 96.4897 90.7286 86.0408 82.3282 71.8963 66.8554 63.9573 63.1018 61.662 57.9484 46.8022 39.3318 36.755 36.1661 35.3338 33.5941 31.8799 31.6139 30.2094 29.4926 28.8522 27.0352 26.4325 25.9063 25.6448 24.9944 23.6323 22.3578 21.9912 21.7605 21.5724 20.7611 18.9131 18.0967 17.5918 17.5499 16.8579 16.7625 16.6526 16.289 15.7998 15.5915 14.4909 13.8639
threshold=12.930989583333302 6.9041666666666659 19.792447916666703 2.6333333333333355 25.647135416666654 9.8315104166666671 15.847395833333303 22.527864583333301 3.2312500000000006 -1.0000000180025095e-35 16.105468750000004 27.033333333333303 9.4317708333333368 14.357031250000002 7.0169270833333366 20.721093750000005 4.1473958333333361 22.617187500000004 13.966145833333352 5.0351562500000009 17.692968750000002 -2.7153645833333298 11.66171875 -0.29869791666666645 8.1210937500000018 29.857291666666701 18.261197916666656 8.9617187500000011 10.560937500000001 5.1317708333333307 18.397395833333302 15.974739583333351 23.193489583333356 18.700260416666655 55.311018250000011 11.928906250000002 8.4968750000000011 8.2739583333333364 0.95468750000000013 11.094531250000001 24.464583333333355 5.8763020833333366 17.001822916666654 2.8122395833333353 20.169270833333353 5.3273437500000007 14.227604166666652 -0.70710678118654735 1.0158854166666702 5.2158854166666657 3.9215543919600804 -0.04732138832243208 27.519791666666702 0.00083071684530291892 15.1877604166667 -1.9283854166666698 -0.5 11.990104166666702 18.088802083333352 11.835416666666701 14.127864583333352 23.929166666666656 8.1518229166666671
decision_type=2 2 2 2 2 2 2 2 2 2 2 2 2 2 2 2 2 2 2 2 2 2 2 2 2 2 2 2 2 2 2 2 2 2 2 2 2 2 2 2 2 2 2 2 2 2 2 2 2 2 2 2 2 2 2 2 2 2 2 2 2 2 2
left_child=1 3 6 9 7 14 13 15 16 21 20 32 28 18 24 33 38 40 39 29 31 -1 35 48 45 -13 58 36 62 -10 -15 -8 -6 -4 59 -14 -16 41 -5 -2 47 -21 -28 -25 -17 -3 -33 -9 -11 -18 -29 60 -34 -44 -36 -23 -22 -30 -12 -20 -24 -19 -7
right_child=2 5 4 8 11 12 10 17 19 23 26 25 22 30 27 44 49 61 34 37 56 55 51 43 -26 -27 42 50 57 -31 -32 46 52 -35 54 -37 -38 -39 -40 -41 -42 -43 53 -45 -46 -47 -48 -49 -50 -51 -52 -53 -54 -55 -56 -57 -58 -59 -60 -61 -62 -63 -64
leaf_value=-0.57853027560927461 0.034154077410265125 -0.18398874674319132 0.30742504947499744 -0.33202443758765843 0.49484077319254594 -0.083266008947973064 0.18391502995852194 0.38524839744488054 -0.25277297432888818 -0.4238071762305502 0.22677616167856476 0.66228349653577501 -0.0097670644205025883 0.15020569858056906 -0.12422683693369514 0.42073964440712769 -0.27188602762673786 0.47748573383392795 0.058984472997685694 -0.21798139825219673 0.21088130394189833 -0.48371576168807995 0.051023200052517592 -0.35329231767763941 -0.12485812766472955 0.75911137987743915 0.24214236124647848 -0.070900673605539657 -0.03636473051345817 -0.21419429585901462 0.21237911729142592 0.12028518926317447 0.5418921763792246 0.34556408537936084 0.10352405466353126 0.022458288350908615 -0.087987993634697406 -0.14403315656418866 -0.29374625789775843 0.075512305096531049 0.46212218993176957 -0.18092444860616499 0.28802804483759692 -0.2972802368272357 0.36102167369211968 -0.15275488514760854 0.17347259235463802 0.43167250049648004 -0.37861788467365215 -0.24191044639195855 -0.019089523204990719 0.030277061730880551 0.59921856522373929 0.3332683812797298 0.13697412262093556 -0.43307959340372737 0.25075300244775706 -0.0036130159948795136 0.25917207567058709 0.10005710284264023 0.10436032272925849 0.52205274732717422 -0.052717129610383863
leaf_weight=23 92 92 133 80 21 81 181 43 119 46 72 41 163 88 91 51 162 49 55 74 91 58 27 128 194 31 21 49 174 236 36 46 28 115 146 145 179 36 142 78 41 141 63 25 28 181 35 69 69 98 32 33 32 34 54 25 38 50 88 41 28 33 69
leaf_count=23 92 92 133 80 21 81 181 43 119 46 72 41 163 88 91 51 162 49 55 74 91 58 27 128 194 31 21 49 174 236 36 46 28 115 146 145 179 36 142 78 41 141 63 25 28 181 35 69 69 98 32 33 32 34 54 25 38 50 88 41 28 33 69
internal_value=-0.000628785 -0.171763 0.263788 -0.283174 0.438618 -0.0691906 0.164496 0.388174 -0.242193 -0.402381 0.22023 0.62387 -0.0128916 0.101296 -0.122185 0.343138 -0.282234 0.450821 0.0834689 -0.21034 0.188291 -0.49245 0.0175911 -0.366737 -0.147328 0.70408 0.265143 -0.0887269 -0.0451683 -0.227134 0.168276 0.171364 0.552487 0.325126 0.100885 0.00540258 -0.100208 -0.186577 -0.307557 0.0531365 0.426847 -0.193691 0.292954 -0.344163 0.399628 -0.163289 0.143292 0.413889 -0.396733 -0.260599 -0.0504431 0.0602399 0.572569 0.303923 0.112564 -0.468524 0.222649 -0.0290568 0.244612 0.0765397 0.0781998 0.495489 -0.0692213
internal_weight=5024 3050 1974 1462 715 1588 1259 562 1088 374 669 153 770 590 818 327 482 235 466 606 391 106 396 268 467 72 278 351 374 355 124 262 81 248 296 308 270 251 222 170 153 215 118 153 79 273 81 112 115 260 81 88 60 97 200 83 129 224 160 96 55 82 150
internal_count=5024 3050 1974 1462 715 1588 1259 562 1088 374 669 153 770 590 818 327 482 235 466 606 391 106 396 268 467 72 278 351 374 355 124 262 81 248 296 308 270 251 222 170 153 215 118 153 79 273 81 112 115 260 81 88 60 97 200 83 129 224 160 96 55 82 150
is_linear=0
shrinkage=0.05


Tree=7
num_leaves=64
num_cat=0
split_feature=12 12 29 1 1 29 1 29 29 1 1 29 1 1 12 29 63 29 1 29 29 1 29 29 29 29 1 29 50 29 29 1 1 1 29 1 12 1 1 58 34 22 29 46 1 51 20 54 29 1 52 57 33 29 1 14 1 17 67 1 53 29 53
split_gain=79542.3 13867.8 9996.65 2527.52 2424.67 2121.39 1744.14 546.682 501.628 439.599 436.162 422.345 370.924 336.08 321.131 247.629 132.099 128.026 127.241 124.778 124.524 119.244 107.39 105.447 100.393 97.8273 97.396 96.9021 91.4495 80.0117 80.0006 73.6138 70.7842 66.9592 60.7329 60.1703 57.4283 53.6903 53.089 50.8127 45.7106 45.5728 43.9188 40.1641 38.696 38.4351 37.6667 36.2126 36.0633 35.9028 34.2883 30.4984 29.9912 29.0893 27.6529 26.993 26.4877 25.5932 24.1131 22.5931 22.183 22.1482 21.9249
threshold=11.570572916666652 5.3739583333333352 20.177864583333303 23.193489583333356 0.95468750000000013 10.164322916666652 15.045052083333351 10.164322916666652 1.0158854166666702 19.635937500000004 7.9283854166666705 5.1317708333333307 9.2927083333333371 17.590104166666652 27.060677083333303 16.181770833333356 13.157259114583338 14.188020833333352 4.2330729166666705 11.230468750000002 14.188020833333352 20.951041666666654 3.6458333333333353 -1.7078124999999997 21.889583333333302 7.8466145833333307 28.735156250000003 13.123437500000001 -0.04732138832243208 2.6333333333333355 7.4151041666666657 21.108593750000001 13.101302083333351 3.3458333333333354 15.1877604166667 13.001302083333302 8.5872395833333375 17.095833333333353 7.7984375000000012 7.333272970301457 17.858854166666653 47.851639416666657 5.8763020833333366 4.5000000000000009 11.570572916666652 -5.3008680555554847e-05 65.855028708333307 0.00083071684530291892 17.692968750000002 6.0541666666666663 0.00054356034380058317 7.0620039682539693 11.602343750000001 23.871093750000004 25.660416666666702 15.171614583333353 -1.9283854166666698 25.162239583333353 1025.7618987847225 6.0541666666666663 -0.00015135037846050747 6.2393229166666702 -0.00011374925595237255
decision_type=2 2 2 2 2 2 2 2 2 2 2 2 2 2 2 2 2 2 2 2 2 2 2 2 2 2 2 2 2 2 2 2 2 2 2 2 2 2 2 2 2 2 2 2 2 2 2 2 2 2 2 2 2 2 2 2 2 2 2 2 2 2 2
left_child=1 4 6 9 8 10 15 -8 23 24 25 18 17 34 54 19 33 38 29 52 -15 43 -10 -1 37 59 -16 44 36 58 -30 53 55 -13 -9 46 -12 -4 -7 -19 -29 -26 -24 -22 -14 -18 -21 -23 -45 -27 -33 -20 -2 -11 -5 -17 -25 -49 -6 -3 -36 -35 -34
right_child=2 5 3 14 11 12 7 13 22 31 28 16 27 20 26 32 45 39 51 35 21 47 42 56 41 49 -28 40 30 -31 -32 50 62 61 60 -37 -38 -39 -40 -41 -42 -43 -44 48 -46 -47 -48 57 -50 -51 -52 -53 -54 -55 -56 -57 -58 -59 -60 -61 -62 -63 -64
leaf_value=-0.51946625100120092 -0.037078257386145862 -0.1747172499049352 0.23677872524103782 0.49529872366197492 -0.29485997300459549 -0.071233938407809227 0.028076031760389267 0.15799112177390584 -0.35348522843721897 0.35320626873064853 -0.04247082435239586 -0.22986994011433171 0.0090256192269546568 0.20965228984470452 0.58598530771151913 0.15372382520603095 -0.15684351613554481 -0.025110527642559017 -0.22564427081741006 0.058253658079216189 0.34290914769055902 0.30789911085603411 -0.30524059200822418 -0.4439822033191434 0.30691410205703912 -0.14190018809769206 0.69601613550283581 0.053905986026870814 -0.13886417381407709 -0.26050513457207036 -0.060865526933670637 0.37988766991508205 0.19752207674500943 -0.20240758457725955 0.251076215357316 0.12794062129331138 0.056220200743802656 0.30390156152432712 -0.030171585223844694 0.076452354451112509 0.13516442154360556 0.37153439790874071 -0.22279178055622983 0.23482747801735801 0.066450898456495863 -0.059901121561078054 0.10183069305287758 0.41661821120681986 0.28638484398620018 -0.1055392502067507 0.44121890334787939 -0.1613837261887105 0.048450130568919204 0.41586816377797436 0.55233179420025136 0.099351336375893426 -0.39245367581680518 0.33997828534873881 -0.34950020795164916 -0.14509966891223489 0.21076919510583841 -0.17680251251698353 0.15918663790622345
leaf_weight=37 20 106 52 68 58 134 30 51 172 70 41 159 264 46 37 36 21 20 83 88 20 28 73 57 52 96 46 129 40 303 185 30 58 184 43 117 23 71 191 32 20 59 21 55 33 20 114 24 91 234 106 24 21 26 33 63 47 21 32 167 176 159 107
leaf_count=37 20 106 52 68 58 134 30 51 172 70 41 159 264 46 37 36 21 20 83 88 20 28 73 57 52 96 46 129 40 303 185 30 58 184 43 117 23 71 191 32 20 59 21 55 33 20 114 24 91 234 106 24 21 26 33 63 47 21 32 167 176 159 107
internal_value=-0.000596894 -0.153071 0.258994 0.417124 -0.266895 -0.0568342 0.173975 0.236 -0.370404 0.355151 -0.110249 -0.2265 0.00105903 0.247238 0.574046 0.115823 -0.195956 -0.0354496 -0.259666 0.0888419 0.285122 0.299636 -0.329952 -0.446685 0.306753 -0.134455 0.647049 0.0319207 -0.0597394 -0.27284 -0.0747397 0.403949 0.152608 -0.203006 0.207238 0.0993949 -0.00699268 0.27555 -0.0471051 0.0373828 0.0648249 0.341297 -0.286852 0.276154 0.0154099 -0.109593 0.0828529 0.352982 0.266983 -0.116122 0.427723 -0.211252 0.00671791 0.370224 0.513991 0.119142 -0.42074 0.380948 -0.31433 -0.156607 0.218697 -0.190545 0.172676
internal_weight=5024 3165 1859 650 1450 1715 1209 585 407 466 892 1043 823 555 184 624 543 377 500 360 285 239 266 141 234 603 83 446 289 393 225 232 264 502 270 319 64 123 325 52 149 111 94 166 297 41 202 73 146 330 136 107 41 96 101 99 104 45 90 273 219 343 165
internal_count=5024 3165 1859 650 1450 1715 1209 585 407 466 892 1043 823 555 184 624 543 377 500 360 285 239 266 141 234 603 83 446 289 393 225 232 264 502 270 319 64 123 325 52 149 111 94 166 297 41 202 73 146 330 136 107 41 96 101 99 104 45 90 273 219 343 165
is_linear=0
shrinkage=0.05


Tree=8
num_leaves=64
num_cat=0
split_feature=28 28 28 28 28 28 28 1 28 28 1 1 1 1 1 28 28 1 1 28 28 1 28 1 28 1 17 28 23 28 28 1 65 1 14 28 61 1 1 14 30 1 44 44 1 1 1 28 1 14 28 1 53 28 33 50 28 28 28 1 20 28 1
split_gain=74180 12270.3 10371.9 2513.02 1916.32 1534.64 1490.91 536.031 438.78 394.364 284.733 278.496 243.812 230.292 210.795 122.806 109.315 90.6663 79.8773 76.6255 74.5701 72.9236 72.3027 64.2366 64.226 60.1971 54.3027 51.1674 48.2388 40.3282 34.1285 33.091 32.1068 29.2194 28.1372 27.0033 23.431 23.0781 22.4003 22.2896 22.1387 21.7053 20.6615 20.5899 20.3045 19.3341 19.1927 18.9977 18.5165 17.9124 17.6956 16.7319 16.4046 16.0454 15.0366 14.6638 14.4324 13.9206 13.6556 13.0006 12.751 12.6058 12.6032
threshold=13.286197916666701 7.1721354166666655 20.314843750000005 2.6333333333333355 26.103906250000005 10.164322916666652 16.544010416666655 3.7359375000000008 22.742708333333304 -1.0000000180025095e-35 17.095833333333353 14.585416666666651 7.9283854166666705 10.013281250000002 27.033333333333303 4.3916666666666666 15.1877604166667 20.951041666666654 22.371093750000004 17.977604166666655 8.3864583333333353 5.3273437500000007 -2.7153645833333298 12.350260416666652 11.789583333333352 -0.29869791666666645 13.520052083333303 30.458333333333304 55.700529208333357 19.105729166666652 5.6325520833333362 0.95468750000000013 9.196861049107147 17.095833333333353 15.038281250000002 24.762760416666655 51.852260529790016 5.9450520833333362 2.3932291666666656 10.394270833333351 16.181770833333356 18.554947916666652 16.500000000000004 15.500000000000002 2.8122395833333353 25.660416666666702 7.7984375000000012 1.4484375000000003 11.483333333333352 20.169270833333353 11.928906250000002 25.660416666666702 -0.00017303769841267843 6.1552083333333352 17.435416666666654 -0.04732138832243208 8.4968750000000011 9.3528645833333375 5.9273437500000012 -1.9283854166666698 55.088834916666656 11.928906250000002 11.940625000000002
decision_type=2 2 2 2 2 2 2 2 2 2 2 2 2 2 2 2 2 2 2 2 2 2 2 2 2 2 2 2 2 2 2 2 2 2 2 2 2 2 2 2 2 2 2 2 2 2 2 2 2 2 2 2 2 2 2 2 2 2 2 2 2 2 2
left_child=1 3 6 9 8 12 11 15 17 22 19 16 20 24 45 31 28 41 35 42 37 30 -1 50 46 47 55 -16 48 36 -9 -5 53 -13 -18 43 -12 -3 -17 -26 -31 -4 -8 -10 -27 -6 -7 -11 -2 -19 -15 -20 -21 -23 -35 -14 -57 -22 -40 -24 -44 -25 -30
right_child=2 5 4 7 14 13 10 21 18 25 29 33 26 23 27 38 34 49 51 52 57 32 59 61 39 44 -28 -29 62 40 -32 -33 -34 54 -36 -37 -38 -39 58 -41 -42 -43 60 -45 -46 -47 -48 -49 -50 -51 -52 -53 -54 -55 -56 56 -58 -59 -60 -61 -62 -63 -64
leaf_value=-0.52402363760167758 0.028415749319650949 -0.15015971908024209 0.28473333096363479 -0.29739255769701661 0.49061395079587861 -0.060802438802514042 0.18701684315939376 -0.2145037168308328 0.40103161498254886 -0.37631901497010878 0.28652567166816451 0.15111186160360404 -0.035221742930466364 0.0024540731868524144 0.59525875307658882 -0.24480472882619564 0.13682444123424756 0.38721467226141698 0.43999815673486853 0.25991290879809575 -0.1060658993951466 -0.18529405151568723 -0.43655812647029918 0.047363726465466188 0.025191219774409926 -0.31857008272833626 0.015172764669775133 0.6816951593716668 0.07414012867702395 0.33418017644276921 -0.18249462938800987 -0.26034901491823309 -0.11594562106794747 0.17252801511187296 0.095040771312898079 0.43133890833214761 0.2327611238101881 -0.12261302233375578 -0.22362562378442138 -0.015703418809667576 0.27507629142518752 0.31878592186760624 0.13404859754194165 0.35597812461522976 -0.26869948577613939 0.55147583683237245 -0.031183967847765483 -0.33452165609864504 0.075147074121156746 0.3355331841772109 0.029109384675248484 0.49289113873544182 0.21138781796847914 -0.15552861443182575 0.22321714840302509 -0.10217070385780076 -0.064800294099801051 -0.081804534740103893 -0.19302508754268743 -0.39198795491721528 0.1708571554508844 0.090516637040765902 0.098281767367072836
leaf_weight=23 63 127 83 88 41 73 106 137 53 66 26 100 34 102 36 103 120 49 76 20 168 74 58 29 62 128 23 35 103 20 216 199 37 33 61 33 98 192 145 72 84 113 42 52 25 21 219 49 32 27 160 20 154 120 27 31 158 92 50 25 55 41 115
leaf_count=23 63 127 83 88 41 73 106 137 53 66 26 100 34 102 36 103 120 49 76 20 168 74 58 29 62 128 23 35 103 20 216 199 37 33 61 33 98 192 145 72 84 113 42 52 25 21 219 49 32 27 160 20 154 120 27 31 158 92 50 25 55 41 115
internal_value=-0.000566603 -0.150274 0.246 -0.25061 0.410063 -0.0524713 0.162727 -0.214513 0.365654 -0.363427 0.219299 0.11039 -0.0996598 -0.00111046 0.578975 -0.248348 0.0918154 0.322427 0.415882 0.192607 -0.117378 -0.180616 -0.44512 0.0301067 -0.0254407 -0.331098 -0.0579516 0.637965 0.0739209 0.263423 -0.194925 -0.271719 -0.158741 0.167727 0.122751 0.391367 0.244061 -0.133586 -0.22583 0.00321472 0.286478 0.304384 0.1717 0.37876 -0.310443 0.511322 -0.0385921 -0.358545 0.0441683 0.368907 0.0187345 0.451073 0.216983 -0.166894 0.19538 -0.0654962 -0.0709376 -0.0974865 -0.215792 -0.423188 0.15494 0.0726555 0.0868816
internal_weight=5024 3126 1898 1543 639 1583 1259 1169 506 374 605 654 825 758 133 585 494 272 234 377 579 584 106 332 426 268 246 71 313 228 353 287 231 160 181 138 124 319 298 134 104 196 203 105 153 62 292 115 95 76 262 96 174 194 60 223 189 260 195 83 97 70 218
internal_count=5024 3126 1898 1543 639 1583 1259 1169 506 374 605 654 825 758 133 585 494 272 234 377 579 584 106 332 426 268 246 71 313 228 353 287 231 160 181 138 124 319 298 134 104 196 203 105 153 62 292 115 95 76 262 96 174 194 60 223 189 260 195 83 97 70 218
is_linear=0
shrinkage=0.05


Tree=9
num_leaves=64
num_cat=0
split_feature=28 28 28 28 28 28 28 1 28 28 1 1 1 1 1 28 1 28 1 28 1 1 28 1 28 12 28 1 23 28 1 65 1 1 14 28 1 28 1 61 1 28 43 14 28 1 1 14 28 28 44 63 50 14 44 28 28 52 1 33 1 28 28
split_gain=66948.8 11074.1 9361.18 2268.09 1789.32 1385.33 1275.79 484.542 370.167 357.528 283.554 253.889 251.349 235.805 160.531 98.753 95.0316 81.7717 73.441 73.4117 71.3654 69.6996 66.364 64.0954 50.8206 49.1151 39.3157 39.2373 39.0765 35.3814 31.871 31.7056 26.8141 26.371 26.247 24.1572 22.08 21.2702 20.9978 20.9011 20.2185 19.6043 18.8069 18.7552 18.6023 18.3876 17.6572 16.6193 19.9312 16.4001 16.3007 16.2792 14.9186 14.886 14.674 14.613 14.0962 13.7766 13.6687 13.5676 13.457 13.4442 13.3785
threshold=13.286197916666701 7.1721354166666655 20.172916666666655 2.6333333333333355 25.647135416666654 9.8315104166666671 16.544010416666655 3.2312500000000006 22.527864583333301 -0.40651041666666649 9.8065104166666668 27.033333333333303 14.585416666666651 17.095833333333353 7.1476562500000007 15.014583333333352 5.1567708333333355 4.1473958333333361 20.721093750000005 11.153906250000002 -0.29869791666666645 22.617187500000004 17.877343750000005 11.66171875 -2.7153645833333298 29.857291666666701 5.2158854166666657 8.9617187500000011 59.013985250000005 8.3864583333333353 18.908333333333356 9.196861049107147 23.193489583333356 17.095833333333353 15.038281250000002 1.0158854166666702 7.9283854166666705 23.860156250000003 16.402864583333354 52.986509325495184 0.95468750000000013 6.0854166666666716 1008.9113125000001 11.103645833333351 11.928906250000002 2.8122395833333353 1.9557291666666652 19.326562500000005 18.708333333333353 8.7528645833333361 16.500000000000004 8.1426649305555596 -0.081676395330422633 20.169270833333353 14.500000000000002 27.519791666666702 15.847395833333303 0.00038409718597727044 14.127864583333352 17.435416666666654 5.7065104166666663 24.185156250000002 5.6325520833333362
decision_type=2 2 2 2 2 2 2 2 2 2 2 2 2 2 2 2 2 2 2 2 2 2 2 2 2 2 2 2 2 2 2 2 2 2 2 2 2 2 2 2 2 2 2 2 2 2 2 2 2 2 2 2 2 2 2 2 2 2 2 2 2 2 2
left_child=1 3 6 9 8 14 12 17 18 24 19 32 15 22 29 28 26 40 38 36 35 37 50 44 -1 -13 -9 49 -2 60 42 41 -6 -14 56 -11 -7 54 -4 -32 -5 -18 -15 -21 -12 -22 -19 48 -24 -16 -8 -29 58 -20 -10 -34 -17 -33 -25 -35 -3 -23 -48
right_child=2 5 4 7 11 10 13 16 21 20 23 25 33 30 27 34 31 46 53 43 45 61 47 52 -26 -27 -28 51 -30 -31 39 57 55 59 -36 -37 -38 -39 -40 -41 -42 -43 -44 -45 -46 -47 62 -49 -50 -51 -52 -53 -54 -55 -56 -57 -58 -59 -60 -61 -62 -63 -64
leaf_value=-0.49783383953421079 0.042111547699693691 -0.14516500733948354 0.23699700631509787 -0.28454367137375419 0.42551365706649413 -0.067642454469628965 0.17560669954741881 -0.21477800150227894 0.37262668637163615 -0.36826838813391721 -0.0028348694684631136 0.56793808354543096 0.14355702425238967 0.19855563935725984 -0.099361394777361209 0.11311971907261478 -0.17981775623399443 -0.24107947059285967 0.36075574060978477 0.003397554858576156 -0.30267418893004705 0.40039916760191202 0.19573579613826231 0.051309604167744986 -0.41058728463501953 0.6527608369558483 -0.18125583133050299 -0.068269405669965241 0.081314160780200234 -0.10059191061865225 0.30986175938280164 -0.14217707481103084 0.46497381102055657 0.16390422623434128 0.087359693316681697 -0.3247236588747151 -0.03825532557750156 0.39052556659625443 0.29044692144551404 0.25592694419991613 -0.25281842640525615 -0.15000190543351638 0.24338240035047051 -0.030741163441894894 0.02367325551455951 -0.25526988080195168 -0.22227489359406408 0.17347914676542575 0.23325533909868792 -0.07225039668511983 0.14598348758416949 -0.021785230965346566 0.034972282107680608 0.31265700471167474 0.33223813879468012 0.51636291010533986 0.14568370448218454 -0.08330095517879603 0.096393924711289547 0.21206042315508866 -0.12211622412417636 0.44251662003322939 -0.1909823080868156
leaf_weight=23 97 102 21 80 21 99 98 130 45 62 116 41 100 34 92 91 88 91 47 122 130 36 87 37 65 31 272 33 185 152 24 20 28 33 68 69 181 59 175 77 142 151 79 60 154 25 127 37 61 143 90 44 46 26 49 32 53 20 31 27 171 46 48
leaf_count=23 97 102 21 80 21 99 98 130 45 62 116 41 100 34 92 91 88 91 47 122 130 36 87 37 65 31 272 33 185 152 24 20 28 33 68 69 181 59 175 77 142 151 79 60 154 25 127 37 61 143 90 44 46 26 49 32 53 20 31 27 171 46 48
internal_value=-0.000537857 -0.142761 0.233702 -0.238081 0.386315 -0.049848 0.152905 -0.203789 0.340835 -0.345259 -0.00619006 0.536096 0.104872 0.206417 -0.0999613 0.0872254 -0.17653 -0.241823 0.300744 -0.0325807 -0.318108 0.386709 0.182396 0.0255599 -0.43345 0.604552 -0.192103 -0.0727176 0.0678333 -0.119958 0.248272 -0.154084 0.475173 0.159342 0.113014 -0.345363 -0.0486496 0.366648 0.284735 0.268777 -0.264266 -0.160989 0.229918 -0.00785529 0.012283 -0.295049 -0.223081 0.203683 0.211218 -0.08287 0.161437 -0.0417198 0.0569969 0.343677 0.351616 0.492471 0.125118 -0.11278 0.0718813 0.185615 -0.130735 0.424083 -0.213706
internal_weight=5024 3126 1898 1543 657 1583 1241 1169 504 374 846 153 654 587 737 494 681 488 269 462 286 235 373 384 88 72 402 312 282 425 214 279 81 160 212 131 280 153 196 101 222 239 113 182 270 155 266 185 148 235 188 77 114 73 94 60 144 40 68 60 273 82 175
internal_count=5024 3126 1898 1543 657 1583 1241 1169 504 374 846 153 654 587 737 494 681 488 269 462 286 235 373 384 88 72 402 312 282 425 214 279 81 160 212 131 280 153 196 101 222 239 113 182 270 155 266 185 148 235 188 77 114 73 94 60 144 40 68 60 273 82 175
is_linear=0
shrinkage=0.05


Tree=10
num_leaves=64
num_cat=0
split_feature=28 28 28 28 28 28 28 28 28 28 28 28 28 28 28 30 31 12 28 44 44 30 44 44 28 28 14 44 23 12 29 18 28 28 29 30 28 14 28 19 30 28 22 28 44 44 14 28 12 28 30 28 14 28 22 28 28 28 28 15 64 16 28
split_gain=60491.3 9232.49 8974.35 1911.36 1703.7 1290.23 1194.98 389.436 367.168 298.953 269.712 239.786 173.841 160.048 97.286 94.443 78.4793 62.0114 61.6023 61.1385 59.8941 55.477 54.9625 48.3991 46.7552 45.7706 43.5183 41.1523 40.9687 37.5712 35.2872 31.2955 30.1464 29.9049 28.5396 28.3236 28.0004 26.7254 25.9002 22.3132 21.6726 21.4202 19.9053 19.272 19.1582 18.7176 17.89 17.8468 16.6992 15.7704 15.2009 15.1485 14.9114 14.8929 13.9233 13.326 13.294 12.9438 12.8665 12.5189 11.4255 11.2136 11.0678
threshold=12.731770833333302 19.792447916666703 6.9041666666666659 2.9731770833333355 24.464583333333355 16.181770833333356 9.3528645833333375 -0.40651041666666649 28.361979166666703 5.1317708333333307 11.153906250000002 21.845052083333353 14.277864583333303 18.595052083333353 8.2502604166666718 13.508854166666652 14.636021362994352 29.857291666666701 1.7106770833333302 14.500000000000002 15.500000000000002 13.286197916666701 14.500000000000002 14.500000000000002 3.8375000000000004 -2.7153645833333298 6.2890625000000009 14.500000000000002 55.311018250000011 4.9671875000000005 7.5304687500000007 13.462239583333352 26.103906250000005 17.332031250000004 10.426822916666652 13.009635416666653 15.278385416666653 1.1289062500000002 10.618229166666703 15.991145833333302 16.181770833333356 22.984895833333304 58.060805416666661 13.603906250000001 15.500000000000002 15.500000000000002 0.96380208333333361 14.808593750000002 2.6434895833333356 0.67161458333333368 10.934114583333303 26.731250000000003 16.645052083333304 11.990104166666702 51.421761041666656 20.725520833333352 20.725520833333352 10.164322916666652 7.7708333333333366 25.714062500000004 2.6961896571223609 10.618923611111152 17.586458333333354
decision_type=2 2 2 2 2 2 2 2 2 2 2 2 2 2 2 2 2 2 2 2 2 2 2 2 2 2 2 2 2 2 2 2 2 2 2 2 2 2 2 2 2 2 2 2 2 2 2 2 2 2 2 2 2 2 2 2 2 2 2 2 2 2 2
left_child=2 5 3 7 11 12 14 25 19 24 26 27 21 16 44 61 35 59 49 32 41 31 40 34 46 -1 -8 52 47 -11 -16 -2 -6 42 -12 -7 -30 -26 50 -33 -15 -13 -18 -23 58 -32 -5 -17 -39 -9 57 -21 -3 -36 -35 -54 -29 -28 -4 -10 -31 -14 -37
right_child=1 4 6 9 8 13 10 18 17 29 23 20 15 22 30 28 33 -19 -20 51 -22 43 -24 -25 37 -27 38 56 36 60 45 39 -34 54 53 62 -38 48 -40 -41 -42 -43 -44 -45 -46 -47 -48 -49 -50 -51 -52 -53 55 -55 -56 -57 -58 -59 -60 -61 -62 -63 -64
leaf_value=-0.47758537961420217 0.062416913790519835 0.32103225798938695 -0.12399120081209308 -0.20701962104562469 0.42763088793975829 0.24587101953364152 0.01585910795964713 -0.34203310271397103 0.55453991615335363 -0.17993576202343417 0.077197788451117882 0.33698363706647838 0.14008467120547438 0.28682449191224341 -0.023674302432918366 0.03704174866093591 0.1166264467384715 0.62309175763593494 -0.27778261691409678 0.38391203781550759 0.30546801360511389 0.023462222355990232 0.19237011997200842 -0.01302011868021828 -0.16372523595625874 -0.39459337294986335 -0.056818607775128996 0.22860489195530978 0.092016758175569424 -0.15778542604388668 -0.080845937309547602 0.14980603018722963 0.49420100268405964 0.14952645206035345 0.0054152762466243148 0.17436152025599835 0.12668425735947275 -0.22955380266519501 -0.029615124063739274 0.079231233344409541 0.23379017907507041 0.37725298841531174 0.15324210656626328 0.057028184632845813 -0.13971050081808598 -0.10795812836091621 -0.25375302495412261 0.082474629797013727 -0.20682028360588003 -0.30773144820065401 -0.073431339041013829 0.43450163755936366 0.26064242736182075 0.03105589721979899 0.18110629428385389 0.29382317415477055 0.26277153144565063 -0.031783082200157138 -0.10050346137750917 0.49999931369181638 -0.12556997697142463 0.17973921381318547 0.20981800165153205
leaf_weight=23 74 26 181 25 39 28 28 59 21 322 23 61 40 26 21 30 62 25 180 70 83 98 83 135 26 64 172 56 135 180 171 23 32 55 109 57 103 144 133 22 79 77 94 76 132 102 126 78 191 84 89 20 57 118 99 69 61 74 87 26 33 33 37
leaf_count=23 74 26 181 25 39 28 28 59 21 322 23 61 40 26 21 30 62 25 180 70 83 98 83 135 26 64 172 56 135 180 171 23 32 55 109 57 103 144 133 22 79 77 94 76 132 102 126 78 191 84 89 20 57 118 99 69 61 74 87 26 33 33 37
internal_value=0.000255475 0.209688 -0.141691 -0.231128 0.353536 0.131605 -0.0589541 -0.322648 0.464854 -0.195286 -0.0202982 0.300594 0.0856814 0.18434 -0.108024 0.106343 0.167567 0.558817 -0.29733 0.422799 0.339213 0.05613 0.22287 0.0111015 -0.222606 -0.416592 -0.0446718 0.268852 0.0954305 -0.169137 -0.0861762 0.0824417 0.457707 0.154178 0.0241292 0.20157 0.107027 -0.212798 -0.0482946 0.115339 0.246953 0.359482 0.138701 0.0381285 -0.124078 -0.0909812 -0.246033 0.0698636 -0.2166 -0.32191 -0.0557081 0.395207 0.28608 0.0187469 0.169841 0.278839 0.246443 -0.0492912 -0.116372 0.524492 -0.152803 0.15804 0.188344
internal_weight=5087 2055 3032 1457 723 1332 1575 410 233 1047 881 490 712 620 694 419 432 72 323 161 221 293 188 385 512 87 496 269 346 535 294 119 71 310 250 122 238 361 468 45 105 138 156 174 400 273 151 108 335 143 335 90 152 227 154 126 117 246 268 47 213 73 94
internal_count=5087 2055 3032 1457 723 1332 1575 410 233 1047 881 490 712 620 694 419 432 72 323 161 221 293 188 385 512 87 496 269 346 535 294 119 71 310 250 122 238 361 468 45 105 138 156 174 400 273 151 108 335 143 335 90 152 227 154 126 117 246 268 47 213 73 94
is_linear=0
shrinkage=0.05


Tree=11
num_leaves=64
num_cat=0
split_feature=28 28 28 28 28 1 28 1 28 28 1 1 28 28 1 28 1 28 1 28 47 15 28 1 12 1 1 28 1 1 28 28 28 15 47 13 0 1 61 28 1 28 28 1 64 30 28 12 1 13 54 43 4 28 69 28 13 1 17 28 24 1 28
split_gain=54594.5 8333 8102.29 1619.53 1485.54 1222.29 1206.43 365.93 351.483 298.324 260.759 255.815 200.828 149.061 140.65 72.2923 67.2728 66.0414 64.0196 58.3206 53.0798 53.0109 52.8318 49.6453 45.5559 42.8417 42.1797 41.3078 41.1096 40.1996 33.1705 30.2465 25.2124 24.1042 23.8238 23.2826 21.2025 21.051 20.9898 21.4891 20.8798 20.7673 19.9831 19.235 18.978 18.6852 17.8419 17.7571 15.9087 15.7733 15.5747 13.649 12.5778 12.5061 12.325 11.8985 11.7457 11.601 11.4518 11.2834 10.4315 10.3149 9.80112
threshold=12.731770833333302 19.939322916666654 6.6921875000000002 2.9731770833333355 24.464583333333355 14.585416666666651 9.3528645833333375 27.033333333333303 -0.40651041666666649 15.278385416666653 9.7455729166666671 3.7359375000000008 21.845052083333353 17.877343750000005 6.1750000000000007 10.618229166666703 11.570572916666652 4.5432565789473704 0.79318804824561406 26.731250000000003 -0.5 20.228645833333356 16.544010416666655 19.807812500000001 29.857291666666701 16.105468750000004 13.790885416666702 -2.7153645833333298 9.0976562500000018 8.2739583333333364 1.4484375000000003 5.3388020833333307 8.2502604166666718 15.455468750000003 -0.70710678118654735 14.795572916666652 9.791042833333341 5.7682291666666705 51.270234305435828 15.369270833333351 1.5979166666666702 13.966145833333352 16.047135416666702 4.3848958333333359 4.1197966511538588 15.840364583333303 11.237500000000002 22.381510416666654 20.000000000000004 19.646614583333303 0.00045118309405660367 1010.4229375000001 -2.4208333333378944e-05 11.872656250000002 1008.6325020974774 18.595052083333353 10.773697916666652 18.700260416666655 17.835416666666706 7.8466145833333307 54.719052333333302 11.308072916666651 5.3388020833333307
decision_type=2 2 2 2 2 2 2 2 2 2 2 2 2 2 2 2 2 2 2 2 2 2 2 2 2 2 2 2 2 2 2 2 2 2 2 2 2 2 2 2 2 2 2 2 2 2 2 2 2 2 2 2 2 2 2 2 2 2 2 2 2 2 2
left_child=2 5 3 8 12 9 14 19 27 16 15 17 23 25 43 37 33 40 30 34 -15 47 35 49 -9 42 46 -1 32 31 -10 -13 -16 41 -6 -11 55 -8 -27 -40 -5 -2 54 60 -30 -22 -12 -14 -41 -3 -20 -25 -29 -17 -7 -24 -55 -51 -23 -45 -4 -48 -19
right_child=1 4 6 11 7 13 10 24 18 22 26 29 21 20 28 53 -18 62 50 -21 45 58 36 51 -26 38 -28 52 44 -31 -32 -33 -34 -35 -36 -37 -38 -39 39 48 -42 -43 -44 59 -46 -47 61 -49 -50 57 -52 -53 -54 56 -56 -57 -58 -59 -60 -61 -62 -63 -64
leaf_value=-0.45371649264253161 0.036691639889451171 0.2510904995942807 -0.13510991369674882 -0.24482219284244319 0.35498759352024956 0.096107303746154046 -0.10145347335347531 0.50899592450374065 -0.3201509024845835 0.1139584046974397 -0.010711682584007693 -0.18423678064940541 0.33063426119672434 0.17992805710538159 -0.1066110332562563 -0.027111605356250582 0.078645436768599059 -0.20206256057213592 -0.26095691460426979 0.44651542333405853 0.25845426182321829 0.26812684571319761 0.14488060934697553 0.26383732837519569 0.59626523724499969 0.21721388456776525 0.064143097750382613 -0.39688035054338305 -0.073148709001818399 -0.10546855225712204 -0.28051288006729491 -0.15536790309529686 -0.080578132459230262 0.016108594434238933 0.40170947938701485 0.073011543120823405 0.10636086492759877 -0.052642569869605055 0.13268231477422521 0.16867055714005322 -0.21700066067406915 0.074191804556215532 0.15528288837489401 -0.13186661987928028 -0.014131856301292234 0.21736369608678016 0.010882289366296777 0.3717904563416391 0.21607647816650971 0.19515888257692304 -0.21465639999537403 0.30359259867434368 -0.35129644491717876 0.012077932754740313 0.13865497007269501 0.18457398567533354 -0.032178611218631407 0.24308285230599258 0.30616214737692715 -0.10972689881799963 -0.1743135228947198 0.037128654494805624 -0.18203938269177766
leaf_weight=23 99 110 36 114 49 32 24 43 96 127 80 134 80 99 174 178 212 137 82 51 36 29 94 39 24 26 40 33 30 31 121 286 201 74 66 48 31 282 33 81 171 59 85 164 25 128 159 41 23 28 24 52 31 47 37 24 22 24 71 90 33 49 115
leaf_count=23 99 110 36 114 49 32 24 43 96 127 80 134 80 99 174 178 212 137 82 51 36 29 94 39 24 26 40 33 30 31 121 286 201 74 66 48 31 282 33 81 171 59 85 164 25 128 159 41 23 28 24 52 31 47 37 24 22 24 71 90 33 49 115
internal_value=0.000243247 0.199206 -0.134608 -0.222973 0.338233 0.126286 -0.0590041 0.44162 -0.306518 0.0849077 -0.0192834 -0.1883 0.287402 0.181074 -0.105475 -0.040233 0.058283 -0.211623 -0.282465 0.401738 0.208917 0.322255 0.121389 0.256944 0.540348 0.157967 0.0160358 -0.395768 -0.0867387 -0.160524 -0.298065 -0.164584 -0.0926613 0.0396711 0.381839 0.102735 0.143286 -0.0564757 0.17586 0.167993 -0.228139 0.0507018 0.139014 -0.130413 -0.0463394 0.226402 0.00935046 0.344613 0.179179 0.240271 -0.2505 0.286591 -0.374867 -0.0201069 0.118947 0.152973 -0.00202822 0.21733 0.295165 -0.124028 -0.153889 0.0170692 -0.192935
internal_weight=5087 2055 3032 1398 707 1348 1634 233 410 768 881 988 474 580 753 553 444 537 323 166 263 221 324 253 67 317 328 87 430 451 217 420 375 232 115 175 149 306 163 137 285 158 154 323 55 164 288 121 104 162 106 91 64 247 69 118 69 52 100 254 69 208 252
internal_count=5087 2055 3032 1398 707 1348 1634 233 410 768 881 988 474 580 753 553 444 537 323 166 263 221 324 253 67 317 328 87 430 451 217 420 375 232 115 175 149 306 163 137 285 158 154 323 55 164 288 121 104 162 106 91 64 247 69 118 69 52 100 254 69 208 252
is_linear=0
shrinkage=0.05


Tree=12
num_leaves=64
num_cat=0
split_feature=28 28 28 28 28 1 28 1 28 1 28 1 28 28 1 1 28 28 1 1 28 44 1 1 30 1 1 1 1 28 28 28 28 15 14 28 28 14 1 28 0 28 1 1 14 48 50 28 14 28 28 28 44 70 14 1 28 28 61 28 28 54 57
split_gain=49272.5 7523.22 7312.7 1556.32 1387.11 1062.89 972.54 331.161 317.241 267.582 266.322 235.34 194.882 124.636 103.124 72.2424 65.8299 65.2439 57.7698 56.5361 53.8223 49.8695 45.0411 43.7215 40.3675 38.2858 37.7412 36.2018 33.7637 33.4009 29.9316 27.5866 27.3729 23.0986 21.3201 21.0245 20.8438 28.8765 18.9991 18.8163 18.236 16.7841 16.5263 15.3022 15.2818 14.4413 14.4392 14.1932 14.0449 13.7016 13.4056 13.0931 12.6054 12.5596 11.6005 10.9705 10.4938 10.132 9.76478 9.65042 9.50946 9.35407 8.75917
threshold=12.731770833333302 19.792447916666703 6.9041666666666659 2.9731770833333355 24.464583333333355 14.585416666666651 9.3528645833333375 25.660416666666702 -0.40651041666666649 3.8353901836158157 15.090885416666652 9.7455729166666671 21.845052083333353 18.210156250000004 6.8111979166666661 28.735156250000003 4.3916666666666666 10.618229166666703 0.79318804824561406 11.570572916666652 16.544010416666655 15.500000000000002 16.105468750000004 19.807812500000001 17.234635416666652 13.001302083333302 -3.1486979166666647 8.2739583333333364 11.66171875 5.8763020833333366 1.4484375000000003 26.731250000000003 7.7708333333333366 15.455468750000003 15.038281250000002 16.047135416666702 15.640104166666651 13.001302083333302 5.7682291666666705 22.984895833333304 9.791042833333341 13.966145833333352 1.5979166666666702 4.6635416666666663 20.498437500000005 -0.37940952255126015 0.80898702767051955 8.4968750000000011 17.696875000000002 11.408072916666653 11.6265625 5.3388020833333307 15.500000000000002 5.040152722816698 9.0976562500000018 12.060677083333351 29.305989583333353 11.872656250000002 55.441564219283869 17.455468750000005 20.725520833333352 0.00083071684530291892 15.3421130952381
decision_type=2 2 2 2 2 2 2 2 2 2 2 2 2 2 2 2 2 2 2 2 2 2 2 2 2 2 2 2 2 2 2 2 2 2 2 2 2 2 2 2 2 2 2 2 2 2 2 2 2 2 2 2 2 2 2 2 2 2 2 2 2 2 2
left_child=2 5 3 8 12 10 14 31 26 16 19 17 23 22 32 56 42 38 30 33 34 39 35 44 58 49 -1 29 47 -11 -10 45 43 41 -12 53 61 -38 -8 -14 59 -2 -5 -4 60 -6 -20 -16 -25 -13 -27 -18 -26 -7 -19 -36 -9 -56 -15 -22 -3 -24 -37
right_child=1 4 6 9 7 13 11 15 18 27 20 25 21 24 28 -17 51 54 46 -21 40 -23 36 48 52 50 -28 -29 -30 -31 -32 -33 -34 -35 55 62 37 -39 -40 -41 -42 -43 -44 -45 -46 -47 -48 -49 -50 -51 -52 -53 -54 -55 57 -57 -58 -59 -60 -61 -62 -63 -64
leaf_value=-0.41368119466370645 0.034857242907126634 0.22522642508006038 -0.15226688248726164 -0.23395659776692482 0.37211418389503892 0.13120918980660187 -0.09638291143566706 0.43586403682140074 -0.3041450254148077 -0.16766774697714337 0.10676267759053762 -0.0079803907130865069 0.30357046744761323 0.26717019340862097 -0.09030628706686912 0.54293107907791727 -0.19309113805035946 -0.0015129474656907806 -0.21193643188979752 0.07289731211535308 0.13020645749904658 0.2753531853788776 0.12535341772022879 0.30250535634745129 0.20197996931560969 0.025741847032864626 -0.34666560347579839 -0.098537007651538097 -0.016478205816427657 -0.14041140025639109 -0.26648839409612796 0.41034096877020954 -0.10081581344943874 0.012081168958173107 0.044285242567919533 0.15950158742484255 0.22034836494021826 0.16689540477639767 -0.050010534938358657 0.34128474733486158 0.10104453694778118 0.07019035669138235 -0.20783955179163491 -0.11930682179574222 0.20268329741824742 0.33308008049047466 -0.25133030309351562 -0.06708172163658141 0.25831992886399169 0.015719040652558063 0.078646764541174516 -0.17195774329359595 0.17284579181684767 0.087833578499873236 -0.033599565564094901 0.087155868513199994 0.48291305027253167 -0.0076674794278855443 0.22242536686406844 0.15914230288549217 0.2535976175840311 0.1682911529372032 0.12838298899893827
leaf_weight=38 99 76 46 106 65 40 24 34 96 208 140 90 61 20 144 40 178 68 36 193 60 83 31 25 82 21 49 33 23 247 121 33 204 70 23 67 34 101 282 77 31 51 147 155 46 40 70 122 71 189 28 128 70 29 125 43 21 54 34 57 51 22 35
leaf_count=38 99 76 46 106 65 40 24 34 96 208 140 90 61 20 144 40 178 68 36 193 60 83 31 25 82 21 49 33 23 247 121 33 204 70 23 67 34 101 282 77 31 51 147 155 46 40 70 122 71 189 28 128 70 29 125 43 21 54 34 57 51 22 35
internal_value=0.000231419 0.189248 -0.127878 -0.208612 0.319099 0.118763 -0.0531922 0.419544 -0.291195 -0.17627 0.0804253 -0.0183193 0.271328 0.170803 -0.0974601 0.491458 -0.199893 -0.0382216 -0.268344 0.0531436 0.11225 0.306146 0.152997 0.242712 0.201823 0.0152342 -0.375987 -0.149205 -0.0746334 -0.152876 -0.283163 0.370002 -0.113745 0.0358094 0.0957061 0.134391 0.169911 0.180377 -0.0536522 0.324641 0.135266 0.0468777 -0.218793 -0.12686 0.227628 0.357282 -0.237977 -0.0796592 0.269862 0.00807226 0.0559933 -0.184259 0.188578 0.113001 -0.0191016 0.0722327 0.453922 -0.0257801 0.239053 0.14432 0.236643 0.143214 0.148842
internal_weight=5087 2055 3032 1457 723 1332 1575 233 410 1047 767 881 490 565 694 95 559 553 323 413 354 221 359 269 206 328 87 488 289 455 217 138 405 220 206 171 188 135 306 138 148 150 253 201 173 105 106 266 96 279 49 306 152 69 247 66 55 179 54 117 127 53 102
internal_count=5087 2055 3032 1457 723 1332 1575 233 410 1047 767 881 490 565 694 95 559 553 323 413 354 221 359 269 206 328 87 488 289 455 217 138 405 220 206 171 188 135 306 138 148 150 253 201 173 105 106 266 96 279 49 306 152 69 247 66 55 179 54 117 127 53 102
is_linear=0
shrinkage=0.05


Tree=13
num_leaves=64
num_cat=0
split_feature=28 28 28 28 28 28 1 1 28 28 1 1 28 1 28 1 1 1 28 1 1 28 44 1 1 12 1 28 28 28 61 65 28 28 28 14 28 28 14 64 28 28 1 14 61 14 20 14 14 1 50 69 64 28 13 4 1 28 28 1 14 1 13
split_gain=44469.3 6789.87 6604.37 1256.44 1251.92 1056.09 959.293 299.765 286.32 240.361 213.349 185.589 176.534 126.397 114.113 62.2897 52.8371 51.0219 48.5747 47.4253 46.9544 45.0754 42.996 42.609 40.0328 38.5085 36.083 34.9817 32.1046 31.487 27.8893 26.6102 25.3692 24.9975 21.3123 21.2643 19.688 19.6261 19.2384 19.0808 17.2331 16.4508 15.8809 14.8201 14.6862 14.5333 13.749 13.7402 13.569 13.5521 12.4989 12.2582 12.1596 11.7242 11.5779 10.9706 10.7691 10.5226 10.0066 9.89949 9.81051 9.11287 8.94127
threshold=12.731770833333302 19.792447916666703 6.5507812500000009 2.9731770833333355 24.464583333333355 9.3528645833333375 14.585416666666651 27.033333333333303 -0.40651041666666649 15.090885416666652 9.3729166666666668 3.0111979166666654 22.095833333333353 6.1750000000000007 17.001822916666654 18.137500000000003 1.2331832627118653 11.570572916666652 16.544010416666655 23.929166666666656 5.0351562500000009 10.618229166666703 15.500000000000002 13.001302083333302 18.700260416666655 29.857291666666701 8.5161458333333382 -2.7153645833333298 4.2244791666666659 1.0158854166666702 51.300024703813143 9.196861049107147 11.237500000000002 15.278385416666653 8.2502604166666718 13.880729166666653 13.966145833333352 5.2158854166666657 15.038281250000002 4.1197966511538588 18.708333333333353 7.3705729166666663 5.7682291666666705 18.908333333333356 51.852260529790016 17.586718750000003 55.386919208333303 16.812500000000004 12.350260416666652 23.193489583333356 0.80898702767051955 1008.5625951705427 4.1970039795857668 26.731250000000003 25.088894774011305 -2.4208333333378944e-05 3.4195312500000004 20.725520833333352 17.692968750000002 12.060677083333351 9.6473958333333361 1.3570312500000001 15.589583333333353
decision_type=2 2 2 2 2 2 2 2 2 2 2 2 2 2 2 2 2 2 2 2 2 2 2 2 2 2 2 2 2 2 2 2 2 2 2 2 2 2 2 2 2 2 2 2 2 2 2 2 2 2 2 2 2 2 2 2 2 2 2 2 2 2 2
left_child=2 6 3 8 12 13 9 19 27 17 21 28 24 41 30 40 29 35 38 54 37 42 49 32 43 -9 34 -1 61 -10 -8 -22 -12 51 -15 36 -2 -13 -11 -28 62 56 -7 -3 -17 -26 -20 -42 -35 -14 -18 -32 -25 -21 -6 -29 -4 -45 -48 -40 -23 -5 -16
right_child=1 4 5 11 7 10 14 25 16 18 23 20 22 26 15 44 50 -19 46 53 31 60 -24 52 45 -27 39 55 -30 -31 33 -33 -34 48 -36 -37 -38 -39 59 -41 47 -43 -44 57 -46 -47 58 -49 -50 -51 -52 -53 -54 -55 -56 -57 -58 -59 -60 -61 -62 -63 -64
leaf_value=-0.41051107453864744 0.02993360631746177 0.23191702508410736 -0.1637074545415908 -0.22629085093894841 0.34991892132221469 -0.091565775074396769 0.17367440753763036 0.45911608808846066 -0.29581809372713314 0.10142492520786613 -0.015347506344744417 -0.17655926420849338 0.30334481818304437 -0.09833444013012449 0.17980622959229223 0.24541754414766143 -0.19288972874957722 0.069252635026020096 0.10915689941896219 0.37182124994985905 -0.14037014661354164 -0.0089124329919897816 0.2638287876974883 0.023149698823206367 0.27858484335214362 0.53932914082480687 -0.066748528889904776 -0.35849621965465533 -0.18455723322222792 -0.2553809965663813 0.074687832931552442 -0.084828487654677973 0.013026244536749949 0.17137725710731339 -0.07379173951706211 0.0010307456213320772 0.065336597484671813 -0.15338038247389807 0.042071943779980706 -0.016435343047532695 0.21803462519422545 -0.1084142921364024 -0.04902258876657116 0.17717128119511208 0.20096302781931646 0.24118957175676706 0.12858623216756482 0.17139337442220623 0.13001577228311151 0.34466268234370262 -0.23438251466236212 0.11888747832173581 0.073883908841166981 0.41514061085881881 0.30840323053200008 -0.31597737570956075 -0.12533557425535435 0.2161196788035222 0.16380183063219222 0.082799087894763868 -0.031438156487788423 -0.20364538474646468 0.14957044840559072
leaf_weight=23 122 49 21 81 76 24 36 43 68 140 119 166 99 174 31 24 28 193 57 31 162 87 75 20 33 24 54 33 200 172 27 25 233 26 181 40 58 207 23 29 22 182 260 37 89 137 60 59 87 26 55 38 29 36 23 31 154 34 31 43 109 105 126
leaf_count=23 122 49 21 81 76 24 36 43 68 140 119 166 99 174 31 24 28 193 57 31 162 87 75 20 33 24 54 33 200 172 27 25 233 26 181 40 58 207 23 29 22 182 260 37 89 137 60 59 87 26 55 38 29 36 23 31 154 34 31 43 109 105 126
internal_value=0.000220304 0.179788 -0.121485 -0.203525 0.303148 -0.0551077 0.112826 0.398573 -0.276638 0.0764049 -0.0174034 -0.171835 0.257765 -0.0968894 0.162266 0.17982 -0.254928 0.0504868 0.106639 0.362476 -0.153437 -0.0398927 0.293934 0.00951556 0.232809 0.487933 -0.0788831 -0.357192 -0.198521 -0.266852 0.133463 -0.132952 0.0034324 0.125318 -0.085825 0.0340194 0.041347 -0.163702 0.0909216 -0.0491793 0.165277 -0.118977 -0.0526226 0.210604 0.21043 0.248468 0.128505 0.184093 0.139551 0.31197 -0.220416 0.10055 0.0531952 0.395163 0.340311 -0.337962 -0.129952 0.195857 0.140605 0.0686224 -0.021443 -0.213521 0.155555
internal_weight=5087 2055 3032 1356 723 1676 1332 233 410 767 881 946 490 795 565 351 323 413 354 166 560 480 200 401 290 67 438 87 386 240 214 187 352 178 355 220 180 373 206 83 238 357 284 120 113 170 148 81 113 125 83 65 49 67 99 64 175 71 91 66 196 186 157
internal_count=5087 2055 3032 1356 723 1676 1332 233 410 767 881 946 490 795 565 351 323 413 354 166 560 480 200 401 290 67 438 87 386 240 214 187 352 178 355 220 180 373 206 83 238 357 284 120 113 170 148 81 113 125 83 65 49 67 99 64 175 71 91 66 196 186 157
is_linear=0
shrinkage=0.05


Tree=14
num_leaves=64
num_cat=0
split_feature=28 28 28 28 28 28 28 28 28 1 1 1 1 1 1 1 1 28 1 1 28 1 28 28 1 1 1 28 28 1 28 12 28 8 1 13 28 28 13 1 66 1 64 15 44 28 28 28 1 30 51 24 13 15 66 15 1 50 53 1 28 21 2
split_gain=40134.4 6130.09 5960.83 1189.65 1097 899.863 885.555 268.5 258.425 194.098 188.81 170.155 166.872 148.071 104.997 66.6137 54.6529 49.5313 48.5682 43.7226 41.3598 39.7109 37.5568 34.0806 31.8911 31.1613 31.0155 27.2682 25.4177 24.4696 23.5499 21.8825 21.8007 21.497 21.3772 20.4038 18.882 17.0003 16.6484 16.4765 16.3367 15.3622 15.0371 14.6792 13.9798 13.9116 13.2751 13.0008 12.946 12.6714 12.2771 10.9998 10.6023 10.4628 10.342 10.239 9.94782 9.60962 9.224 9.18622 9.10643 8.7419 8.66883
threshold=12.731770833333302 19.939322916666654 6.6921875000000002 2.9731770833333355 25.647135416666654 16.181770833333356 9.3528645833333375 22.742708333333304 -0.40651041666666649 9.1583333333333368 3.7359375000000008 11.835416666666701 16.944010416666654 27.747656250000002 6.1750000000000007 15.373958333333352 20.721093750000005 4.5432565789473704 -0.71718749999999987 11.244270833333301 18.340104166666702 22.074218750000004 13.966145833333352 10.618229166666703 -3.7072916666666695 8.2739583333333364 9.0976562500000018 28.361979166666703 11.300781250000002 14.585416666666651 5.3388020833333307 29.857291666666701 20.725520833333352 -0.00049224999999994987 2.5549479166666704 13.001302083333302 8.2502604166666718 15.014583333333352 14.795572916666652 2.2130208333333354 4.9509754953811802 4.4718750000000007 4.1197966511538588 17.927083333333353 15.500000000000002 18.340104166666702 11.6265625 1.7106770833333302 5.7682291666666705 15.559375000000001 6.1107638888912568e-05 54.719052333333302 18.698437500000001 13.936197916666702 3.5820475180901563 -2.1932291666666694 20.300520833333355 -0.87792756428346708 0.00036106830879282343 13.101302083333351 15.369270833333351 57.029744833333361 61.452988833333357
decision_type=2 2 2 2 2 2 2 2 2 2 2 2 2 2 2 2 2 2 2 2 2 2 2 2 2 2 2 2 2 2 2 2 2 2 2 2 2 2 2 2 2 2 2 2 2 2 2 2 2 2 2 2 2 2 2 2 2 2 2 2 2 2 2
left_child=2 5 3 8 7 11 14 16 24 23 17 22 20 27 41 37 32 39 -10 28 29 50 49 48 -1 30 36 44 -11 38 -12 -15 52 -14 47 60 -16 58 -7 -5 46 51 -28 -22 -6 -35 -21 -20 -8 -2 -9 -4 -3 -47 -18 -26 62 -23 -13 -40 -24 -34 -17
right_child=1 4 6 10 13 12 9 21 18 19 25 15 33 31 26 56 54 -19 34 40 43 57 35 -25 55 -27 42 -29 -30 -31 -32 -33 61 45 -36 -37 -38 -39 59 -41 -42 -43 -44 -45 -46 53 -48 -49 -50 -51 -52 -53 -54 -55 -56 -57 -58 -59 -60 -61 -62 -63 -64
leaf_value=-0.37934386069534054 0.031633448760063694 0.21385459157411812 -0.11380376303317973 -0.2057780096709157 0.37738683415051899 0.12441186352052552 -0.086989391641982244 0.26474681234302205 -0.27208846964049921 -0.020128776121157231 -0.15854058594643541 0.064248224195180531 0.22107185390365031 0.44624409276179222 -0.091407245260895997 0.1365137142769165 0.23009667151096994 -0.16533942171507549 -0.25387486119320107 0.0026720456032248391 0.18041826591824403 0.29889054179237423 0.064607375269781053 -0.023031596214099018 -0.2942056951076803 -0.089150863470703667 -0.06296095345783774 0.41396126462771377 0.0081888820010521876 0.13830069927715136 -0.13306686737554807 0.51237389573649739 0.21782277524098795 0.16306989906869615 -0.19332556493688879 0.032093232763597143 -0.068876331616047587 0.092801524502163904 0.066619012632354105 -0.18110237663470707 0.069613661021577025 -0.10574914637373289 -0.010427392049447173 0.1432917941356345 0.33196227298838643 0.20975870333944685 0.039154914766417047 -0.22634199074550693 -0.048412739303395111 -0.0044539249884768435 0.29639281709608628 -0.15167081033610796 0.17933103108617346 0.17764347709802075 0.27159988292028792 -0.33844534133549575 0.15863239375547669 0.33579277875946789 0.098410491454295632 0.10464374787408692 0.10215747240839573 0.24241013886323068 0.10293684377230775
leaf_weight=32 128 47 42 170 37 89 24 58 96 133 134 145 38 29 174 37 20 252 68 45 47 26 86 167 28 31 30 29 196 145 286 24 88 76 35 47 201 135 24 115 23 245 25 63 34 45 56 124 237 30 70 36 44 61 70 27 20 66 23 48 20 65 41
leaf_count=32 128 47 42 170 37 89 24 58 96 133 134 145 38 29 174 37 20 252 68 45 47 26 86 167 28 31 30 29 196 145 286 24 88 76 35 47 201 135 24 115 23 245 25 63 34 45 56 124 237 30 70 36 44 61 70 27 20 66 23 48 20 65 41
internal_value=0.000209653 0.1708 -0.115412 -0.191205 0.290043 0.108258 -0.0505643 0.2573 -0.262809 -0.0165333 -0.161488 0.0696447 0.151482 0.408573 -0.0903786 0.0911716 0.229025 -0.181526 -0.242184 0.00627783 0.132846 0.300212 0.0418845 -0.0406776 -0.339339 -0.137625 -0.0741898 0.372634 -0.00325743 0.123375 -0.141199 0.47629 0.216699 0.186713 -0.229523 0.0595435 -0.0793342 0.0795723 0.109921 -0.19583 0.0315793 -0.111926 -0.0390974 0.159174 0.355691 0.179524 0.022907 -0.236109 -0.0519651 0.0247784 0.282079 -0.131304 0.197189 0.191301 0.262409 -0.31599 0.127018 0.325403 0.0689338 0.0919868 0.071706 0.228287 0.118886
internal_weight=5087 2055 3032 1398 707 1348 1634 554 410 881 988 712 636 153 753 401 334 537 323 453 416 220 311 428 87 451 430 100 329 306 420 53 244 220 227 153 375 303 161 285 124 323 55 110 71 182 101 192 261 158 128 78 91 106 90 55 98 92 168 72 106 153 78
internal_count=5087 2055 3032 1398 707 1348 1634 554 410 881 988 712 636 153 753 401 334 537 323 453 416 220 311 428 87 451 430 100 329 306 420 53 244 220 227 153 375 303 161 285 124 323 55 110 71 182 101 192 261 158 128 78 91 106 90 55 98 92 168 72 106 153 78
is_linear=0
shrinkage=0.05


Tree=15
num_leaves=64
num_cat=0
split_feature=28 28 28 28 28 1 28 28 28 1 28 1 28 1 1 1 28 1 28 1 28 1 1 1 61 28 1 1 28 62 54 1 0 57 22 1 64 1 2 28 13 1 28 28 28 1 49 28 28 66 16 28 13 1 8 62 28 28 8 28 1 41 13
split_gain=36954.5 5921.55 5044.87 1259.25 908.763 800.598 741.231 288.826 209.633 183.084 168.828 145.61 128.754 95.7971 94.6658 60.5315 54.4896 45.9148 43.5516 43.4481 37.8237 35.0221 29.5682 29.0369 27.957 29.164 27.706 26.6031 25.2555 23.7483 22.1826 21.5061 20.8862 19.42 19.1611 19.0002 18.655 17.6648 17.0367 16.7384 14.8211 13.7055 13.5952 13.2515 12.4356 12.3049 12.1616 12.0372 11.818 11.6288 10.9892 10.7411 10.6703 10.5071 9.492 9.47335 9.33523 9.2461 9.20559 9.14414 9.12567 9.05753 8.88098
threshold=13.286197916666701 7.2278645833333313 20.725520833333352 3.6458333333333353 26.731250000000003 15.045052083333351 9.9643229166666725 1.0158854166666702 23.631250000000005 4.2330729166666705 15.369270833333351 10.112760416666701 18.210156250000004 7.2796875000000005 28.735156250000003 20.721093750000005 -1.7078124999999997 17.703906250000003 11.153906250000002 1.1161458333333303 17.234635416666652 2.3932291666666656 5.7682291666666705 11.940625000000002 51.300024703813143 15.751041666666652 23.929166666666656 12.232031250000002 8.6945312500000025 9.9602506233567869 0.00076258401338535886 25.660416666666702 8.7472178333333428 8.3036064928845139 50.613855083333313 18.137500000000003 3.3348614991926593 31.308854166666652 67.116494375000016 5.2835937500000005 11.483333333333352 8.0195312500000018 2.0191649011299453 6.1552083333333352 21.845052083333353 -1.2981770833333297 -0.58429276287313725 12.172135416666652 5.3388020833333307 4.8513706537888401 8.0369791666666721 19.105729166666652 18.698437500000001 5.9450520833333362 -0.00041570833333324993 9.2159157672784655 11.990104166666702 19.105729166666652 -0.00012033333333324999 11.714322916666651 10.455208333333351 1015.5754875000001 7.4229166666666666
decision_type=2 2 2 2 2 2 2 2 2 2 2 2 2 2 2 2 2 2 2 2 2 2 2 2 2 2 2 2 2 2 2 2 2 2 2 2 2 2 2 2 2 2 2 2 2 2 2 2 2 2 2 2 2 2 2 2 2 2 2 2 2 2 2
left_child=1 3 5 7 8 10 13 16 15 21 23 18 24 28 31 44 -1 52 41 42 34 -5 43 38 -7 61 50 56 53 -21 46 -6 51 -15 -12 -27 -19 -16 -2 -23 47 -8 -9 -11 -4 -18 -24 -20 -48 -38 -10 -22 57 -3 -29 -52 -13 -14 -17 -56 -35 -26 -30
right_child=2 6 4 9 14 12 11 19 26 22 20 27 17 33 37 58 45 36 40 29 32 39 30 -25 25 35 -28 54 62 -31 -32 -33 -34 60 -36 -37 49 -39 -40 -41 -42 -43 -44 -45 -46 -47 48 -49 -50 -51 55 -53 -54 -55 59 -57 -58 -59 -60 -61 -62 -63 -64
leaf_value=-0.34112701740183859 0.025160347795057682 -0.10548504290101345 0.21042537281333551 -0.1779168288615845 0.34752821120480393 0.17600807935205739 -0.049057693276950115 -0.24362688381152858 0.31953567233690788 -0.13766266294631177 0.07167263579669278 0.0037012046115057306 0.15723129506842437 -0.056668710708019758 0.4461991176658609 0.27838993919103505 -0.28513671671868812 0.18114224049810124 -0.0095642265501629294 -0.19885824621315651 0.13056832359636367 -0.16198290464400125 -0.0731065596538088 0.071977537827710367 0.085581943516067863 0.1310676529286344 0.34237288313393155 0.077522163719331502 -0.056346621511323393 -0.14050164648081767 -0.056801800008884254 0.4042815110546249 0.090554696927960976 -0.038897039904306763 0.10320274697128012 0.16705171076182501 0.20004741623200487 0.51114976493076703 0.056942080970551257 -0.14013924752237628 -0.039468631545358873 -0.025031196185761759 -0.21615308689556245 -0.1170797872597592 0.23592906368278588 -0.25184040871145447 -0.14961222048772624 0.014110011748764084 -0.10854640991105098 0.23588519527862639 0.30243291749367945 0.17060074111863949 0.14060240064851162 -0.086569887246413138 0.011492416728427565 0.26978168168344646 0.024658297509624321 0.18625494171371418 0.24720077222181447 0.05330145765498763 0.0011392769118950927 0.1212095107644242 -0.081017173780835838
leaf_weight=40 76 128 110 199 28 39 88 75 36 173 66 92 62 249 25 74 86 75 127 146 74 187 20 171 36 134 43 22 70 20 23 45 28 44 181 51 57 20 95 168 26 183 119 145 88 43 21 93 111 39 47 22 42 175 20 46 126 51 37 38 21 36 77
leaf_count=40 76 128 110 199 28 39 88 75 36 173 66 92 62 249 25 74 86 75 127 146 74 187 20 171 36 134 43 22 70 20 23 45 28 44 181 51 57 20 95 168 26 183 119 145 88 43 21 93 111 39 47 22 42 175 20 46 126 51 37 38 21 36 77
internal_value=0.000922113 -0.104569 0.173013 -0.173133 0.29357 0.118918 -0.0361335 -0.236013 0.263053 -0.141361 0.0827498 -0.00296442 0.160375 -0.0715157 0.417931 0.238397 -0.289958 0.182062 -0.0190102 -0.21068 0.106112 -0.16109 -0.119187 0.057403 0.136483 0.130476 0.307328 0.0248715 -0.0863074 -0.191839 -0.102648 0.382571 0.128665 -0.0503137 0.094783 0.140999 0.199959 0.475184 0.0428221 -0.151651 -0.0037761 -0.0328365 -0.226789 -0.128283 0.221774 -0.274062 -0.109578 0.000441433 -0.115094 0.214635 0.295617 0.139764 0.162302 -0.0945653 0.049534 0.286319 0.0158169 0.17035 0.268021 0.0388976 -0.0259564 0.103417 -0.0692773
internal_weight=5089 3155 1934 1576 599 1335 1579 529 481 1047 713 815 622 764 118 309 169 326 517 360 371 554 493 342 296 257 172 298 450 166 175 73 124 314 247 185 171 45 171 355 246 271 194 318 198 129 152 220 132 96 129 96 155 303 80 93 218 113 111 58 65 72 147
internal_count=5089 3155 1934 1576 599 1335 1579 529 481 1047 713 815 622 764 118 309 169 326 517 360 371 554 493 342 296 257 172 298 450 166 175 73 124 314 247 185 171 45 171 355 246 271 194 318 198 129 152 220 132 96 129 96 155 303 80 93 218 113 111 58 65 72 147
is_linear=0
shrinkage=0.05


Tree=16
num_leaves=64
num_cat=0
split_feature=12 12 29 12 12 12 29 29 29 12 12 12 12 29 12 12 29 12 61 29 63 63 47 32 57 12 12 0 63 22 12 29 66 66 50 49 65 4 38 29 12 57 69 63 15 70 0 63 15 43 48 29 29 47 12 54 47 48 0 12 29 10 43
split_gain=32000.6 5299.56 4061.25 999.731 940.965 800.999 790.074 292.434 261.048 159.093 153.967 136.812 125.43 121.024 114.998 99.6745 81.2751 72.9221 60.0788 59.799 54.3752 53.7946 48.7488 47.0289 45.6588 41.2147 39.6813 28.2192 26.9073 26.8685 26.7834 24.8776 24.864 24.2163 23.888 23.7932 22.5065 22.4642 22.1873 21.9009 20.848 20.1946 20.0914 19.2282 18.9554 18.8942 18.5293 18.9444 18.2 17.7658 17.1714 17.0193 16.4 16.0933 15.4182 15.3283 14.9427 14.6806 14.2352 14.1154 13.9086 13.1417 13.1217
threshold=11.409635416666651 5.5114583333333362 20.750000000000004 -0.13020833333333345 23.504166666666702 15.50416666666665 9.9643229166666725 5.2158854166666657 10.710937500000002 9.4992187500000025 20.954947916666654 27.060677083333303 17.590104166666652 9.8315104166666671 7.1476562500000007 13.101302083333351 -0.9937499999999998 2.2213541666666701 51.852260529790016 10.998958333333352 12.16708984375 16.098871527777785 -0.70710678118654735 9.8950520833333311 8.9153004412972106 4.1703125000000005 31.349739583333353 8.7472178333333428 16.571191406250001 61.618377250000002 19.646614583333303 6.6132812500000009 5.2873813972969002 3.6576816172733948 0.7987497853924842 0.95747632178960107 8.646967774489605 3.7083333333321059e-05 1010.7093541666651 1.2453125 20.169270833333353 19.812664671994295 1006.996638137695 16.827094184027775 18.490625000000005 4.6503032498215644 10.389522250000001 13.478070746527786 15.455468750000003 1006.4885875000001 -0.37940952255126015 3.6458333333333353 13.603906250000001 0.91597561503675362 2.3971354166666656 0.00087520695717975235 0.91597561503675362 -0.60355339059327384 8.7472178333333428 8.1518229166666671 12.172135416666652 0.00041941666666660005 1008.4094791666652
decision_type=2 2 2 2 2 2 2 2 2 2 2 2 2 2 2 2 2 2 2 2 2 2 2 2 2 2 2 2 2 2 2 2 2 2 2 2 2 2 2 2 2 2 2 2 2 2 2 2 2 2 2 2 2 2 2 2 2 2 2 2 2 2 2
left_child=1 3 5 16 10 15 14 17 -7 21 22 57 44 25 33 23 37 34 40 -17 -11 29 30 -2 31 32 -13 43 48 -8 58 -16 54 -3 50 41 51 -1 -30 -18 -14 -12 -20 -21 45 55 47 -25 -22 -44 -5 -19 -23 -48 -9 -10 61 -6 -4 -33 -31 -29 -24
right_child=2 6 4 7 11 8 9 13 12 20 35 26 18 -15 24 19 39 36 42 27 28 52 62 46 -26 -27 -28 56 38 60 -32 59 -34 -35 -36 -37 -38 -39 -40 -41 -42 -43 49 -45 -46 -47 53 -49 -50 -51 -52 -53 -54 -55 -56 -57 -58 -59 -60 -61 -62 -63 -64
leaf_value=-0.32635075060573043 0.0060228108905369393 -0.095645986154395443 0.17907712069109094 -0.13112073416473985 0.33847599504621717 -0.009646114104729743 -0.051439284517545515 -0.17557617853434082 0.14604130025017423 -0.0032772618136353454 0.24066188979078135 0.39230535089610308 0.19923571569566223 -0.0064579478803952683 -0.10255547445486886 0.0096927522054721226 -0.25687921488496251 -0.18031941868598064 0.1305882280025602 0.1008287851490219 0.030516499229615014 -0.0019720168027578793 0.25985374753239981 0.046174093988322208 -0.0092110219088334371 -0.11476600250791678 0.47324985635691674 0.070492075235518689 0.10220353615955567 -0.026238477745021804 0.21034635374064659 -0.064328152664972132 -0.091053425147283193 -0.070760938061485201 -0.20278050936723679 0.30403516514767992 -0.10170647227007529 -0.2610217249792614 0.039645239803171917 -0.22336676436466055 0.25374779175386253 0.27874964368978344 0.14836949947224118 0.13361946997133461 0.11790337624675418 0.12656782406880582 0.031265728420268112 0.081647743664398822 -0.010999931474611216 0.18382582934452177 -0.18054146791402595 -0.15054109770867893 0.052327877499693781 0.08107243273703417 -0.14072288434922739 0.18708454287756993 0.12194276109075386 0.29580386360281713 0.13408809117882961 -0.041728974134084218 0.011818806337994675 0.1142989337831542 0.21721340637670489
leaf_weight=41 40 307 46 20 57 23 114 39 67 168 91 68 40 22 28 20 92 61 27 163 177 33 23 51 58 341 20 122 22 215 46 139 22 144 139 31 20 20 40 107 32 58 45 62 90 72 62 145 31 173 159 235 24 22 179 35 21 33 29 138 27 20 93
leaf_count=41 40 307 46 20 57 23 114 39 67 168 91 68 40 22 28 20 92 61 27 163 177 33 23 51 58 341 20 122 22 215 46 139 22 144 139 31 20 20 40 107 32 58 45 62 90 72 62 145 31 173 159 235 24 22 179 35 21 33 29 138 27 20 93
internal_value=0.000876381 -0.0970032 0.161486 -0.165269 0.270092 0.11297 -0.0356245 -0.146533 0.155539 -0.00193816 0.228997 0.366344 0.162079 -0.121598 -0.0708409 0.0776499 -0.254398 -0.170246 0.18329 0.0940373 0.0190537 -0.0242018 0.202487 0.0567521 -0.0498876 -0.125956 0.410759 0.0983833 0.03295 -0.031423 0.180219 -0.0576206 -0.141849 -0.0877033 -0.187168 0.263886 -0.153211 -0.304986 0.0618643 -0.238875 0.223502 0.255509 0.171462 0.109872 0.136602 0.146263 0.0639969 0.0724227 0.0243263 0.176516 -0.17503 -0.156685 0.0208875 0.0443244 -0.146968 0.160147 0.0825157 0.32287 0.161708 -0.0530731 -0.02199 0.0766732 0.225694
internal_weight=5089 3162 1927 1497 595 1332 1665 1237 604 851 417 178 581 603 814 728 260 634 317 408 438 413 237 320 363 581 88 388 270 356 121 305 240 451 318 180 316 61 62 199 72 149 245 225 264 174 280 196 208 218 179 296 57 84 218 102 163 90 75 277 242 142 116
internal_count=5089 3162 1927 1497 595 1332 1665 1237 604 851 417 178 581 603 814 728 260 634 317 408 438 413 237 320 363 581 88 388 270 356 121 305 240 451 318 180 316 61 62 199 72 149 245 225 264 174 280 196 208 218 179 296 57 84 218 102 163 90 75 277 242 142 116
is_linear=0
shrinkage=0.05


Tree=17
num_leaves=64
num_cat=0
split_feature=28 28 28 28 28 1 28 28 28 1 28 1 28 1 1 1 28 1 1 28 1 28 48 61 28 1 54 50 1 28 28 0 17 22 54 1 65 1 1 28 2 13 28 13 1 28 28 28 28 1 1 1 28 49 22 41 1 1 13 8 30 4 13
split_gain=30152.2 4833.85 4121.2 1028.76 747.787 654.231 604.522 236.904 170.232 149.782 139.386 121.685 107.624 78.2733 78.1518 50.8982 45.0747 38.7544 36.6288 35.4005 30.8202 30.0892 24.6376 24.1599 23.6873 23.5399 23.4892 23.1192 22.7267 20.0035 19.8984 18.1314 17.4094 17.4031 16.8275 16.1164 16.1115 15.1916 15.1224 14.7216 14.5643 14.4625 14.211 13.4959 11.8659 11.8462 11.7888 11.5233 10.5813 9.89085 9.74458 9.44362 9.11643 8.82159 8.45211 8.42653 8.4031 8.38386 8.30782 7.94376 7.9391 7.91211 7.79396
threshold=13.286197916666701 7.2278645833333313 20.725520833333352 3.6458333333333353 26.731250000000003 15.045052083333351 9.9643229166666725 1.0158854166666702 23.631250000000005 4.3195312500000007 15.369270833333351 10.112760416666701 18.210156250000004 28.735156250000003 7.2796875000000005 20.721093750000005 -0.9937499999999998 18.908333333333356 1.2331832627118653 11.153906250000002 2.3932291666666656 17.234635416666652 -0.60355339059327384 51.233575945564802 15.751041666666652 11.940625000000002 0.00076258401338535886 0.45207220393230413 13.695833333333303 6.1552083333333352 8.7528645833333361 8.7472178333333428 27.814322916666651 50.613855083333313 0.00083071684530291892 20.000000000000004 9.196861049107147 25.660416666666702 31.308854166666652 5.8763020833333366 67.116494375000016 18.698437500000001 19.105729166666652 11.244270833333301 8.0195312500000018 11.990104166666702 2.0191649011299453 12.085677083333351 21.845052083333353 6.1291666666666709 -2.6971354166666694 5.9450520833333362 19.105729166666652 -0.58429276287313725 47.507998583333354 1015.7497541666652 25.055468750000006 10.455208333333351 8.3325520833333382 -0.00014108333333329997 22.335677083333305 2.6916666666654353e-05 7.4229166666666666
decision_type=2 2 2 2 2 2 2 2 2 2 2 2 2 2 2 2 2 2 2 2 2 2 2 2 2 2 2 2 2 2 2 2 2 2 2 2 2 2 2 2 2 2 2 2 2 2 2 2 2 2 2 2 2 2 2 2 2 2 2 2 2 2 2
left_child=1 3 5 7 8 10 14 16 15 20 25 19 23 32 30 48 50 41 46 44 -5 33 56 -7 55 40 29 -20 45 53 51 52 37 -12 -19 -26 -16 -6 -15 -22 -2 42 -14 47 -8 -13 -9 -21 60 -28 -1 -3 -23 -11 -50 -25 -10 -38 -46 -17 -4 -18 -32
right_child=2 6 4 9 13 12 11 18 22 26 21 28 17 38 36 59 61 34 27 43 39 31 -24 24 35 -27 49 -29 -30 -31 62 -33 -34 -35 -36 -37 57 -39 -40 -41 -42 -43 -44 -45 58 -47 -48 -49 54 -51 -52 -53 -54 -55 -56 -57 -58 -59 -60 -61 -62 -63 -64
leaf_value=-0.31113228448716684 0.022201513643971701 -0.095184684029891595 0.19871754875278461 -0.1607950188000534 0.29971006708014064 0.16148435525250615 -0.044897135990175412 -0.21969430292137196 0.28589592420369475 -0.094394029337183785 0.063791780534015255 0.0043490827473154853 0.14605879897271878 0.40331971066706374 -0.051718244795776719 0.25233022824099188 -0.25117491298154099 0.17449500559625353 -0.12275555198502393 -0.0098123269286074198 -0.14226756845334079 0.11790542016156927 0.25548073716815012 0.076629162039250451 0.12093766688490866 0.06478405010568826 -0.095003148640828511 -0.17945243800628297 0.055096778158933241 -0.10015675753908476 -0.049159150354248754 0.080530644882495644 0.38246921587384097 0.093837848343076555 0.21689512922211218 0.16221670220043777 -0.035604433767030916 0.35587944601279692 0.46337019793097228 -0.11954643463869707 0.051587194647475701 0.13489667667342012 0.17693413799350927 -0.031433382633166584 0.0019924999201225333 0.026261616016292989 -0.19474991393927366 0.013699499950672251 0.19376011378286365 -0.045169467796599007 -0.26872561930093586 -0.077542204987770189 0.15478759812312146 -0.12578057989221589 0.22591308092895579 0.11074847261364743 0.32193362250321567 0.0017017006526556201 -0.027163768080118497 0.22356022190213426 0.16925437734324034 -0.22058465678397399 -0.07327914317046029
leaf_weight=40 76 130 76 199 24 36 88 77 76 26 66 108 73 25 240 73 76 63 21 110 278 74 74 37 159 171 20 132 46 231 64 28 23 181 38 28 53 26 20 97 95 74 78 37 29 144 130 99 35 20 22 185 22 176 53 36 22 21 154 38 34 31 71
leaf_count=40 76 130 76 199 24 36 88 77 76 26 66 108 73 25 240 73 76 63 21 110 278 74 74 37 159 171 20 132 46 231 64 28 23 181 38 28 53 26 20 97 95 74 78 37 29 144 130 99 35 20 22 185 22 176 53 36 22 21 154 38 34 31 71
internal_value=0.000832883 -0.0944557 0.15628 -0.156404 0.265244 0.107388 -0.0326243 -0.213239 0.237561 -0.127686 0.0746922 -0.00266969 0.144864 0.378054 -0.0645774 0.215342 -0.262095 0.164692 -0.190295 -0.0173382 -0.144858 0.0959198 0.27746 0.12302 0.117686 0.0516609 -0.106843 -0.171682 0.0227767 -0.110233 -0.0779378 0.116037 0.345899 0.0858143 0.190472 0.12713 -0.045427 0.328993 0.430117 -0.136395 0.0385319 0.153109 0.162022 -0.00360317 -0.0298036 0.0168731 -0.204041 0.00132258 0.200099 -0.0701163 -0.296139 -0.0848276 0.126378 -0.121748 0.213154 0.0934748 0.294023 -0.025012 -0.0225408 0.242507 0.189632 -0.242338 -0.0618527
internal_weight=5089 3155 1934 1576 599 1335 1579 529 481 1047 713 815 622 118 764 309 169 326 360 517 574 371 172 296 260 342 473 153 298 433 450 124 73 247 101 187 314 50 45 375 171 225 151 246 271 252 207 209 198 40 62 315 96 202 88 73 98 74 183 111 110 107 135
internal_count=5089 3155 1934 1576 599 1335 1579 529 481 1047 713 815 622 118 764 309 169 326 360 517 574 371 172 296 260 342 473 153 298 433 450 124 73 247 101 187 314 50 45 375 171 225 151 246 271 252 207 209 198 40 62 315 96 202 88 73 98 74 183 111 110 107 135
is_linear=0
shrinkage=0.05


Tree=18
num_leaves=64
num_cat=0
split_feature=1 29 1 1 1 29 29 29 1 1 29 1 1 29 29 29 29 33 1 63 29 29 63 29 33 0 59 29 1 1 55 1 0 29 1 29 1 21 1 51 33 1 1 58 29 64 1 1 58 43 53 1 1 66 29 1 1 0 0 14 1 27 0
split_gain=26098.7 4156.56 3497.09 1005.09 838.548 790.842 513.873 245.729 203.912 184.18 183.253 175.713 133.844 130.066 88.822 85.3043 82.2603 64.6852 56.48 43.3212 41.3936 40.8084 40.0251 38.9327 37.6807 35.0829 34.2321 33.0259 32.509 31.773 31.6438 28.9882 28.4068 26.352 23.273 22.6481 21.6304 21.6039 19.6142 19.2259 19.1168 18.9307 18.6582 18.3106 17.5591 18.3457 15.7372 15.2816 13.2905 13.1015 12.0281 10.67 10.664 10.6034 10.5433 10.5223 10.4616 9.84266 9.63224 9.60856 9.4979 9.25047 8.57093
threshold=10.385677083333301 19.944010416666654 5.3273437500000007 22.957812500000006 14.227604166666652 3.6458333333333353 9.8315104166666671 10.264583333333302 -1.2981770833333297 16.819791666666656 14.084375000000003 19.184352930791004 27.033333333333303 6.2393229166666702 12.374739583333353 7.8466145833333307 10.931510416666653 21.033333333333353 2.4630208333333354 16.571191406250001 -1.7078124999999997 8.1843750000000011 22.102617776012245 27.538802083333355 10.670312500000001 5.0738091250000057 50.531660147569447 22.563281250000006 8.0195312500000018 1.1161458333333303 14.600987413194444 7.9283854166666705 7.1313039583333415 16.276822916666656 1.9557291666666652 15.934895833333352 12.544791666666653 66.977182250000013 17.299739583333352 7.5161458333334428e-05 8.3559895833333364 29.743750000000002 20.721093750000005 8.1673127410231974 17.105989583333301 4.9269789604736358 16.228208862994354 25.660416666666702 6.7453887774136314 1021.6946375000001 5.1376055980641102e-06 12.729687500000002 1.4893229166666651 3.6683359629461405 2.0191649011299453 21.493166307471302 20.951041666666654 -1.7213659166666448 8.7472178333333428 8.5161458333333382 13.001302083333302 80.108553958333317 -3.9637977083333196
decision_type=2 2 2 2 2 2 2 2 2 2 2 2 2 2 2 2 2 2 2 2 2 2 2 2 2 2 2 2 2 2 2 2 2 2 2 2 2 2 2 2 2 2 2 2 2 2 2 2 2 2 2 2 2 2 2 2 2 2 2 2 2 2 2
left_child=2 4 5 11 10 8 15 24 20 35 21 22 47 18 28 40 34 26 52 37 -1 -2 32 -14 -6 33 -11 56 -8 -10 -21 53 46 -12 -15 50 61 58 -34 -24 49 -25 -19 55 45 -28 -3 -5 -36 -4 -9 -27 -7 -17 -22 -29 -13 -37 -16 -30 -35 -23 -61
right_child=1 3 6 12 7 13 14 9 29 17 25 27 23 16 19 31 -18 42 -20 30 54 36 39 41 -26 51 44 43 59 -31 -32 -33 38 60 48 57 -38 -39 -40 -41 -42 -43 -44 -45 -46 -47 -48 -49 -50 -51 -52 -53 -54 -55 -56 -57 -58 -59 -60 62 -62 -63 -64
leaf_value=-0.30078681840639487 -0.029750789967822291 0.14579685803717196 -0.089278299025187927 0.27920096661558946 -0.028761517604599236 -0.17075103376112677 -0.045602077908314602 0.078647701749585061 -0.1984802759805985 0.1895813610750825 0.065808725637589216 0.18952096985501588 0.32630715079404482 -0.1436222778256506 -0.0053174622733053525 -0.071125233304561553 -0.005200059404831623 0.17696249311123013 -0.12810381375346233 0.099451566749307774 -0.24494453797400234 0.02358032849059381 0.17832661235843592 0.36932705123199699 0.059892392458992388 0.033975603286968574 0.1141519568048075 0.21681750446218048 0.0045266836747098428 -0.16756239888003785 0.024577661044158507 -0.035890788806560811 0.10268090331250196 0.082282058109935538 -0.10540853228123821 0.12636801956571722 0.050468523738833718 0.020483333908056737 0.1513644027440503 0.23435107528000204 -0.071175940933394438 0.4282183706120446 0.23560069959872709 0.27396769531839105 0.15318445770437683 0.16160069548258379 0.18943819892428815 0.32191143367915925 -0.063977536466903531 -0.11853598667393084 0.11840622849012455 0.061757818299398026 -0.14820692413819456 -0.050454699448529199 -0.2080249128414125 0.24736638239417072 0.22017538753292365 0.10438462351106703 -0.038904543682837828 -0.0073698271539009699 0.11048806948838574 -0.001209660100563806 -0.02671080401876802
leaf_weight=33 37 37 212 84 25 114 131 94 154 41 145 68 30 39 81 174 21 27 382 20 98 188 59 30 23 63 85 71 49 183 48 143 38 56 267 93 69 76 46 21 132 27 28 29 121 27 48 29 21 47 24 77 100 97 25 49 49 115 29 90 65 47 158
leaf_count=33 37 37 212 84 25 114 131 94 154 41 145 68 30 39 81 174 21 27 382 20 98 188 59 30 23 63 85 71 49 183 48 143 38 56 267 93 69 76 46 21 132 27 28 29 121 27 48 29 21 47 24 77 100 97 25 49 49 115 29 90 65 47 158
internal_value=0.0007916 0.132381 -0.0966405 0.231041 0.0837304 -0.152264 -0.042886 0.122926 -0.203595 0.130928 0.0468419 0.194088 0.326176 -0.125455 -0.0109512 -0.0699402 -0.101154 0.157326 -0.139641 0.0124702 -0.250879 0.0198168 0.163878 0.372867 0.0137117 0.069538 0.147374 0.222358 -0.024852 -0.181698 0.0466181 -0.0541167 0.150048 0.0802051 -0.107315 0.104282 0.0258521 -1.31725e-05 0.129362 0.193067 -0.0866914 0.397302 0.206861 0.238027 0.139937 0.125608 0.170467 0.290194 -0.102392 -0.0945939 0.0867478 0.0492627 -0.160226 -0.0637305 -0.237462 0.229315 0.202381 0.114222 -0.0141795 -0.0156967 0.0974461 0.0186204 -0.0196945
internal_weight=5089 2165 2924 715 1450 1437 1487 703 493 655 747 515 200 944 682 805 348 329 596 254 156 341 249 87 48 406 274 266 428 337 68 414 169 266 327 326 304 186 84 80 391 57 55 149 233 112 85 113 288 259 118 140 214 271 123 120 117 208 110 297 121 235 248
internal_count=5089 2165 2924 715 1450 1437 1487 703 493 655 747 515 200 944 682 805 348 329 596 254 156 341 249 87 48 406 274 266 428 337 68 414 169 266 327 326 304 186 84 80 391 57 55 149 233 112 85 113 288 259 118 140 214 271 123 120 117 208 110 297 121 235 248
is_linear=0
shrinkage=0.05


Tree=19
num_leaves=64
num_cat=0
split_feature=28 28 28 28 28 28 28 28 28 28 28 28 28 28 44 28 28 30 29 15 22 15 15 28 13 48 48 2 28 28 30 47 28 44 44 22 28 44 20 48 28 35 22 47 44 47 13 29 22 29 21 2 15 28 29 15 28 13 43 28 54 28 28
split_gain=24599.9 3648.29 3609.79 840.368 628.909 614.097 420.428 195.065 138.764 109.585 100.487 94.0083 76.5437 58.899 50.0489 42.5241 36.7493 36.6726 34.1648 32.2838 27.9183 25.438 24.4996 21.5553 20.2747 19.9116 19.2016 17.6633 17.3584 17.0009 16.7061 15.3346 14.1083 13.7639 13.3948 12.933 12.8931 12.176 12.0159 11.733 10.9735 10.6533 10.3373 9.74323 9.5181 9.22279 9.13593 9.05841 8.61241 8.02041 7.95411 7.75056 7.7466 7.7261 7.57816 7.43166 7.18338 7.086 6.87411 6.79437 6.76746 6.74622 6.38048
threshold=12.930989583333302 7.2278645833333313 20.725520833333352 3.6458333333333353 16.775520833333303 26.731250000000003 9.7341145833333371 1.0158854166666702 23.631250000000005 5.6325520833333362 15.1877604166667 19.204427083333304 11.153906250000002 30.458333333333304 14.500000000000002 8.6130208333333318 -0.9937499999999998 10.624479166666701 14.365364583333301 16.313281250000003 51.421761041666656 16.164843750000006 10.430989583333302 2.0191649011299453 6.9346354166666657 -0.60355339059327384 -0.70710678118654757 58.615466166666657 4.7268229166666709 21.682031250000005 14.188020833333352 -0.78656609248549303 13.603906250000001 10.500000000000002 15.500000000000002 54.74945929166666 17.877343750000005 15.500000000000002 65.119553083333372 0.37940952255126048 6.2393229166666702 10.974479166666653 49.615882833333309 -0.5 15.500000000000002 -0.91597561503675329 4.4718750000000007 4.2244791666666659 83.771362500000023 5.5565104166666659 65.285416291666664 44.446992458333305 16.164843750000006 31.970572916666651 8.0679687500000004 4.3666666666666716 11.990104166666702 5.5114583333333362 1010.4927250000001 22.095833333333353 0.00090583902512160128 24.762760416666655 18.340104166666702
decision_type=2 2 2 2 2 2 2 2 2 2 2 2 2 2 2 2 2 2 2 2 2 2 2 2 2 2 2 2 2 2 2 2 2 2 2 2 2 2 2 2 2 2 2 2 2 2 2 2 2 2 2 2 2 2 2 2 2 2 2 2 2 2 2
left_child=1 3 4 7 10 8 15 16 19 28 17 14 24 26 30 44 48 -2 -12 59 51 33 43 -9 -8 -10 60 -22 55 -21 -6 -20 -29 -13 -26 -31 -32 54 -36 -33 49 -25 -16 -14 57 -23 -42 -30 -1 -11 -39 -19 56 -15 -17 -5 -24 -3 -35 -4 -7 -27 -44
right_child=2 6 5 9 11 13 12 23 25 40 18 21 22 53 42 37 -18 20 31 29 27 45 52 41 34 61 -28 32 47 35 36 39 -34 58 38 -37 -38 50 -40 -41 46 -43 62 -45 -46 -47 -48 -49 -50 -51 -52 -53 -54 -55 -56 -57 -58 -59 -60 -61 -62 -63 -64
leaf_value=-0.25252346989983671 0.091653702748414889 -0.046891233640759505 0.20661674745974917 -0.13483312441817122 0.16419808000402769 0.31551625176943998 0.023074399984895723 -0.19162817890555153 0.26539274033156357 -0.089130172940803595 0.13048184423983286 0.20798020871291995 -0.0054645508729964177 0.36581299576176063 0.085291224721609493 -0.012221748185687204 -0.21913329815488033 0.034818183061360246 0.058287100918360639 0.16890616097044986 0.094150287642710107 0.12038062280572466 -0.011397039983458321 -0.16821179512760218 -0.019202364776388224 0.21252011874536283 0.285903731810978 0.029305061081490641 -0.089484082323977032 0.18096758124503631 0.11176874577864311 0.097408879425463446 0.052539114612936144 0.14212959897025287 -0.060159442077025241 0.21279335226086671 0.13810966208052852 -0.07843997783584615 -0.028047751090588619 0.073929691261835143 -0.069988593681803893 -0.13832174208258874 0.099933216225088536 0.024568277769013578 -0.08269159338491093 0.15082663460758655 -0.096226322017150479 -0.12470841004020905 -0.29163996161445388 -0.11343404555823527 -0.050035025919974531 0.00062993678011622053 -0.024935940395544757 0.41023745582299792 -0.043242264811633867 -0.15328528039685552 0.0092739689005852857 -0.069623963105121547 0.17865644226432462 0.23617891268856905 0.35740983586915781 0.24379871716972731 0.12526700025763068
leaf_weight=38 42 41 40 193 35 20 22 100 98 44 35 27 32 21 89 22 107 27 73 98 20 34 76 225 233 31 33 93 20 66 84 100 221 22 45 64 106 40 83 115 38 35 79 172 129 98 278 240 24 156 65 43 38 22 192 78 94 217 33 41 22 43 37
leaf_count=38 42 41 40 193 35 20 22 100 98 44 35 27 32 21 89 22 107 27 73 98 20 34 76 225 233 31 33 93 20 66 84 100 221 22 45 64 106 40 83 115 38 35 79 172 129 98 278 240 24 156 65 43 38 22 192 78 94 217 33 41 22 43 37
internal_value=0.000752414 -0.088141 0.136699 -0.141274 0.0930922 0.239561 -0.0323525 -0.192642 0.214474 -0.115318 0.0625634 0.129544 -0.0074146 0.341791 0.116056 -0.0604329 -0.236975 0.0471776 0.0838046 0.194413 0.0425505 0.156637 0.00754305 -0.171822 -0.0235059 0.250498 0.314875 0.0485682 -0.131269 0.184738 0.132351 0.078126 0.0456604 0.178567 -0.0263465 0.196655 0.126473 -0.0469095 -0.0393447 0.0848566 -0.0988995 -0.164196 0.0981641 0.0198548 -0.0715773 0.142998 -0.093075 -0.122004 -0.267718 -0.108094 -0.0608672 0.0138271 -0.00452987 0.388644 -0.0400563 -0.140151 2.97442e-05 -0.0660153 0.164083 0.221614 0.337552 0.230733 0.108028
internal_weight=5089 3077 2012 1576 1413 599 1501 529 481 1047 769 644 795 118 430 706 169 446 323 309 404 214 412 360 383 172 75 334 531 228 225 288 314 82 361 130 190 319 128 215 516 260 205 204 387 132 316 260 62 200 105 70 208 43 214 271 170 258 55 81 42 74 116
internal_count=5089 3077 2012 1576 1413 599 1501 529 481 1047 769 644 795 118 430 706 169 446 323 309 404 214 412 360 383 172 75 334 531 228 225 288 314 82 361 130 190 319 128 215 516 260 205 204 387 132 316 260 62 200 105 70 208 43 214 271 170 258 55 81 42 74 116
is_linear=0
shrinkage=0.05


Tree=20
num_leaves=64
num_cat=0
split_feature=28 28 28 28 28 28 1 28 1 1 1 28 1 1 28 1 1 28 28 1 28 28 57 1 28 28 50 33 1 14 21 23 54 14 28 1 1 1 28 14 62 28 28 47 61 28 14 14 28 17 23 9 69 43 14 28 14 0 14 4 14 14 14
split_gain=22387.2 3664.22 3086.94 777.917 584.617 478.439 411.893 180.999 127.185 118.902 95.1693 84.7067 81.6 61.3086 60.3099 41.4642 33.4508 33.1006 28.9718 26.785 23.7272 21.8178 21.4599 21.4322 21.4285 20.0512 18.6926 17.4732 16.5763 15.8166 15.3514 15.0299 14.3276 13.5777 13.473 13.2806 13.0684 12.4021 11.9062 11.8787 11.7968 10.6119 10.5693 10.145 10.1343 11.3078 10.5742 9.58999 9.43401 9.36192 9.17536 8.29508 8.16792 8.10572 8.81875 7.42107 7.37856 7.33552 7.19676 6.63057 6.60507 6.34544 6.34151
threshold=13.286197916666701 7.3705729166666663 20.894531250000004 3.6458333333333353 17.455468750000005 26.103906250000005 8.7341145833333371 0.31562500000000004 4.2330729166666705 13.001302083333302 21.280208333333302 9.3528645833333375 17.703906250000003 28.735156250000003 11.408072916666653 2.8122395833333353 15.373958333333352 23.631250000000005 14.808593750000002 11.66171875 18.708333333333353 -1.7078124999999997 6.2326061003497459 2.0354166666666651 2.0191649011299453 6.3609375000000012 -0.04732138832243208 29.591666666666651 6.1750000000000007 15.038281250000002 56.259965208333305 59.013985250000005 0.00061031167660305201 19.056510416666654 10.560937500000001 22.617187500000004 13.347135416666651 24.417187500000001 23.436979166666703 10.580208333333351 9.3892429880930592 15.278385416666653 9.2096354166666732 -0.70710678118654735 51.300024703813143 15.369270833333351 12.350260416666652 19.184352930791004 4.7268229166666709 15.246875000000001 49.036090500000007 -0.00024662499999994996 1009.0620782646878 1007.5805958333351 18.908333333333356 21.845052083333353 5.1567708333333355 -1.9429444583333297 7.4229166666666666 -2.0000000000432096e-06 7.7984375000000012 14.127864583333352 7.2247395833333359
decision_type=2 2 2 2 2 2 2 2 2 2 2 2 2 2 2 2 2 2 2 2 2 2 2 2 2 2 2 2 2 2 2 2 2 2 2 2 2 2 2 2 2 2 2 2 2 2 2 2 2 2 2 2 2 2 2 2 2 2 2 2 2 2 2
left_child=1 3 4 7 9 10 11 21 23 18 17 28 20 27 26 24 41 33 31 39 36 -1 -17 -5 -9 32 40 37 62 49 -22 -2 57 -4 60 53 -6 -7 -12 -16 -8 -11 -28 -40 -18 -46 -47 -38 -25 -20 55 -31 -21 -14 -55 -35 -27 -10 -44 -23 -13 -43 -3
right_child=2 6 5 8 12 13 14 15 25 16 38 34 35 -15 19 22 44 -19 29 52 30 59 -24 48 -26 56 42 -29 -30 51 -32 -33 -34 50 -36 -37 47 -39 43 -41 -42 61 58 -45 45 46 -48 -49 -50 -51 -52 -53 -54 54 -56 -57 -58 -59 -60 -61 -62 -63 -64
leaf_value=-0.26477987666948444 0.01730798558488628 -0.067497098506048417 0.19990866904917032 -0.14160016721234384 0.066012898140340004 0.24857443651026956 -0.017030160817906613 -0.18874552175317985 -0.096112473221699718 0.058529316275590604 0.21581264181051904 -0.021942409814444619 0.12807991165017063 0.3634982627109527 0.021088474696440245 -0.15179687187169399 0.12768630660481947 0.22171379207396746 0.064580767201939546 0.022011289850010995 0.11735469934625498 -0.23343026674282952 -0.083304495265756714 -0.13000354148381665 -0.16301792802156054 -0.068697985380157311 -0.04958739367522158 0.33192893552041425 -0.055856811707746049 0.018538155846686683 0.15086613825968831 0.044278963922211194 -0.066707752122564787 0.13068596565272692 -0.018487863194624959 0.18564944979112491 0.11326053776219461 0.29348717447900441 0.215344648022604 0.00068336162955009235 0.022218083121572297 0.095733279196461879 0.005786427470424977 0.24984743761997957 0.073307517035011552 0.13361554027646344 0.095683187589926749 0.076701450770608248 -0.1143658394342339 0.10109845622842054 0.17826058270275422 0.058980178330303085 0.053568192460380651 0.16264849236745474 0.1385895500989551 0.16783374033055565 -0.087634409423926918 -0.11297394899522373 -0.020834644720286292 -0.20528779538742636 -0.042836685767741502 0.073463367350575251 -0.086768235016028053
leaf_weight=42 82 107 47 163 21 24 31 132 123 88 75 48 36 42 124 27 30 50 110 34 87 48 20 155 214 73 28 20 288 27 57 140 27 23 134 30 131 47 29 168 50 47 30 91 41 24 81 21 263 21 100 24 52 113 59 34 179 139 164 40 181 103 72
leaf_count=42 82 107 47 163 21 24 31 132 123 88 75 48 36 42 124 27 30 50 110 34 87 48 20 155 214 73 28 20 288 27 57 140 27 23 134 30 131 47 29 168 50 47 30 91 41 24 81 21 263 21 100 24 52 113 59 34 179 139 164 40 181 103 72
internal_value=0.000581389 -0.0817794 0.133538 -0.133414 0.0926306 0.23004 -0.025565 -0.183778 -0.109936 0.0657535 0.205354 -0.0492112 0.132241 0.313353 0.00325446 -0.166846 0.0845865 0.185152 0.0464515 0.0165768 0.115613 -0.234943 -0.122686 -0.126184 -0.17284 -0.0924829 -0.0133638 0.290166 -0.0632949 0.0612435 0.130633 0.0343202 -0.101485 0.176178 -0.0310897 0.15438 0.103102 0.27835 0.231654 0.00935068 0.00719073 0.0723501 -0.0208656 0.241532 0.101126 0.0956561 0.10437 0.108218 -0.120169 0.0704458 0.169059 0.0375873 0.041102 0.149859 0.154407 0.152879 -0.0821538 -0.105064 -0.0167153 -0.220669 -0.0384604 0.0804505 -0.0752558
internal_weight=5111 3156 1955 1645 1373 582 1511 523 1122 818 449 830 555 133 681 393 414 254 404 378 317 130 47 581 346 541 303 91 467 182 144 222 289 204 363 238 173 71 195 292 81 238 222 120 176 146 105 152 418 131 157 51 86 208 172 57 252 262 194 88 229 150 179
internal_count=5111 3156 1955 1645 1373 582 1511 523 1122 818 449 830 555 133 681 393 414 254 404 378 317 130 47 581 346 541 303 91 467 182 144 222 289 204 363 238 173 71 195 292 81 238 222 120 176 146 105 152 418 131 157 51 86 208 172 57 252 262 194 88 229 150 179
is_linear=0
shrinkage=0.05


Tree=21
num_leaves=64
num_cat=0
split_feature=28 28 28 28 28 28 28 28 28 1 1 1 1 1 1 1 47 1 28 1 1 1 22 28 1 28 28 28 0 1 50 14 28 28 61 28 64 1 14 17 67 54 63 14 28 15 28 46 14 50 28 28 14 31 47 9 1 28 47 14 14 1 0
split_gain=20208.1 3172.87 2895.21 648.354 518.868 508.458 420.238 120.544 117.594 98.7138 98.4309 98.0587 74.1436 69.1105 51.1116 38.3239 29.3301 27.2784 26.7843 24.823 24.7581 24.6285 18.7497 18.9347 18.0938 18.0341 17.4447 16.8044 16.5512 16.3131 14.548 14.5374 14.1053 13.8649 12.1958 12.6258 11.9498 11.7155 10.8385 9.6762 9.39091 9.23239 8.63165 8.49305 8.31691 8.30066 8.20977 8.13861 7.9116 7.90889 7.6853 7.43299 7.31615 7.1039 6.83913 6.83512 6.70461 6.57206 6.55654 6.31209 6.04977 5.96119 5.89526
threshold=12.659895833333302 19.489322916666655 6.3609375000000012 24.762760416666655 2.4718750000000003 9.2096354166666732 15.847395833333303 21.682031250000005 28.361979166666703 9.0976562500000018 -1.2981770833333297 2.6350603070175453 11.835416666666701 15.709895833333302 5.9450520833333362 21.280208333333302 -0.78656609248549303 10.063020833333303 -1.7078124999999997 29.743750000000002 10.905989583333303 18.261197916666656 52.058457750000009 18.484114583333355 18.908333333333356 5.1317708333333307 3.8375000000000004 10.560937500000001 8.7472178333333428 25.055468750000006 0.7987497853924842 16.645052083333304 8.2502604166666718 13.603906250000001 51.270234305435828 13.879947916666652 3.9476795309892245 0.79318804824561406 6.6835937500000009 24.660156250000004 1019.3233952256951 0.00083071684530291892 11.913878038194445 10.294531250000002 11.237500000000002 25.714062500000004 1.4484375000000003 2.5000000000000004 21.302343750000002 1.0000000180025095e-35 20.894531250000004 7.4151041666666657 7.7984375000000012 16.457812500000006 -0.91597561503675329 -0.00040779166666669994 14.127864583333352 17.877343750000005 -0.78656609248549303 9.6473958333333361 6.0541666666666663 3.7359375000000008 -10.056148708333298
decision_type=2 2 2 2 2 2 2 2 2 2 2 2 2 2 2 2 2 2 2 2 2 2 2 2 2 2 2 2 2 2 2 2 2 2 2 2 2 2 2 2 2 2 2 2 2 2 2 2 2 2 2 2 2 2 2 2 2 2 2 2 2 2 2
left_child=2 6 4 7 10 14 12 16 29 27 18 26 28 22 51 48 -3 25 -1 45 42 34 -8 -24 -15 47 -6 52 33 54 37 -18 49 -2 -14 -36 44 -12 -34 -17 -35 57 -11 -44 -22 -10 -32 -13 -9 -16 -33 60 -7 -37 -5 -50 -38 -26 -30 -29 -4 -62 -20
right_child=1 3 5 8 11 9 13 15 19 20 30 17 21 24 32 39 31 -19 62 -21 36 -23 23 -25 41 -27 -28 59 58 -31 46 50 38 40 35 53 56 -39 -40 -41 -42 -43 43 -45 -46 -47 -48 -49 55 -51 -52 -53 -54 -55 -56 -57 -58 -59 -60 -61 61 -63 -64
leaf_value=-0.25641811736412223 0.019506188650961081 0.12499536960525977 -0.081535939186524742 0.21358976932597662 -0.15047795368428568 -0.020520252337079076 0.070574744804513853 0.19161283206701316 0.32878171495650188 -0.01270875214676718 -0.16228346137612279 -0.12685125307670519 0.09045375851182727 0.11127735860793755 -0.034239586681380739 0.21024878366504307 0.18759019218998307 -0.051042593042723752 -0.2286111639170223 0.36486507794800782 -0.019359320577518872 0.10102593342685168 0.089694797980819529 0.13895010090264229 0.10379376109989209 -0.10032888265193335 -0.12878929484654647 -0.0067881190327701056 -0.015474033689737821 0.27482732537307475 -0.1902322626060064 0.14651226517308402 -0.026623723929475169 0.048364897323826699 0.032878220465249658 0.064251966253686316 0.023495530781511901 -0.12027138397625117 -0.053578207382844384 0.24686051521649413 0.014179294551414333 0.16237662927204691 0.014483456412873736 -0.011132769027447344 0.016674413534401966 0.28599906387189278 -0.16440178495778682 -0.10860738538712096 0.14477857267892863 -0.067106247415298373 0.168060910934546 -0.072797297216693466 -0.040564925968085801 0.044543375660341028 0.24355085503034035 0.17765714154419435 0.058275821361487505 0.14042519737972847 0.017317614914843193 -0.026418768096273294 -0.12280751142068125 -0.09115125375621691 -0.20074765561876662
leaf_weight=38 111 84 132 27 164 57 128 68 20 157 56 129 24 219 20 96 39 22 26 25 20 34 178 22 20 340 217 83 25 37 62 124 51 125 60 163 33 24 140 23 24 28 83 53 80 30 64 119 23 229 64 126 229 64 76 55 24 33 39 81 20 61 83
leaf_count=38 111 84 132 27 164 57 128 68 20 157 56 129 24 219 20 96 39 22 26 25 20 34 178 22 20 340 217 83 25 37 62 124 51 125 60 163 33 24 140 23 24 28 83 53 80 30 64 119 23 229 64 126 229 64 76 55 24 33 39 81 20 61 83
internal_value=0.000552643 0.120181 -0.0820749 0.199105 -0.136766 -0.0382952 0.0720454 0.17144 0.273207 -0.0126955 -0.188823 -0.11822 0.0444681 0.101421 -0.0678701 0.196235 0.150306 -0.105782 -0.220105 0.323797 0.0038627 0.0606001 0.0855466 0.0951221 0.118772 -0.107829 -0.13813 -0.0292545 0.0272877 0.24608 -0.166489 0.159665 -0.0566219 0.0328946 0.0561759 0.0533046 0.0198843 -0.149703 -0.0463853 0.217349 0.0428632 0.139014 -0.00472092 0.0044969 0.00946145 0.303184 -0.17713 -0.118104 0.179007 -0.0644698 0.153859 -0.0824659 -0.0365726 0.0586998 0.235723 0.167988 0.0381563 0.126634 0.00450015 -0.0164878 -0.0881793 -0.098988 -0.207419
internal_weight=5111 2088 3023 791 1344 1679 1297 576 215 900 353 991 669 628 779 265 311 610 147 75 450 345 328 200 300 588 381 450 324 140 206 227 440 260 311 287 157 80 191 119 149 81 293 136 100 50 126 248 146 249 188 339 286 227 103 78 57 53 64 164 213 81 109
internal_count=5111 2088 3023 791 1344 1679 1297 576 215 900 353 991 669 628 779 265 311 610 147 75 450 345 328 200 300 588 381 450 324 140 206 227 440 260 311 287 157 80 191 119 149 81 293 136 100 50 126 248 146 249 188 339 286 227 103 78 57 53 64 164 213 81 109
is_linear=0
shrinkage=0.05


Tree=22
num_leaves=64
num_cat=0
split_feature=28 28 28 1 28 28 1 28 28 1 28 1 28 1 28 1 28 28 44 1 1 23 28 66 52 1 1 14 1 14 1 53 14 28 1 28 28 69 14 44 0 28 28 14 42 28 20 1 1 17 1 12 44 0 40 1 2 14 51 28 14 0 28
split_gain=18239.9 2880.49 2601.32 639.446 562.959 323.542 312.167 156.943 106.136 104.278 100.517 68.2438 67.6155 47.6341 43.9214 34.5837 30.894 25.302 25.2285 24.5721 22.3971 20.0576 20.0347 19.9841 19.2619 15.1013 14.7189 14.4745 13.7011 13.6744 13.447 12.7404 11.9587 11.8748 11.2629 11.1738 10.7508 10.6181 10.5179 10.256 10.1607 10.0335 9.59737 10.5131 9.57573 9.53511 9.1096 9.0577 8.86117 8.73084 8.01055 8.93767 7.66306 7.65721 7.48143 7.29422 7.22073 6.75347 6.69858 6.29647 6.08629 6.05943 5.79552
threshold=13.123437500000001 7.3705729166666663 19.621614583333354 1.7187500000000002 24.762760416666655 15.847395833333303 8.7341145833333371 0.31562500000000004 28.361979166666703 4.2330729166666705 21.682031250000005 16.944010416666654 9.3528645833333375 14.357031250000002 11.237500000000002 21.280208333333302 2.1169270833333305 4.5432565789473704 15.500000000000002 14.357031250000002 29.743750000000002 55.993111875000004 18.340104166666702 5.0888690823147131 0.00022470798571606732 -4.7526041666666643 25.055468750000006 14.684895833333352 6.2890625000000009 16.645052083333304 10.455208333333351 0.00016328623777476037 16.645052083333304 6.2393229166666702 13.880729166666653 14.277864583333303 10.479687500000002 1008.8898720480956 10.394270833333351 17.500000000000004 -10.056148708333298 3.8375000000000004 8.7528645833333361 6.6135416666666655 1027.2231625000002 17.105989583333301 57.040274750000002 10.763541666666653 19.462500000000002 24.660156250000004 10.566145833333351 11.171354166666701 15.500000000000002 5.0738091250000057 1012.298866666665 5.3273437500000007 54.556631541666654 7.2247395833333359 5.6366319444456634e-05 8.0130208333333375 19.326562500000005 5.0738091250000057 14.188020833333352
decision_type=2 2 2 2 2 2 2 2 2 2 2 2 2 2 2 2 2 2 2 2 2 2 2 2 2 2 2 2 2 2 2 2 2 2 2 2 2 2 2 2 2 2 2 2 2 2 2 2 2 2 2 2 2 2 2 2 2 2 2 2 2 2 2
left_child=1 3 5 7 10 13 12 25 26 17 18 22 28 21 23 39 -9 44 32 38 52 50 27 42 33 -1 58 -7 57 -24 55 45 -4 -11 61 -23 -14 -15 -16 -12 -27 -18 -8 -44 -5 -13 -41 -40 -47 -17 51 62 -10 -52 -39 -26 -20 59 -6 -3 -31 -29 -2
right_child=2 6 4 9 8 11 14 16 20 24 15 31 36 37 19 49 41 -19 56 -21 -22 35 29 -25 30 40 -28 34 -30 60 -32 -33 -34 -35 -36 -37 -38 54 47 46 -42 -43 43 -45 -46 48 -48 -49 -50 -51 53 -53 -54 -55 -56 -57 -58 -59 -60 -61 -62 -63 -64
leaf_value=-0.25347718334606517 0.0042528157387739527 -0.068635366749816809 0.18216276593513109 -0.12390227636380957 0.21221376263327901 0.094389046828452644 -0.049551721371503807 -0.16981343049462216 0.30809732350956104 -0.103286267414311 0.18105398770954784 0.091807560938398758 -0.035244287281931838 0.055293754455811944 0.019047933017271521 0.19973743993184825 -0.14818647419666295 -0.10547556815861617 0.11174664761733222 0.064050199705489599 0.34662911576397271 0.034463672477919739 0.13405547894727257 0.027267111201833706 -0.08658654074464682 -0.223652462084277 0.26108967196905947 0.067141384046420324 -0.049523459920267673 0.1039006698508132 -0.038767246681159079 0.15850495943734896 0.14876227831655092 -0.080387809491647144 0.081296481194475453 0.054279376684894104 -0.017499435278272992 0.10898601540864894 -0.0078802218570175366 0.1390462845509004 -0.19191737260122085 -0.12823390058725392 0.018724425837596162 -0.018420724572836816 -0.15885872494248246 0.11430247517062093 0.18042218563728021 0.013865767121501244 0.14054298425222861 0.23452285317326049 0.055881137098087244 -0.017866625741816713 0.2678312472465848 0.023279829049055869 0.074438613735656828 -0.070901036682233257 0.13874114154577519 -0.078186768836460183 0.2384093506702572 -0.045722409450538258 0.071336687233889459 0.036589298183497952 0.040571666277711471
leaf_weight=21 22 76 33 200 57 127 22 137 25 147 87 31 217 54 161 96 168 328 57 22 25 125 31 27 145 48 37 51 261 47 23 21 153 93 145 166 141 22 108 38 56 103 21 203 22 106 21 86 47 23 26 20 25 59 56 154 45 80 46 50 21 24 22
leaf_count=21 22 76 33 200 57 127 22 137 25 147 87 31 217 54 161 96 168 328 57 22 25 125 31 27 145 48 37 51 261 47 23 21 153 93 145 166 141 22 108 38 56 103 21 203 22 106 21 86 47 23 26 20 25 59 56 154 45 80 46 50 21 24 22
internal_value=0.000525229 -0.0749294 0.118767 -0.120422 0.190888 0.0734753 -0.0241931 -0.165451 0.259551 -0.0988364 0.164187 0.0975823 -0.0446102 0.0460368 0.00172038 0.186425 -0.150421 -0.114318 0.143718 0.0127811 0.307615 0.0381298 0.0865984 -0.013552 -0.0836825 -0.21449 0.233779 0.0809258 -0.0571442 0.106466 -0.075676 0.121471 0.1547 -0.0944189 0.0731476 0.0457707 -0.0282575 0.0723847 0.00960074 0.170059 -0.206589 -0.14061 -0.0180351 -0.0149355 -0.127376 0.117233 0.15381 0.00175739 0.122375 0.206484 0.0232017 0.00982777 0.288032 0.0332633 0.0842019 -0.078512 0.123673 -0.0667942 0.22394 -0.0595512 0.0938635 0.0573776 0.0224287
internal_weight=5111 3120 1991 1645 768 1223 1475 533 215 1112 553 651 825 572 650 265 408 550 288 377 75 440 446 273 562 125 140 347 467 99 322 205 186 240 220 291 358 132 355 146 104 271 246 224 222 184 59 194 153 119 149 64 50 85 78 299 102 206 103 126 68 75 44
internal_count=5111 3120 1991 1645 768 1223 1475 533 215 1112 553 651 825 572 650 265 408 550 288 377 75 440 446 273 562 125 140 347 467 99 322 205 186 240 220 291 358 132 355 146 104 271 246 224 222 184 59 194 153 119 149 64 50 85 78 299 102 206 103 126 68 75 44
is_linear=0
shrinkage=0.05


Tree=23
num_leaves=64
num_cat=0
split_feature=28 28 28 28 28 28 28 28 28 28 28 28 47 28 28 14 44 30 31 28 47 28 15 28 14 44 26 14 18 14 14 28 17 48 14 14 15 14 21 28 8 28 2 28 29 66 33 28 28 4 28 28 14 15 55 21 61 30 28 48 23 4 22
split_gain=16467.5 2583.62 2361.67 527.954 423.805 413.006 341.115 98.0418 95.7932 78.7592 71.9368 67.7255 47.5881 40.8336 37.3306 28.098 28.0639 27.6316 25.8355 24.6758 24.1409 21.8105 19.7011 16.2081 14.4377 14.329 15.3206 14.1918 13.942 13.691 13.6406 18.3886 13.456 13.411 12.0994 11.8267 11.5499 11.549 9.19642 9.03249 8.84585 8.59235 8.45983 8.33967 8.14 8.02147 7.51598 7.18042 7.0816 6.99888 6.95266 6.71123 6.66042 6.59689 6.33363 6.18616 6.1618 6.0214 5.72966 5.60116 5.4406 5.41175 5.31563
threshold=12.659895833333302 19.489322916666655 6.3609375000000012 24.762760416666655 2.3486979166666706 9.2096354166666732 15.847395833333303 21.682031250000005 28.361979166666703 4.7268229166666709 0.31562500000000004 11.001822916666653 1.0000000180025095e-35 14.188020833333352 7.8466145833333307 6.6835937500000009 17.500000000000004 14.188020833333352 15.859895833333352 17.586458333333354 -0.78656609248549303 17.455468750000005 9.8518229166666718 -1.7078124999999997 15.579947916666702 16.500000000000004 44.169613916666655 12.232031250000002 13.616927083333351 2.0463541666666658 -0.13020833333333345 3.6458333333333353 24.660156250000004 -0.78656609248549325 7.2247395833333359 16.645052083333304 18.490625000000005 5.7682291666666705 64.415921666666662 26.103906250000005 -0.00032091666666664997 5.6325520833333362 57.850160708333355 22.984895833333304 18.484114583333355 4.8343398636117039 18.198177083333352 10.164322916666652 11.990104166666702 0.00016445833333325003 20.894531250000004 1.9119791666666701 8.2739583333333364 15.313802083333302 9.1188693576388911 63.045220708333353 55.441564219283869 5.7059895833333352 8.8302083333333368 -0.60355339059327384 47.472654291666707 -9.7124999999979376e-05 82.56148850000001
decision_type=2 2 2 2 2 2 2 2 2 2 2 2 2 2 2 2 2 2 2 2 2 2 2 2 2 2 2 2 2 2 2 2 2 2 2 2 2 2 2 2 2 2 2 2 2 2 2 2 2 2 2 2 2 2 2 2 2 2 2 2 2 2 2
left_child=2 6 4 7 10 14 13 20 33 30 23 15 19 18 37 -7 32 45 28 44 60 27 52 62 -19 26 -10 -14 -2 -11 -6 -32 43 39 58 -22 -21 54 59 -5 -30 -31 -18 -9 -8 -15 -23 -40 -24 51 -37 -12 -13 -50 -4 -20 -48 -33 -16 -17 -3 -25 -1
right_child=1 3 5 8 9 11 12 16 25 29 49 22 21 17 34 38 42 24 55 36 35 46 48 61 -26 -27 -28 -29 40 41 31 57 -34 -35 -36 50 -38 -39 47 -41 -42 -43 -44 -45 -46 -47 56 -49 53 -51 -52 -53 -54 -55 -56 -57 -58 -59 -60 -61 -62 -63 -64
leaf_value=-0.20825332785057818 0.028408151272263212 0.093531863189165246 -0.065482415721386814 0.22251453669284965 -0.085110244961740189 0.017890522660829997 0.06999836027361718 0.16939217418877375 0.3328184174767515 -0.061790209556925262 -0.16451267570787254 0.031316794349485706 0.12728730420970957 0.065166389625869028 -0.044763026023963752 -0.022914797742738024 0.13506846486656646 0.04772215563700094 -0.0072536190961873014 0.10372458525106448 0.16936891140677449 0.1088576098125989 -0.013935061293026208 -0.20950140163737363 0.014429341524695331 0.25538842476707052 0.27919395995625257 0.083413813067993212 0.084248767031365079 -0.10260657411682517 -0.13661541251110956 -0.11313611463295643 0.21886731886259364 0.20892137289192603 -0.058912294375977642 0.13195378555423665 0.079423149497825696 -0.078620989377588768 -0.029669350969730602 0.26289698801696965 0.04269937088723913 -0.089398558182011117 0.17259872637903229 0.19177398950229049 0.035969626901672221 0.097160628644328173 0.15449684674714922 -0.014985821601279013 0.010462710666908478 -0.12551116246929292 0.15243724572101694 -0.14420685943844211 0.0099149404315509795 -0.019912793143113661 -0.038019463009061734 0.019005466904863627 0.12271344784497543 -0.13444980269546725 -0.023134236503750568 -0.046940944243246685 0.12129429376982265 -0.18146030070800251 -0.24484509284363068
leaf_weight=20 154 26 176 32 24 37 151 81 27 31 113 51 23 73 145 35 42 230 51 102 39 67 128 25 38 20 28 95 20 253 177 247 28 82 163 124 95 232 191 26 36 244 24 90 20 27 22 148 80 20 64 66 127 23 24 40 53 39 39 80 58 63 22
leaf_count=20 154 26 176 32 24 37 151 81 27 31 113 51 23 73 145 35 42 230 51 102 39 67 128 25 38 20 28 95 20 253 177 247 28 82 163 124 95 232 191 26 36 244 24 90 20 27 22 148 80 20 64 66 127 23 24 40 53 39 39 80 58 63 22
internal_value=0.000499292 0.108489 -0.07409 0.179709 -0.123485 -0.0345494 0.0650533 0.154745 0.246578 -0.107497 -0.172806 -0.0114773 0.0915196 0.0402073 -0.0612041 -0.0239956 0.177106 0.0513808 0.0265438 0.0799398 0.135684 0.107904 0.00354971 -0.201762 0.0430041 0.292241 0.305583 0.0919797 0.0361867 -0.0941114 -0.122006 -0.123915 0.186501 0.222093 -0.0489837 0.144175 0.0920128 -0.0710175 -0.0274106 0.240668 0.0575598 -0.0961251 0.148747 0.181186 0.0660237 0.0738187 0.121126 -0.0232609 -0.00608155 -0.153877 0.138937 -0.157037 0.0160512 0.0036737 -0.0621914 0.00428416 0.132063 -0.116049 -0.0401829 -0.0396356 0.112719 -0.189455 -0.227486
internal_weight=5111 2088 3023 791 1344 1679 1297 576 215 1015 329 900 628 669 779 491 265 368 301 368 311 260 409 130 268 75 55 118 210 528 487 463 199 140 347 227 197 432 454 58 56 497 66 171 171 100 142 339 231 199 188 179 178 103 200 91 75 286 184 115 84 88 42
internal_count=5111 2088 3023 791 1344 1679 1297 576 215 1015 329 900 628 669 779 491 265 368 301 368 311 260 409 130 268 75 55 118 210 528 487 463 199 140 347 227 197 432 454 58 56 497 66 171 171 100 142 339 231 199 188 179 178 103 200 91 75 286 184 115 84 88 42
is_linear=0
shrinkage=0.05


Tree=24
num_leaves=64
num_cat=0
split_feature=28 28 28 28 28 28 28 28 1 1 1 1 1 1 1 1 44 1 28 14 28 61 28 3 28 28 14 28 1 28 7 50 14 58 14 1 1 53 14 51 67 44 64 28 28 57 28 57 2 14 28 53 14 48 14 69 52 28 70 1 1 14 28
split_gain=14862.3 2331.78 2131.44 476.502 382.613 372.756 307.861 88.4827 88.4395 77.9616 75.5773 75.3111 57.2426 53.2135 36.6056 29.3837 22.093 20.3704 20.0461 20.0039 19.6092 19.4735 17.4457 16.3576 15.0871 14.3915 15.6087 13.4881 13.2848 12.8975 12.6458 11.652 11.1574 10.8965 10.8807 9.75569 9.27333 8.89263 8.80796 8.7922 8.45626 8.1173 7.91785 7.8808 7.63136 7.58282 7.49412 7.3945 7.27664 6.96879 6.64286 6.54704 6.41771 6.1024 5.99159 5.98379 5.98036 5.97779 5.96655 5.76962 5.55553 7.83327 5.29027
threshold=12.659895833333302 19.489322916666655 6.3609375000000012 24.762760416666655 2.4718750000000003 9.1401041666666725 15.847395833333303 21.682031250000005 27.747656250000002 9.0976562500000018 -1.2981770833333297 2.8122395833333353 12.350260416666652 15.709895833333302 5.8546875000000007 21.280208333333302 15.500000000000002 7.7984375000000012 26.731250000000003 6.2890625000000009 -1.7078124999999997 51.300024703813143 11.153906250000002 999.55180875000008 3.6458333333333353 13.603906250000001 15.038281250000002 4.9750000000000005 18.908333333333356 10.479687500000002 -0.00010899999999994998 0.7987497853924842 13.257291666666651 4.3380941645275062 17.292968750000004 18.261197916666656 0.79318804824561406 -2.0182203670416945e-05 9.8851562500000032 -0.00012689583333330633 1009.2101885937499 17.500000000000004 4.7742215204475498 13.966145833333352 16.680989583333353 19.154393171116507 14.531510416666652 13.499235801091272 56.751303375000006 7.7984375000000012 7.8466145833333307 -0.00010478332550123861 18.698437500000001 -0.78656609248549325 9.6473958333333361 1008.7653929739782 0.00022470798571606732 1.7106770833333302 4.6620747549762731 6.8111979166666661 3.5085937500000006 5.3739583333333352 17.586458333333354
decision_type=2 2 2 2 2 2 2 2 2 2 2 2 2 2 2 2 2 2 2 2 2 2 2 2 2 2 2 2 2 2 2 2 2 2 2 2 2 2 2 2 2 2 2 2 2 2 2 2 2 2 2 2 2 2 2 2 2 2 2 2 2 2 2
left_child=2 6 4 7 10 14 12 16 18 29 20 24 25 23 60 41 34 27 53 -11 -1 -14 -21 -8 -6 32 46 56 47 49 -19 36 -2 50 -3 43 -12 -10 -24 44 -20 -9 -30 -23 -25 -17 -27 58 -43 -7 -16 -18 62 -5 -31 -36 -13 -33 -15 -51 61 -4 -41
right_child=1 3 5 8 11 9 13 15 37 19 31 17 21 28 33 45 51 30 40 22 -22 35 38 39 -26 26 -28 -29 42 54 -32 57 -34 -35 55 -37 -38 -39 -40 52 -42 48 -44 -45 -46 -47 -48 -49 -50 59 -52 -53 -54 -55 -56 -57 -58 -59 -60 -61 -62 -63 -64
leaf_value=-0.22050656696521306 0.018763253580351188 0.15894612454592169 -0.062330855085872397 0.21682811270830366 -0.13080696009131945 -0.017426398180104725 0.11688502393895644 0.16295424385079571 0.26714611078182532 0.039688500139667578 -0.13861540660881994 -0.11033216224784506 0.095512427148532975 0.11842057265846331 -0.061110608465536155 0.17761521467965188 0.12592547350898106 -0.026834127876622746 0.26338202579624809 -0.013376160590773734 -0.17856732944033255 0.029650600974586175 0.020196074689368414 0.060079967246618696 -0.11068443767722487 0.029125571199363237 0.0014034589897007231 -0.086607243287517302 0.10928676114377589 -0.0060023118333625948 -0.083122483799899602 -0.1610443758401946 -0.021355590816361014 -0.034683728265514205 0.11049783832715293 0.078781055976390332 -0.1012426235982648 0.30800539185695919 0.0012440425527266074 0.061445570244061998 0.22350511173401874 0.12399971211375389 0.14374214550297937 0.052266227486231158 0.088833062510085992 0.20470577726004216 0.048518206703230551 0.088171544357816947 0.16006245207955369 -0.053767201079065699 -0.047105133160806271 0.10109388327701085 0.038676571229174048 0.19112169990100936 -0.024467450730505207 0.13679119148448268 -0.089862057724621497 -0.13857630146084943 0.091944990240251101 -0.032620356256827188 -0.068765472645217124 -0.1026237944947716 0.081425400704009415
leaf_weight=38 129 51 20 40 140 63 20 87 27 35 56 114 27 50 159 79 45 20 22 149 109 49 95 32 284 103 33 360 57 90 20 75 20 98 27 28 24 29 173 122 37 35 24 183 85 40 97 131 24 39 183 67 23 60 86 121 53 51 38 190 268 31 46
leaf_count=38 129 51 20 40 140 63 20 87 27 35 56 114 27 50 159 79 45 20 22 149 109 49 95 32 284 103 33 360 57 90 20 75 20 98 27 28 24 29 173 122 37 35 24 183 85 40 97 131 24 39 183 67 23 60 86 121 53 51 38 190 268 31 46
internal_value=0.000474568 0.103066 -0.0703861 0.170726 -0.117312 -0.0328222 0.0618015 0.147009 0.234253 -0.0114227 -0.162015 -0.101386 0.0381975 0.0869447 -0.0587597 0.168253 0.128902 -0.0894592 0.215175 0.00338681 -0.189426 0.0550725 0.000337832 0.0730146 -0.117333 0.0255167 0.0332788 -0.0920723 0.10217 -0.0257268 -0.0550045 -0.142444 0.0133737 -0.049404 0.13892 0.0508676 -0.127424 0.288366 0.00796448 0.0701606 0.238425 0.153167 0.119518 0.0474933 0.080979 0.186742 0.0385355 0.0957463 0.138702 -0.0321725 -0.0536195 0.111086 0.0635271 0.20143 -0.0150288 0.132006 -0.103844 -0.151966 0.107005 -0.0362262 -0.0716606 -0.0868478 0.0669237
internal_weight=5111 2088 3023 791 1344 1679 1297 576 215 920 353 991 669 628 759 265 311 567 159 452 147 287 417 328 424 382 233 527 300 468 40 206 149 440 199 260 80 56 268 308 59 146 81 232 117 119 200 219 59 292 342 112 191 100 176 148 167 126 88 229 319 51 168
internal_count=5111 2088 3023 791 1344 1679 1297 576 215 920 353 991 669 628 759 265 311 567 159 452 147 287 417 328 424 382 233 527 300 468 40 206 149 440 199 260 80 56 268 308 59 146 81 232 117 119 200 219 59 292 342 112 191 100 176 148 167 126 88 229 319 51 168
is_linear=0
shrinkage=0.05


Tree=25
num_leaves=64
num_cat=0
split_feature=28 28 28 1 28 1 28 1 28 28 1 28 1 28 28 1 65 1 51 1 28 1 1 28 28 28 28 1 1 23 14 51 44 28 53 1 13 14 28 28 25 1 20 28 0 50 67 14 65 22 13 14 31 39 13 13 13 1 1 28 1 0 43
split_gain=13152.5 2026.66 1887.31 364.898 347.226 346.688 341.387 97.1238 78.4039 70.7823 64.0219 54.9169 51.7548 47.4107 36.6619 23.0329 20.8524 20.7513 18.932 17.8932 17.6266 17.5134 16.5789 15.654 14.7709 13.91 13.7284 13.5068 13.091 12.6398 12.2903 11.8894 11.7687 11.6217 11.6184 11.5125 11.3597 10.54 10.5132 10.0162 9.10252 9.04155 8.92524 8.14042 7.55766 7.2281 7.16526 7.07945 7.04943 6.7256 6.6832 6.65934 6.50031 5.95325 5.56097 5.30575 5.18082 4.99569 4.9641 4.94676 4.88693 4.80026 4.70659
threshold=12.454166666666653 19.939322916666654 6.2393229166666702 22.957812500000006 16.047135416666702 7.5072916666666663 1.9119791666666701 2.4630208333333354 28.361979166666703 22.288802083333305 12.232031250000002 10.7761532738095 16.105468750000004 -0.9937499999999998 7.8466145833333307 20.300520833333355 8.6879070798992686 11.308072916666651 4.616666666666733e-05 29.743750000000002 3.6458333333333353 18.700260416666655 4.0184895833333352 18.708333333333353 13.603906250000001 23.231510416666655 4.8838541666666666 -0.71718749999999987 26.345312500000002 85.200825500000022 15.502604166666652 5.0906249999991015e-05 17.500000000000004 8.4968750000000011 0.00036106830879282343 5.7682291666666705 11.771354166666653 7.5072916666666663 9.3528645833333375 24.464583333333355 40.831433791666662 5.5709949712643709 58.842719875000007 17.877343750000005 12.339577416666701 0.72660752476856549 1012.9244498263887 9.8851562500000032 15.653552827380953 64.052921041666664 15.045052083333351 7.2247395833333359 20.425520833333305 1005.9398958333351 21.115625000000005 6.465885416666671 19.646614583333303 10.455208333333351 20.157812500000002 14.808593750000002 8.6476562500000025 -0.80236437499999436 1008.2402750000001
decision_type=2 2 2 2 2 2 2 2 2 2 2 2 2 2 2 2 2 2 2 2 2 2 2 2 2 2 2 2 2 2 2 2 2 2 2 2 2 2 2 2 2 2 2 2 2 2 2 2 2 2 2 2 2 2 2 2 2 2 2 2 2 2 2
left_child=2 4 6 9 10 14 13 20 25 21 24 18 23 29 41 44 26 47 33 -10 -8 56 -16 32 36 -5 61 -15 -27 -1 48 58 -6 55 43 -18 60 -35 51 52 -23 -4 -34 50 59 -29 -25 -13 -26 -45 -14 -24 -33 -50 -42 -7 -3 -38 -11 62 -2 -9 -12
right_child=1 3 5 8 12 11 7 16 19 31 15 17 34 27 22 -17 35 -19 -20 -21 -22 40 38 46 30 28 -28 45 -30 -31 -32 39 42 37 -36 -37 57 -39 -40 -41 54 -43 -44 49 -46 -47 -48 -49 53 -51 -52 -53 -54 -55 -56 -57 -58 -59 -60 -61 -62 -63 -64
leaf_value=-0.18719195470998515 -0.0035248368112803224 0.1166359462173765 -0.073033028350485502 0.17018413549309375 0.078241105741703981 -0.027564992526766408 -0.12865639140724502 -0.095470481608570593 0.24598181944049641 0.13387336009583922 0.032141943072904834 0.0058409241653769161 0.10821531607378826 -0.16549582195310591 -0.085069311392016525 0.10480120946978522 -0.07629488967629279 0.028392778912212754 0.013726374274585257 0.3020762404051921 -0.10826545159417383 0.16555647531567461 -0.040481441206677071 0.11403551159036118 0.025911857291000841 0.19665966448070366 -0.084635415888956483 -0.11568868935275012 0.23491844365151612 -0.23541324318557422 -0.0028105959516408806 0.18162048917439674 0.045922365381670265 -0.0065283046964954017 0.13350062922873526 -0.033615653126175531 -0.028394579692282481 -0.026592664889222413 -0.030591831098222024 0.19782096172423622 0.13669815988694226 -0.058489461965630853 0.071692646666740467 0.097317168902923357 0.037014195058355542 -0.14735026663584114 0.076249789624257297 -0.0090177894536642988 0.068230806798189672 0.11697909223951096 0.076776981936574215 -0.0563993447316724 0.14919181595322611 0.038546110005726379 0.11261992437194529 -0.054630945711291894 0.093730032277154915 0.0054210278630312516 0.15825557160763315 0.06228237289291725 0.023213924525942887 -0.11103877721421461 0.054346217521889353
leaf_weight=45 20 89 239 34 174 31 227 142 47 30 36 142 24 100 25 20 51 65 33 21 201 22 130 32 91 86 311 25 31 20 23 29 69 86 27 23 20 275 118 34 95 195 66 116 88 69 21 184 22 71 59 134 35 74 33 44 35 24 76 104 116 78 72
leaf_count=45 20 89 239 34 174 31 227 142 47 30 36 142 24 100 25 20 51 65 33 21 201 22 130 32 91 86 311 25 31 20 23 29 69 86 27 23 20 275 118 34 95 195 66 116 88 69 21 184 22 71 59 134 35 74 33 44 35 24 76 104 116 78 72
internal_value=-0.00118443 0.0958505 -0.0681657 0.165254 0.0605137 -0.0335617 -0.113723 -0.10085 0.21871 0.140757 0.0362519 -0.0112386 0.0866515 -0.165057 -0.0563881 0.0528283 -0.0879484 0.0025982 -0.0227751 0.263354 -0.119084 0.124136 -0.0456016 0.0739498 0.0226485 0.198586 -0.091417 -0.152643 0.20682 -0.202071 0.0316586 0.163073 0.0696329 -0.0255392 0.102128 -0.0630428 0.0121327 -0.0218145 -0.0430151 0.175706 0.135659 -0.0665011 0.0585292 0.0989845 0.0493584 -0.138948 0.0990905 -0.00254407 0.0359007 0.104791 0.0858855 -0.0485647 0.16392 0.0453605 0.130504 -0.0434555 0.110183 -0.0099413 0.151373 0.0544781 0.0192781 -0.100997 0.0469531
internal_weight=5059 2066 2993 697 1369 1701 1292 1033 219 478 710 860 659 259 841 320 605 391 469 68 428 274 407 362 390 151 531 194 117 65 210 204 309 436 297 74 180 361 382 98 150 434 135 270 300 94 53 326 187 187 83 264 64 96 128 75 124 44 106 212 136 220 108
internal_count=5059 2066 2993 697 1369 1701 1292 1033 219 478 710 860 659 259 841 320 605 391 469 68 428 274 407 362 390 151 531 194 117 65 210 204 309 436 297 74 180 361 382 98 150 434 135 270 300 94 53 326 187 187 83 264 64 96 128 75 124 44 106 212 136 220 108
is_linear=0
shrinkage=0.05


Tree=26
num_leaves=64
num_cat=0
split_feature=28 28 28 1 1 1 1 28 1 28 28 28 28 1 28 35 28 47 50 21 28 1 1 1 1 1 28 28 1 1 1 28 54 0 28 51 15 1 4 28 1 0 1 31 28 64 0 43 14 15 42 0 64 14 16 57 14 61 1 70 52 47 63
split_gain=11870.9 1901.34 1633.84 360.531 309.291 307.387 290.103 91.4113 68.8952 57.5333 55.9125 54.0372 51.7288 43.7645 32.2979 21.2507 18.7537 18.7032 18.5759 17.4619 17.4125 17.1265 16.8141 15.592 15.4362 15.3236 14.6718 14.3475 14.1982 12.1311 11.1572 10.5123 10.3159 10.1201 10.003 9.2169 9.01741 8.42051 7.82997 7.6641 7.37588 7.01846 7.0002 6.90045 6.76356 6.67045 6.5569 6.43002 6.18841 6.15529 6.08137 5.95032 5.69148 5.65264 5.54873 5.54391 5.48849 5.28684 5.17123 4.9742 4.89213 4.62094 4.47836
threshold=12.309635416666652 19.621614583333354 6.2393229166666702 22.074218750000004 0.18411458333333353 13.555468750000001 7.5072916666666663 28.361979166666703 2.4630208333333354 17.234635416666652 22.288802083333305 14.808593750000002 0.31562500000000004 9.0268229166666671 8.0130208333333375 11.576041666666653 24.185156250000002 0.25881904510252091 -0.04732138832243208 66.412386708333315 4.6658854166666712 14.357031250000002 29.743750000000002 -4.7526041666666643 4.0184895833333352 21.493166307471302 3.3010416666666651 10.865885416666652 18.700260416666655 25.055468750000006 6.3966145833333359 10.164322916666652 0.0019528635398671659 5.0738091250000057 13.966145833333352 5.0906249999991015e-05 25.714062500000004 5.5709949712643709 0.0014429999999999502 9.3528645833333375 15.275000000000002 -10.056148708333298 10.566145833333351 3.6458333333333353 24.762760416666655 5.1489519748960246 10.730082541666652 1020.2990833333351 7.2247395833333359 19.092968750000004 1026.5196541666653 11.344696958333353 2.2334258020043403 21.115625000000005 9.1838541666666718 16.182922557043653 10.117708333333352 69.252041169642879 4.5242187500000011 10.858064777664694 0.00022470798571606732 -0.70710678118654735 23.77336154513889
decision_type=2 2 2 2 2 2 2 2 2 2 2 2 2 2 2 2 2 2 2 2 2 2 2 2 2 2 2 2 2 2 2 2 2 2 2 2 2 2 2 2 2 2 2 2 2 2 2 2 2 2 2 2 2 2 2 2 2 2 2 2 2 2 2
left_child=2 5 4 10 12 11 14 16 26 25 28 19 23 31 37 20 45 49 21 42 50 51 36 -1 -16 32 -6 43 53 38 -17 -8 34 54 -7 -12 -9 -4 -18 48 -36 -25 47 -20 61 -5 -30 -2 -26 -11 60 -15 -19 -3 -13 -35 -33 -21 -22 -14 -10 -37 -48
right_child=1 3 6 7 8 9 13 22 15 17 35 33 59 18 24 30 29 52 27 57 58 -23 -24 41 39 -27 -28 -29 46 -31 -32 56 -34 55 40 44 -38 -39 -40 -41 -42 -43 -44 -45 -46 -47 62 -49 -50 -51 -52 -53 -54 -55 -56 -57 -58 -59 -60 -61 -62 -63 -64
leaf_value=-0.21499305326800819 -0.0091805136000713324 0.10821640670741722 -0.068959057548059213 0.15530958589643784 -0.12363176915325796 0.033769561874297256 -0.031307264868059917 0.25880870490238583 -0.10226137188545535 0.090065382840772035 0.13925752848433437 0.031181144095031772 -0.13124512409582048 0.018154545852151645 -0.080817546981756624 -0.071280559824353551 0.17338278836021298 0.092690581872503341 -0.047548009111903891 0.035476177470503488 -0.086006702185147679 0.052723376086134546 0.28697961569399788 -0.18356942968818321 -0.036841444199511783 0.10436849562625894 -0.10340477817472343 0.00099144153595349146 0.14288193565760515 0.21671757672559774 -0.025844171792566629 -0.0071397654245617358 0.09331173728889143 0.017002522537057033 0.053603500748114458 0.13859622777310393 0.21411179430524774 -0.055404848444154803 0.20839416890598181 -0.029591949637723977 0.070602900874063554 -0.15665235109758302 0.017871595325479422 -0.015648264161581067 0.18872219283005287 0.18790490296904144 0.11246642331325048 0.018813859337734707 -0.053082987536270346 0.073580141610578589 -0.12079157338306053 -0.0056538648890609704 0.11587889128779008 0.08278661426108487 0.056898670149374601 0.049715479892961809 -0.028155189516560014 0.019690794434712368 -0.073861125492406768 -0.15361597174331088 -0.083242534495082426 0.16725254107951687 0.13419789607373009
leaf_weight=23 70 124 244 60 152 38 227 20 105 146 83 24 143 51 25 42 57 41 20 128 228 24 21 46 113 21 222 189 40 43 20 96 22 34 142 26 28 218 23 116 117 54 98 112 20 22 79 29 123 94 30 54 78 27 174 21 46 91 145 31 51 33 35
leaf_count=23 70 124 244 60 152 38 227 20 105 146 83 24 143 51 25 42 57 41 20 128 228 24 21 46 113 21 222 189 40 43 20 96 22 34 142 26 28 218 23 116 117 54 98 112 20 22 79 29 123 94 30 54 78 27 174 21 46 91 145 31 51 33 35
internal_value=-0.00112494 0.0894589 -0.065885 0.153964 -0.108038 0.0545173 -0.0330367 0.199502 -0.0946688 0.0777046 0.127241 0.0302886 -0.152819 -0.011867 -0.0537007 -0.0844515 0.182716 0.0916692 -0.00139934 0.0192039 -0.0875344 0.0146236 0.249333 -0.177667 -0.0428341 0.0629559 -0.11163 -0.00784027 0.114616 0.19512 -0.0566383 -0.0246307 0.0602249 0.0485114 0.0577693 0.151 0.232796 -0.0625658 0.18348 -0.0401328 0.0612871 -0.169056 0.00839885 -0.0204886 0.163311 0.164083 0.125329 -0.00097402 -0.0453103 0.0836141 -0.100052 0.00590609 0.107902 0.103678 0.0537857 0.0295088 -0.0139526 0.0289204 -0.0812887 -0.135242 -0.0960526 0.154658 0.119154
internal_weight=5059 2109 2950 741 1292 1368 1658 274 995 699 467 669 297 819 839 621 205 359 450 416 559 129 69 123 377 340 374 321 305 123 62 369 319 253 297 162 48 462 80 352 259 100 197 132 79 82 154 99 236 240 186 105 119 151 198 55 142 219 373 174 156 59 114
internal_count=5059 2109 2950 741 1292 1368 1658 274 995 699 467 669 297 819 839 621 205 359 450 416 559 129 69 123 377 340 374 321 305 123 62 369 319 253 297 162 48 462 80 352 259 100 197 132 79 82 154 99 236 240 186 105 119 151 198 55 142 219 373 174 156 59 114
is_linear=0
shrinkage=0.05


Tree=27
num_leaves=64
num_cat=0
split_feature=28 28 28 28 1 1 28 28 1 1 1 1 1 28 17 28 1 28 28 50 1 62 28 1 28 28 28 20 25 57 28 25 23 29 44 57 28 1 1 60 28 47 57 31 31 57 69 21 30 48 46 3 65 70 1 1 66 30 54 19 62 7 28
split_gain=10714.4 1684.29 1506.56 380.796 287.164 265.08 228.249 76.51 66.7702 62.6038 56.1559 42.3138 35.98 28.6092 27.8739 19.4981 18.9443 18.6751 17.3617 17.1243 16.5098 15.2826 14.9257 14.4799 12.8893 12.3831 11.8249 10.7486 10.6099 10.3299 10.3014 9.31358 9.30503 9.2042 8.90828 8.77526 8.73543 8.03593 7.36644 7.15461 6.78112 6.61263 6.57268 6.50934 6.47557 6.27836 6.17392 5.89413 5.65536 5.56195 5.41413 5.23572 5.03558 4.9886 4.83075 4.82069 4.73116 4.7246 4.70813 4.62903 4.52383 4.16092 5.353
threshold=12.374739583333353 20.725520833333352 6.3169270833333355 16.047135416666702 1.2331832627118653 7.5072916666666663 26.731250000000003 0.31562500000000004 16.944010416666654 22.074218750000004 12.232031250000002 9.1583333333333368 4.2330729166666705 8.0679687500000004 28.759114583333304 22.288802083333305 20.300520833333355 3.5359375000000006 17.586458333333354 -0.04732138832243208 14.357031250000002 12.395949223520445 -1.7078124999999997 4.0807291666666661 13.603906250000001 10.426822916666652 11.300781250000002 55.758032125000007 44.588322166666707 19.154393171116507 1.9119791666666701 80.807391250000009 61.371970291666706 13.966145833333352 11.500000000000002 19.154393171116507 17.332031250000004 5.2265625000000009 27.747656250000002 12.896442589493871 9.3528645833333375 -0.70710678118654735 15.3421130952381 19.807812500000004 5.0593750000000011 15.464589907892041 1019.5628321924606 41.534404875000007 23.267187500000002 -0.78656609248549325 9.5000000000000018 1028.2742083333353 9.196861049107147 4.5350619444543208 18.397395833333302 14.127864583333352 5.3874294536299594 12.172135416666652 0.0006055217153310286 10.951822916666652 9.2550261358387207 -0.00044587499999994995 13.966145833333352
decision_type=2 2 2 2 2 2 2 2 2 2 2 2 2 2 2 2 2 2 2 2 2 2 2 2 2 2 2 2 2 2 2 2 2 2 2 2 2 2 2 2 2 2 2 2 2 2 2 2 2 2 2 2 2 2 2 2 2 2 2 2 2 2 2
left_child=2 3 4 10 7 13 9 22 18 15 24 25 17 37 38 48 45 51 32 20 56 46 31 -15 33 52 44 55 53 36 -9 -1 -5 57 59 47 -30 -4 -8 41 -25 -17 -38 -37 -21 61 58 -11 -3 -45 -36 -6 -7 -10 -31 -20 -13 -2 -14 -26 -57 -12 -63
right_child=1 6 5 8 12 11 14 30 28 35 16 19 21 23 -16 39 -18 -19 27 26 -22 -23 -24 40 34 -27 -28 -29 29 54 -32 -33 -34 -35 50 43 42 -39 -40 -41 -42 -43 -44 49 -46 -47 -48 -49 -50 -51 -52 -53 -54 -55 -56 60 -58 -59 -60 -61 -62 62 -64
leaf_value=-0.1685772157561356 0.033663512486213638 0.12213384931631084 -0.066990627441570541 0.051334264385301476 -0.1043611496374334 -0.032370628020686007 0.19629691010982311 -0.13524166321388262 0.13875287641779177 0.1815582008034998 0.068894395432041275 -0.0007040781681590157 -0.07175392732703606 -0.076043997650557138 0.26207050059427467 0.12593190866317772 0.094854180816410186 -0.087864992447269974 0.050073872390286961 -0.038302880623698327 0.051206235957118186 -0.029894058276916449 -0.15599708809336266 -0.042490793211173709 0.034566277896179727 -0.010222433216467741 0.0043047524256669897 0.091167578939038041 0.066525718360245512 0.1012667669548883 -0.11551134054186535 -0.21740099477029215 0.071745964953503091 -0.010418186678853858 0.012757557632822625 0.20688471167400918 0.10619161490805012 -0.053447713967565091 0.23075390616379213 0.16274448820128848 -0.027612054251410924 0.14919132887357536 0.086700978286168295 0.19248652660182858 -0.011042319054956565 0.033315465974959782 -0.085050331115883379 0.15061639887600128 0.097071393610366291 0.1581391171149984 0.034267220371629374 -0.12971122095283291 -0.015965230572667848 0.10788065882438563 0.13366266441884014 0.057767746463721063 0.022494471056973962 0.011893933804476347 -0.045892985691611966 0.062349584285376486 0.081152686481077874 0.031401712311293371 0.051361551496284602
leaf_weight=20 31 126 183 126 102 203 53 97 22 21 24 70 159 26 33 66 20 455 25 26 26 21 88 220 61 141 143 111 31 24 215 20 101 41 84 20 79 276 23 35 118 59 98 21 135 88 89 64 28 29 45 26 61 34 23 29 32 128 20 20 75 44 145
leaf_count=20 31 126 183 126 102 203 53 97 22 21 24 70 159 26 33 66 20 455 25 26 26 21 88 220 61 141 143 111 31 24 215 20 101 41 84 20 79 276 23 35 118 59 98 21 135 88 89 64 28 29 45 26 61 34 23 29 32 128 20 20 75 44 145
internal_value=-0.00106845 0.0857641 -0.0620443 0.0579634 -0.102087 -0.0303952 0.158341 -0.135021 0.0823104 0.143184 0.0320495 -0.0105816 -0.0854674 -0.0505448 0.223533 0.130331 0.0477126 -0.092623 0.07035 0.000302472 0.0156443 -0.071028 -0.167594 -0.0400698 0.0197845 -0.0221922 -0.00615591 0.0797361 0.100266 0.0959167 -0.121651 -0.19305 0.0604211 0.0106955 0.0284374 0.169209 0.0911097 -0.0588496 0.20676 0.142586 -0.0372989 0.136925 0.0954085 0.182439 -0.0154499 0.0445755 -0.0742481 0.158287 0.117587 0.172611 0.0202669 -0.109524 -0.0285826 0.120041 0.117156 0.0698896 0.00657049 0.0161433 -0.06887 0.0414394 0.0746429 0.0492234 0.0467194
internal_weight=5059 2087 2972 1509 1312 1660 578 440 778 469 731 837 872 823 109 314 321 583 467 432 128 289 128 364 410 405 304 240 311 255 312 40 227 200 210 155 208 459 76 160 338 125 177 70 161 301 268 85 154 50 129 128 264 56 47 129 102 159 179 81 104 213 189
internal_count=5059 2087 2972 1509 1312 1660 578 440 778 469 731 837 872 823 109 314 321 583 467 432 128 289 128 364 410 405 304 240 311 255 312 40 227 200 210 155 208 459 76 160 338 125 177 70 161 301 268 85 154 50 129 128 264 56 47 129 102 159 179 81 104 213 189
is_linear=0
shrinkage=0.05


Tree=28
num_leaves=64
num_cat=0
split_feature=28 28 1 28 1 28 28 28 1 1 1 1 28 28 1 28 1 0 28 28 28 14 14 28 65 23 28 66 33 15 59 20 43 0 65 1 28 28 14 1 51 28 0 3 14 8 14 31 9 64 13 13 14 28 13 28 1 28 14 40 28 0 1
split_gain=9670.63 1495.6 1389.29 342.738 285.555 241.884 196.951 77.6918 63.5348 53.3864 47.7497 44.879 38.9464 30.8276 25.2204 19.2031 17.0992 16.1799 16.0736 15.1571 14.9539 13.4744 13.0743 12.1288 12.0923 11.3947 11.0791 10.9412 10.8736 10.4546 9.9889 9.87702 9.85201 8.32988 8.22137 8.03146 7.97563 7.88794 7.43772 6.78845 6.74725 6.47997 6.35615 6.33163 6.02026 5.9404 5.80909 5.37961 5.34438 5.59054 5.08572 5.03112 4.95947 4.97492 4.93144 4.88222 4.84521 4.80101 4.79821 4.60345 4.54937 4.46964 4.37362
threshold=12.454166666666653 20.894531250000004 5.0351562500000009 16.047135416666702 0.18411458333333353 9.2096354166666732 26.731250000000003 4.4539062500000002 16.944010416666654 22.074218750000004 12.232031250000002 9.8794270833333382 -0.9937499999999998 7.4151041666666657 29.743750000000002 6.2393229166666702 20.300520833333355 -10.170690291666649 17.586458333333354 10.479687500000002 22.288802083333305 5.0351562500000009 6.6835937500000009 2.3486979166666706 9.3980545103693007 55.311018250000011 14.365364583333301 5.2873813972969002 29.591666666666651 14.426822916666653 82.059012696180574 55.758032125000007 1007.4847500000002 7.1313039583333415 20.034438653334899 18.397395833333302 1.9119791666666701 4.8838541666666666 21.115625000000005 10.566145833333351 5.0906249999991015e-05 17.977604166666655 11.344696958333353 1021.8516875000001 7.7984375000000012 -0.00035362499999994995 9.7479166666666668 19.807812500000004 0.00014170833333330003 5.2570296648704673 11.835416666666701 19.326562500000005 6.3966145833333359 8.2502604166666718 18.698437500000001 11.512760416666652 2.2130208333333354 10.865885416666652 15.974739583333351 1024.6578666666653 18.088802083333352 -1.8976414999999949 2.6350603070175453
decision_type=2 2 2 2 2 2 2 2 2 2 2 2 2 2 2 2 2 2 2 2 2 2 2 2 2 2 2 2 2 2 2 2 2 2 2 2 2 2 2 2 2 2 2 2 2 2 2 2 2 2 2 2 2 2 2 2 2 2 2 2 2 2 2
left_child=2 3 4 10 12 13 9 23 18 20 25 19 30 24 28 62 42 -14 29 44 38 -15 -13 59 37 33 -27 -17 -8 -5 -1 54 41 39 48 51 -19 -4 -3 50 -22 -10 -12 -26 -7 -37 55 -36 -11 -50 -2 -34 -23 -54 -20 -21 -25 -24 -31 -6 -47 -39 -9
right_child=1 6 5 8 7 11 14 15 32 34 16 22 17 21 -16 27 -18 36 31 46 40 52 57 56 43 26 -28 -29 -30 58 -32 -33 35 -35 47 45 -38 61 -40 -41 -42 -43 -44 -45 -46 60 -48 -49 49 -51 -52 -53 53 -55 -56 -57 -58 -59 -60 -61 -62 -63 -64
leaf_value=-0.15926857669987415 0.016721127780155869 0.12065274233617805 -0.081626123750069779 0.071825590450121227 -0.10692678943631491 -0.0091655255677105096 0.18926408323267999 -0.087882367313145415 0.054549215815175717 0.13638169610864309 0.047885064758998758 0.034129952052127065 -0.16474743744127918 -0.00059203788676970629 0.25907474668685998 -0.064558057833030744 0.090113843337766286 -0.13378482770838915 0.071541526501296901 -0.0058983604654375184 0.12546495591685106 -0.030700068028305001 -0.011519968218549864 -0.1013839318196792 -0.017058192225519003 0.018771751819284848 0.042005583057481755 -0.029304872937902651 0.23045068757743087 0.057640661015210787 -0.20124410508384166 0.086854396623305463 0.09541638340267096 -0.007898247558360643 0.19654564709737263 0.12525167033660417 -0.11389539344249133 -0.052242694709129428 0.095224963581525157 0.035920005058011427 0.1462068751638175 0.088669284042767374 0.032754334441322079 -0.054522422730535459 -0.027984175476054612 0.081591291034400382 -0.015216629499260335 0.16523770581116803 0.14567716317098647 0.1807503529972837 -0.013183705551900727 0.068806581776665307 -0.051443286449087668 -0.038139958028294778 0.047431199937529228 0.016875349630945249 -0.088988730080591258 0.0072894660824851659 0.039373537299765449 -0.12922824634951954 0.10749129507336344 -0.064696681147705812 -0.07593776286584962
leaf_weight=42 49 95 40 81 60 52 64 103 20 37 190 42 29 23 23 189 20 112 103 109 83 107 42 173 26 163 75 25 22 80 22 112 99 51 20 38 94 160 42 32 77 47 110 20 235 22 148 49 25 22 20 22 115 183 27 30 149 176 66 39 80 133 315
leaf_count=42 49 95 40 81 60 52 64 103 20 37 190 42 29 23 23 189 20 112 103 109 83 107 42 173 26 163 75 25 22 80 22 112 99 51 20 38 94 160 42 32 77 47 110 20 235 22 148 49 25 22 20 22 115 183 27 30 149 176 66 39 80 133 315
internal_value=-0.00101473 0.0821907 -0.0584498 0.0562798 -0.0959798 -0.0275286 0.15204 -0.0837323 0.0787859 0.137424 0.0310144 -0.00864457 -0.139106 -0.0470434 0.21236 -0.072642 0.0453302 -0.129666 0.0669733 -0.016451 0.125044 -0.0378422 0.00858761 -0.100378 -0.0574317 0.019266 0.0260969 -0.0604436 0.199832 0.0574004 -0.173735 0.075948 0.0956724 0.00856593 0.161443 0.100075 -0.124717 -0.0607535 0.112869 0.0168844 0.135459 0.0785013 0.0423401 -0.0333662 -0.0245767 0.108264 -0.00832293 0.174347 0.150818 0.16214 0.00804516 0.0905885 -0.0399563 -0.043277 0.0665419 -0.000978714 -0.0956528 0.00366297 0.0493896 -0.115729 0.101918 -0.0578996 -0.0788843
internal_weight=5059 2066 2993 1507 1352 1641 559 1053 797 450 710 834 299 807 109 632 320 235 469 574 297 428 260 421 379 390 238 214 86 227 64 242 328 152 153 261 206 333 137 101 160 67 300 46 287 140 287 69 84 47 69 121 405 298 130 139 322 218 146 99 102 293 418
internal_count=5059 2066 2993 1507 1352 1641 559 1053 797 450 710 834 299 807 109 632 320 235 469 574 297 428 260 421 379 390 238 214 86 227 64 242 328 152 153 261 206 333 137 101 160 67 300 46 287 140 287 69 84 47 69 121 405 298 130 139 322 218 146 99 102 293 418
is_linear=0
shrinkage=0.05


Tree=29
num_leaves=64
num_cat=0
split_feature=28 28 1 28 1 28 1 28 1 28 1 28 28 28 44 28 28 44 14 0 1 14 22 1 28 14 52 13 66 65 28 59 50 28 28 48 40 1 0 14 28 43 4 14 2 14 33 60 28 48 13 41 57 37 15 1 14 1 9 28 13 1 28
split_gain=8729.58 1407.02 1200.95 305.166 257.723 200.649 199.121 70.1805 68.8939 52.8354 47.0079 35.1501 32.9751 31.7094 19.047 18.3531 16.3466 16.2901 15.8214 14.6016 14.2662 13.5727 12.1159 12.0761 11.9232 11.5737 11.5502 10.2353 9.87301 9.62146 9.29571 9.01291 8.85946 8.32344 8.22214 7.60886 9.30592 7.36264 7.31294 6.45802 6.16926 6.12838 6.14626 6.08918 5.93385 5.87931 5.82214 5.51802 5.42251 5.79488 6.8115 5.33363 5.50349 5.28395 5.24282 5.01938 4.28874 4.28183 4.18759 4.05003 4.04894 3.97959 3.9582
threshold=12.309635416666652 19.105729166666652 5.0351562500000009 24.185156250000002 0.18411458333333353 8.8302083333333368 13.439322916666653 4.5432565789473704 25.660416666666702 21.364062500000003 9.0268229166666671 -0.9937499999999998 14.808593750000002 17.105989583333301 16.500000000000004 7.4151041666666657 6.2393229166666702 14.500000000000002 6.7494791666666663 -10.170690291666649 29.743750000000002 16.224479166666704 64.618452500000004 15.373958333333352 3.3010416666666651 5.0351562500000009 0.00024213832478533502 15.709895833333302 5.2873813972969002 9.3980545103693007 10.7761532738095 82.059012696180574 -0.57022117041332276 5.4161458333333359 10.164322916666652 -0.12940952255126037 1010.9885291666652 -1.5242187499999997 12.041782083333301 10.067447916666703 14.277864583333303 1019.6379291666701 -0.00025758333333324998 15.502604166666652 55.777724708333359 12.232031250000002 24.404714439655155 8.3385513378040255 16.441145833333355 -0.37940952255126015 14.127864583333352 1012.1070791666651 20.327484418272512 1025.2661750000004 8.8489583333333304 16.944010416666654 7.0864583333333355 11.308072916666651 -0.00036429166666659995 18.088802083333352 9.8794270833333382 11.570572916666652 20.894531250000004
decision_type=2 2 2 2 2 2 2 2 2 2 2 2 2 2 2 2 2 2 2 2 2 2 2 2 2 2 2 2 2 2 2 2 2 2 2 2 2 2 2 2 2 2 2 2 2 2 2 2 2 2 2 2 2 2 2 2 2 2 2 2 2 2 2
left_child=2 6 4 9 11 15 12 24 35 14 34 31 22 23 43 26 -9 46 -12 -13 51 59 41 -8 53 -17 33 48 -18 -28 -20 -1 -25 -4 54 47 -37 -21 40 -36 -34 42 58 -3 -16 -42 -11 -5 49 -14 -51 52 -10 -6 -7 -23 -27 60 -2 -15 -32 -24 -45
right_child=1 3 5 8 7 10 13 16 20 17 18 19 27 21 44 25 28 -19 30 37 -22 55 61 32 -26 56 29 -29 -30 -31 57 -33 38 -35 39 36 -38 -39 -40 -41 45 -43 -44 62 -46 -47 -48 -49 -50 50 -52 -53 -54 -55 -56 -57 -58 -59 -60 -61 -62 -63 -64
leaf_value=-0.15130704383400617 -0.026460268069915128 0.12610968732204689 -0.087094304603325221 0.14350242448625911 -0.099076017781218773 -0.021561353258119004 0.044583718598914968 -0.074581684975111195 0.22600261880301759 0.13109125069684333 0.026427084963116566 -0.15651290598346299 0.060325408252281935 0.080935746763918293 0.065898401575820276 -0.0015007181581796734 -0.061330325908051889 0.11165681088686907 -0.015026772813335402 -0.13105345111801664 0.24072226404619426 0.060149903669097261 0.018517965185943126 0.094684417345474989 -0.087612021982629629 -0.035967744331977851 -0.05149121685373196 0.0078907508077646332 -0.027840215208136239 -0.02297044742507956 0.0076437309630438656 -0.19118647554797075 0.04000391785478008 -0.058817418072492245 -0.0079026831772247754 0.15891723265141772 0.1115365543914715 -0.11127182485383756 0.036647058429882848 -0.027583074830429734 0.085991779155777603 0.020980495395870262 0.011336321594639327 0.096062417286850027 0.09085938322401664 0.059362882534629784 0.15574697309343266 0.16856206305373661 0.057843105733034597 0.040601633346945817 0.01389508927850637 0.17403261829530636 0.19161162394856068 -0.11794537425247482 -0.035289461817796797 0.077635966986990795 -0.048076033108342464 0.017015211878801544 -0.0002358705204785237 0.099411463012449006 -0.0063803879523166782 0.032063741443376682 0.11407117587546452
leaf_weight=42 25 25 32 33 137 161 184 398 20 104 53 29 26 81 58 20 189 122 109 75 25 114 145 20 252 185 168 23 25 36 89 22 20 143 132 21 21 131 29 61 37 51 65 154 41 48 32 72 48 105 31 20 31 52 123 65 122 42 39 48 122 87 39
leaf_count=42 25 25 32 33 137 161 184 398 20 104 53 29 26 81 58 20 189 122 109 75 25 114 145 20 252 185 168 23 25 36 89 22 20 143 132 21 21 131 29 61 37 51 65 154 41 48 32 72 48 105 31 20 31 52 123 65 122 42 39 48 122 87 39
internal_value=-0.000963823 0.0767155 -0.0564982 0.128021 -0.0911815 -0.0271534 0.044206 -0.0795462 0.175005 0.108162 -0.0113901 -0.132152 0.0245524 0.0638277 0.0944746 -0.0470684 -0.0685832 0.124974 0.000914527 -0.123184 0.207984 0.075438 0.0160478 0.0532445 -0.0947571 -0.0383816 -0.0545608 0.0395869 -0.0574217 -0.046462 -0.00281998 -0.165051 0.0635856 -0.0639956 -0.0220962 0.153451 0.135271 -0.118482 0.0589335 -0.0141266 0.06508 0.00630919 0.00050385 0.102745 0.076249 0.0709689 0.136907 0.160705 0.0430555 0.0386675 0.0345193 0.196417 0.20515 -0.104276 -0.0275098 0.0665064 -0.0407825 0.00243748 -0.0104901 0.0878215 -0.00046255 0.0236009 0.0997098
internal_weight=5059 2109 2950 818 1352 1598 1291 1053 243 575 892 299 645 646 317 706 612 258 415 235 96 308 412 338 441 327 379 233 214 204 362 64 154 175 477 147 42 206 134 193 105 180 129 218 99 85 136 105 210 162 136 71 51 189 284 179 307 253 64 129 211 232 193
internal_count=5059 2109 2950 818 1352 1598 1291 1053 243 575 892 299 645 646 317 706 612 258 415 235 96 308 412 338 441 327 379 233 214 204 362 64 154 175 477 147 42 206 134 193 105 180 129 218 99 85 136 105 210 162 136 71 51 189 284 179 307 253 64 129 211 232 193
is_linear=0
shrinkage=0.05


Tree=30
num_leaves=64
num_cat=0
split_feature=28 28 28 1 28 1 1 28 28 28 28 28 1 17 28 1 1 1 44 28 5 1 53 64 21 14 1 1 53 70 28 31 1 1 47 28 28 14 55 15 44 13 1 0 51 52 56 42 1 3 54 49 13 1 49 14 0 43 28 43 1 28 2
split_gain=7942.61 1246.77 1181.61 276.989 221.734 201.492 142.903 63.2291 58.4147 52.6619 43.1261 32.7282 29.5059 23.5921 16.3576 15.4374 13.9282 13.3801 13.0998 13.0574 12.6006 12.1245 11.631 11.5979 10.1837 9.56678 9.09852 9.02032 8.89745 8.431 8.03042 7.88614 7.79456 7.55119 7.52054 7.06535 7.05901 7.61667 6.98569 6.58905 6.54063 6.49902 5.93726 5.88501 5.85117 5.64638 5.56917 5.54004 5.30869 5.09905 5.03298 4.78619 4.73157 4.56698 4.46234 4.38829 4.14111 4.01798 3.88951 3.84025 3.80077 3.7304 3.62324
threshold=12.930989583333302 7.2989583333333359 20.314843750000005 1.3570312500000001 26.731250000000003 14.684895833333352 8.0942708333333382 22.984895833333304 5.3388020833333307 0.31562500000000004 15.369270833333351 17.877343750000005 10.566145833333351 28.759114583333304 8.7528645833333361 20.721093750000005 6.5351562500000009 25.660416666666702 14.500000000000002 11.512760416666652 0.00074849999999990018 20.492708333333351 -1.874561461593684e-05 5.026570693372153 65.114270583333365 11.103645833333351 -3.7072916666666695 2.7424479166666704 0.00024758272702231333 10.71544470431216 15.1877604166667 2.8218750000000004 16.228208862994354 27.747656250000002 -0.78656609248549303 2.1169270833333305 17.455468750000005 15.706770833333302 7.2283203125000028 8.7718750000000032 15.500000000000002 20.957031250000004 13.555468750000001 1.3945383750000053 -6.435590277776444e-05 0.00022470798571606732 2.694545886432381 1007.9323250000001 5.5709949712643709 1010.0474041666652 0.0002128996450527813 -0.31309544317432719 21.294791666666654 4.9671875000000005 0.96230016621822489 6.1750000000000007 5.603835500000006 1008.4094791666652 23.860156250000003 1009.1962458333302 11.66171875 14.704687500000002 44.446992458333305
decision_type=2 2 2 2 2 2 2 2 2 2 2 2 2 2 2 2 2 2 2 2 2 2 2 2 2 2 2 2 2 2 2 2 2 2 2 2 2 2 2 2 2 2 2 2 2 2 2 2 2 2 2 2 2 2 2 2 2 2 2 2 2 2 2
left_child=1 3 5 9 7 10 14 15 27 26 24 21 19 33 55 32 53 34 39 50 36 28 -15 31 61 -21 -1 51 30 35 44 -14 -4 49 58 -11 37 46 -18 -13 -16 -17 -33 -34 -7 -29 -12 -48 -42 -6 -8 -5 -45 -10 -36 -3 -20 -32 -9 -28 -26 62 -2
right_child=2 6 4 8 13 11 12 17 16 29 20 18 23 22 40 41 38 -19 56 25 -22 -23 -24 -25 60 -27 59 45 -30 -31 57 42 43 -35 54 -37 -38 -39 -40 -41 48 -43 -44 52 -46 -47 47 -49 -50 -51 -52 -53 -54 -55 -56 -57 -58 -59 -60 -61 -62 -63 -64
leaf_value=-0.16435663216910701 0.027421635115135803 -0.032819428352322461 0.06792910249327487 -0.078225662020909636 0.18116916258477261 0.052996782135414283 -0.025207062945542875 0.10640015271662383 -0.06346976925734947 -0.11061550920003112 0.041381179118841795 0.11143451185438913 -0.022041615269287378 0.19888049954991077 -0.020050109614257568 0.13253629344217002 -0.04564609150846663 0.17495849398828911 0.082994339063405434 0.011136885180093925 0.0084722009079269255 0.087461583313346775 0.25220652687019374 0.040229812953950103 0.021835102281126208 -0.014367056318615784 -0.14094325403851329 -0.079331116284212966 0.085081343597940784 -0.11998347810782473 0.048506837142762035 0.0062933270189815234 0.11917947008251512 0.1998920978559342 0.13749661604232946 -0.094079484565078864 0.063522922287851252 0.029934571402070127 -0.011097048805502505 0.087153428261447119 -0.053046949934220558 0.10637586333173775 0.029531578807810863 0.099416174133492408 0.018003706393417297 -0.065671386740778354 0.082985132030103881 0.052562185568001366 -0.029474134201104247 0.14922634751932762 -0.011506746309856944 -0.092604366164044744 0.075855736918561234 -0.053928284909895069 0.16144844159656693 -0.045589386500455145 0.06435327013368522 0.063687487727044467 0.13019211084230276 -0.11817044139278217 0.03434834063459296 0.027038844424059114 0.0052029830941227543
leaf_weight=33 22 93 22 102 28 23 85 26 305 99 79 35 21 22 180 52 55 23 47 107 20 35 20 30 111 56 56 181 24 63 72 165 32 26 101 192 69 60 20 146 30 45 33 129 25 132 20 61 119 24 319 138 26 216 25 248 84 113 55 29 135 36 111
leaf_count=33 22 93 22 102 28 23 85 26 305 99 79 35 21 22 180 52 55 23 47 107 20 35 20 30 111 56 56 181 24 63 72 165 32 26 101 192 69 60 20 146 30 45 33 129 25 132 20 61 119 24 319 138 26 216 25 248 84 113 55 29 135 36 111
internal_value=-0.000496538 -0.0504023 0.0776569 -0.0807279 0.132558 0.0505357 -0.0173209 0.118797 -0.0674786 -0.112978 0.0327448 0.0718595 -0.00327025 0.194006 -0.0344324 0.103893 -0.056614 0.138618 0.0831255 -0.00957137 0.0468884 0.0598177 0.22434 0.0110759 0.0222117 0.00237138 -0.141927 -0.079186 0.0560477 -0.103323 0.0530515 0.00707824 0.0962167 0.17764 0.134569 -0.0997105 0.0495449 0.0451559 -0.0364424 0.0918573 -0.026473 0.120417 0.0101702 0.0995381 0.0347892 -0.0735743 0.0508586 0.0600895 -0.0342269 0.166467 -0.014391 -0.086499 0.0954725 -0.0595161 0.142265 -0.0421092 0.0710509 0.057785 0.122575 -0.133194 0.0287053 0.0127555 0.00888379
internal_weight=5091 3107 1984 1621 656 1328 1486 536 1149 472 724 604 816 120 670 306 596 230 312 567 309 292 42 249 415 163 118 553 257 354 233 219 209 78 207 291 289 220 75 181 329 97 198 187 48 313 160 81 149 52 404 240 155 521 126 341 131 185 81 85 246 169 133
internal_count=5091 3107 1984 1621 656 1328 1486 536 1149 472 724 604 816 120 670 306 596 230 312 567 309 292 42 249 415 163 118 553 257 354 233 219 209 78 207 291 289 220 75 181 329 97 198 187 48 313 160 81 149 52 404 240 155 521 126 341 131 185 81 85 246 169 133
is_linear=0
shrinkage=0.05


Tree=31
num_leaves=64
num_cat=0
split_feature=28 28 28 28 1 1 1 1 1 28 28 1 28 28 28 33 61 28 28 70 4 44 21 1 13 28 6 28 13 28 1 47 13 63 25 17 1 35 44 1 1 9 47 31 58 22 13 4 28 13 2 22 60 0 42 28 0 31 19 36 28 4 4
split_gain=7171.06 1215.98 978.77 272.917 181.063 164.933 160.602 63.6149 42.1776 32.8179 31.0799 29.7078 29.1148 25.6472 21.5128 15.4326 14.7203 12.9644 12.8692 12.8581 12.7533 11.4902 11.2399 10.6715 10.6324 9.50358 8.90808 8.29435 8.28492 7.77846 7.72029 7.6421 7.4864 7.37998 6.83445 6.50742 6.31169 6.28798 6.09068 5.99983 5.68367 5.6331 5.15573 5.01976 4.85928 4.7853 4.64817 4.60256 4.42948 4.72647 4.23174 4.19181 4.15022 4.12772 3.95367 3.85967 3.83759 3.72322 3.71663 3.62874 3.55399 3.39527 3.33476
threshold=12.309635416666652 19.105729166666652 6.0854166666666716 24.185156250000002 7.2796875000000005 0.47226412835249071 13.101302083333351 25.660416666666702 20.000000000000004 0.31562500000000004 4.9750000000000005 9.0268229166666671 17.105989583333301 14.704687500000002 7.8466145833333307 30.603906250000005 51.300024703813143 21.845052083333353 8.4968750000000011 5.4999572133515828 -0.00081066666666664987 14.500000000000002 63.045220708333353 2.2130208333333354 15.275000000000002 13.966145833333352 -0.00081066666666664987 9.6088541666666671 2.8122395833333353 -2.7153645833333298 22.957812500000006 -0.78656609248549303 8.4250000000000025 10.386566034390659 40.36429416666671 15.343750000000002 19.635937500000004 12.13697916666665 15.500000000000002 27.747656250000002 5.5709949712643709 -0.00024229166666659999 -0.78656609248549303 18.966927083333353 6.1470802535595608 42.016050041666652 5.9450520833333362 -0.00029762499999994995 16.441145833333355 14.127864583333352 44.117579291666708 56.471014666666655 9.5163355169886952 11.052622583333301 1026.5196541666653 1.9119791666666701 5.603835500000006 2.8218750000000004 3.5416666666666656 1010.2446250000002 9.8315104166666671 -0.00012379166666659998 -0.00027291666666664994
decision_type=2 2 2 2 2 2 2 2 2 2 2 2 2 2 2 2 2 2 2 2 2 2 2 2 2 2 2 2 2 2 2 2 2 2 2 2 2 2 2 2 2 2 2 2 2 2 2 2 2 2 2 2 2 2 2 2 2 2 2 2 2 2 2
left_child=2 6 5 8 14 9 13 41 17 29 23 27 16 22 40 39 47 31 -13 30 -20 26 50 57 35 -18 -14 -6 -12 -1 34 43 -29 -22 -10 48 56 54 60 -9 46 42 -5 -3 -35 -45 -4 -8 49 -15 -2 -19 -43 -47 -25 -11 -27 -7 -40 -58 -16 -31 -52
right_child=1 3 4 7 11 10 12 15 19 55 28 18 21 24 38 -17 25 51 20 -21 33 -23 -24 37 -26 36 -28 32 -30 61 -32 -33 -34 44 -36 -37 -38 -39 58 -41 -42 52 -44 45 -46 53 -48 -49 -50 -51 62 -53 -54 -55 -56 -57 59 -59 -60 -61 -62 -63 -64
leaf_value=-0.16421287013315544 0.018883135500812442 0.091880793164264424 -0.051532251862280769 0.11201951113671947 -0.027468942790057724 -0.09903709371711647 0.092078293279848483 0.1623592944187425 0.13433204296230275 -0.11110258442058335 -0.033983100322140351 -0.029798766745768247 0.10560082661352717 0.036255726602698192 -0.030509396206302386 0.21998583711527578 0.020642511401451732 0.094349782740867472 0.035584864842190422 0.080491729845098864 -0.0079667683193337686 0.056094834890861783 0.019727050512563456 -0.074176677133515348 0.0069999417968489106 0.049971937498150772 0.071560305268889998 -0.00086910252704922248 -0.063869433809258705 -0.14760088316887007 0.13474975763028635 0.088560180767420171 -0.019501071534661334 0.0028419431569297634 0.10755408752849915 0.064013613982839265 0.071575557079970806 -0.047762594821338475 -0.027304039727752135 0.19116504314511282 -0.043637583003671938 0.13440949085562623 0.14382335423697909 0.049340560872409393 0.027375207314496844 0.091052027444089884 -0.067633873967617525 0.058757893096186765 0.053819968444200464 0.012248105394010875 -0.010148027458588733 0.11788959843674512 0.15638819147028751 0.062364917164323963 -0.093829658704558477 -0.097679998928220782 0.053729348955559579 -0.084773486091213365 -0.044833050371061091 0.033240509333115682 -0.011601975294042929 -0.12439520950105774 0.0071726373356829631
leaf_weight=20 30 23 217 30 196 62 20 35 30 89 25 37 22 116 148 31 41 43 25 25 199 128 258 245 30 138 159 78 341 21 55 161 175 165 124 23 23 21 40 40 192 40 23 30 23 22 57 22 28 25 61 35 50 30 29 142 28 187 127 97 30 73 51
leaf_count=20 30 23 217 30 196 62 20 35 30 89 25 37 22 116 148 31 41 43 25 25 199 128 258 245 30 138 159 78 341 21 55 161 175 165 124 23 23 21 40 40 192 40 23 30 23 22 57 22 28 25 61 35 50 30 29 142 28 187 127 97 30 73 51
internal_value=-0.000471423 0.0695795 -0.050741 0.116979 -0.0261184 -0.08427 0.0394254 0.160746 0.0981205 -0.113712 -0.0731062 -0.0106512 0.0562584 0.0210753 -0.0432439 0.190128 0.0467697 0.0869681 -0.00155562 0.114509 0.000980227 0.0675861 0.0135089 -0.0806902 0.0347051 0.0431845 0.0757062 -0.0197454 -0.0618304 -0.135691 0.118572 0.0816946 -0.0137591 -0.00125478 0.112782 0.0390308 0.0464134 -0.0742365 -0.0337731 0.177752 -0.0502536 0.13895 0.125855 0.0711553 0.00584731 0.0653254 -0.054886 0.0746548 0.0356242 0.0320038 0.00220708 0.104933 0.146641 0.0745266 -0.0762619 -0.102858 0.0442084 -0.0883309 -0.0406394 0.0378379 -0.0273264 -0.1296 -0.00225654
internal_weight=5091 2127 2964 827 1709 1255 1300 249 578 345 910 898 678 622 811 106 369 344 449 234 412 309 400 544 222 327 181 449 366 114 209 266 253 387 154 192 286 295 345 75 466 143 53 105 188 82 274 42 169 141 142 78 90 52 274 231 263 249 167 125 178 94 112
internal_count=5091 2127 2964 827 1709 1255 1300 249 578 345 910 898 678 622 811 106 369 344 449 234 412 309 400 544 222 327 181 449 366 114 209 266 253 387 154 192 286 295 345 75 466 143 53 105 188 82 274 42 169 141 142 78 90 52 274 231 263 249 167 125 178 94 112
is_linear=0
shrinkage=0.05


Tree=32
num_leaves=64
num_cat=0
split_feature=1 1 1 1 33 1 1 1 30 30 1 12 30 30 30 32 49 66 26 66 58 49 1 34 1 50 57 1 61 14 57 1 52 16 46 70 64 67 70 34 56 57 57 33 61 1 33 50 50 1 66 69 50 70 51 30 1 49 30 66 56 49 49
split_gain=6272.64 1079.62 794.407 202.918 184.553 143.29 137.428 81.2068 65.2836 35.7316 35.7084 33.5001 32.4524 31.9715 27.9146 22.0104 21.2218 20.4559 20.2776 18.1652 16.455 16.4438 16.4256 15.5235 15.4766 15.3719 14.5459 12.4883 12.3652 12.5376 11.8163 9.69411 9.64758 9.62787 9.31457 9.06619 8.91674 9.94105 8.90223 8.2052 8.03333 7.88476 9.81174 7.62174 6.94051 6.66725 6.60217 6.53707 6.35434 6.00562 5.83435 5.32578 5.22076 5.15804 4.96978 4.86766 4.66185 4.59278 4.21887 4.17966 4.13725 3.8987 3.79989
threshold=11.409635416666651 5.5114583333333362 18.908333333333356 0.95468750000000013 23.211718750000003 14.944531250000002 8.5161458333333382 25.660416666666702 12.240364583333351 15.1877604166667 -1.9283854166666698 4.0184895833333352 10.271875000000001 8.5065104166666732 6.4208333333333352 8.145572916666671 -0.78829775591774587 5.3152169754535121 58.611563000000004 5.1247599943440649 8.1673127410231974 -0.57023701209772126 13.101302083333351 11.432031250000003 20.492708333333351 -0.78295110140207591 8.3036064928845139 21.694791666666653 50.930455251546931 9.1583333333333368 14.510160900297619 7.2247395833333359 0.00071927130576136583 -0.32499999999999996 3.5000000000000004 4.9324326302643087 3.9810512363455706 1010.4193448784727 10.71544470431216 27.538802083333355 3.0304282392783963 13.4428787917003 20.327484418272512 8.3559895833333364 66.862769633222385 2.4630208333333354 28.661718750000002 -0.82389248692129191 -0.8038981836306559 9.9687500000000018 3.721538938835883 1014.8872996044357 -0.42108527284769387 4.68406005111681 -7.3382483237538116e-05 5.7059895833333352 4.3195312500000007 -0.95747632178960107 2.0191649011299453 4.0332416368265287 8.2279665240840263 -0.92263100495486394 -0.94970904815366253
decision_type=2 2 2 2 2 2 2 2 2 2 2 2 2 2 2 2 2 2 2 2 2 2 2 2 2 2 2 2 2 2 2 2 2 2 2 2 2 2 2 2 2 2 2 2 2 2 2 2 2 2 2 2 2 2 2 2 2 2 2 2 2 2 2
left_child=1 3 5 10 8 12 13 24 15 28 33 18 26 43 -8 -4 30 41 -5 21 31 40 52 38 -6 46 -2 48 -7 -30 -10 -15 -19 -1 58 60 -26 -38 -12 -27 -16 53 -43 55 -13 -36 -9 -34 -18 -23 61 57 -14 -11 -31 -3 -46 -24 -20 -35 -21 -33 -53
right_child=2 6 4 11 7 9 14 25 16 17 23 44 22 20 19 -17 27 32 34 35 -22 49 51 -25 36 39 -28 -29 29 54 -32 50 47 59 45 -37 37 -39 -40 -41 -42 42 -44 -45 56 -47 -48 -49 -50 -51 -52 62 -54 -55 -56 -57 -58 -59 -60 -61 -62 -63 -64
leaf_value=-0.15463526749410708 -0.028203017966039093 -0.054709398779554275 0.0038601924659771463 -0.034172752130976952 0.094894811816428712 0.075558248042775958 -0.044246468677902114 0.18154463024910661 0.10187268644273323 0.084389924757856241 -0.092559500530849326 -0.039845481733851315 0.014999544498692922 -0.031040749037438892 0.014401507456400939 0.067363407230276243 0.083753721633752443 0.063470289510761779 -0.09698502956608665 0.0039904560515777133 0.014839167539024496 -0.012753814584672108 0.051059210284262607 -0.055734924409152169 0.117195074040358 0.13629829505870844 0.017136677215215289 0.12887042380776007 0.00075380305756646792 0.05465570192016328 0.074140957472833419 -0.0080343307732527042 0.11858409162236901 -0.13030988680386227 -0.0733646507986941 0.045653978569040785 0.17140883711564003 0.1319392353408631 -0.11365565091633936 0.17531679884137635 -0.0051163457547210144 0.054151922482268702 0.080472877533587839 -0.029736146377835157 -0.064118604066833465 -0.058544161596084804 0.22054756737335612 0.088845481960020622 0.11003203342096531 8.4846112538935616e-05 -0.007351832131014726 0.041250942931396251 0.030758455262326123 0.061391983379410688 0.029349800218104197 -0.03960687337951932 -0.051934364065866573 0.033995642351044263 -0.076755904807402381 -0.10884694736629211 0.030697408348485042 -0.027218714472132966 0.063036566412327397
leaf_weight=25 28 73 22 37 36 22 34 22 73 70 204 88 68 184 183 36 34 29 29 47 32 227 58 24 62 20 48 71 22 44 82 35 25 46 159 29 22 61 67 44 74 169 45 155 111 147 23 74 74 152 111 33 234 38 35 202 275 125 262 47 21 110 52
leaf_count=25 28 73 22 37 36 22 34 22 73 70 204 88 68 184 183 36 34 29 29 47 32 227 58 24 62 20 48 71 22 44 82 35 25 46 159 29 22 61 67 44 74 169 45 155 111 147 23 74 74 152 111 33 234 38 35 202 275 125 262 47 21 110 52
internal_value=-0.000447625 -0.0432916 0.0714469 -0.0737616 0.11466 0.0472692 -0.015523 0.144905 0.0922802 0.0654719 -0.103677 -0.0626095 0.031122 -0.0287533 3.55361e-05 0.0432894 0.100785 0.0720017 -0.0701304 0.0020908 -0.0197656 -0.000982511 0.0352141 -0.094364 0.124348 0.179021 0.000424488 0.11253 0.0415744 0.0341602 0.0872107 -0.0222837 0.0889268 -0.126946 -0.0723575 0.0222448 0.13165 0.142426 -0.097781 0.163155 0.00877965 0.0652696 0.0596925 -0.0386171 -0.0525476 -0.0662488 0.201535 0.0963715 0.101772 -0.00760361 -0.0159866 0.0442277 0.0272124 0.0763091 0.0434557 -0.0436196 -0.055441 0.039409 -0.0787768 -0.119481 0.0122488 -0.0225923 0.0545903
internal_weight=5091 3190 1901 1521 682 1219 1669 290 392 573 413 1108 646 902 767 58 334 450 634 733 472 636 570 295 181 109 76 179 123 101 155 440 128 118 597 97 145 83 271 64 257 322 214 430 474 306 45 99 108 379 256 268 302 108 79 275 386 183 291 93 68 145 85
internal_count=5091 3190 1901 1521 682 1219 1669 290 392 573 413 1108 646 902 767 58 334 450 634 733 472 636 570 295 181 109 76 179 123 101 155 440 128 118 597 97 145 83 271 64 257 322 214 430 474 306 45 99 108 379 256 268 302 108 79 275 386 183 291 93 68 145 85
is_linear=0
shrinkage=0.05


Tree=33
num_leaves=64
num_cat=0
split_feature=28 28 28 28 1 1 1 1 28 28 28 1 28 28 1 5 28 21 4 44 14 28 26 61 12 28 63 1 28 21 14 13 0 1 28 14 14 1 28 47 18 56 1 3 44 13 28 1 65 48 6 56 28 28 28 39 65 24 29 42 13 8 1
split_gain=5856.59 953.925 834.752 188.876 156.033 146.706 127.888 51.2827 39.739 37.7944 27.1019 25.9109 19.9092 19.2213 18.7399 11.0904 11.0104 10.4235 10.3409 10.1525 9.74059 8.94082 8.76215 8.57305 8.09536 7.79164 7.72608 7.25864 7.07149 7.00675 6.94427 6.60621 6.56838 8.1527 6.49499 6.66899 6.28015 6.23819 6.23119 5.78364 5.76823 5.71494 5.34153 5.2729 4.99376 4.64 4.60616 4.58248 4.92534 4.45514 4.29874 4.15422 4.05064 3.99206 3.93774 3.77457 3.73096 3.67915 3.62564 3.47466 3.43682 3.39656 3.36765
threshold=12.454166666666653 19.792447916666703 6.5507812500000009 24.185156250000002 1.2331832627118653 14.684895833333352 7.9283854166666705 27.033333333333303 15.1877604166667 0.31562500000000004 4.9750000000000005 20.492708333333351 7.8466145833333307 17.455468750000005 10.566145833333351 0.00084483333333325013 8.4968750000000011 65.73444795833332 -0.00081066666666664987 14.500000000000002 3.0927083333333356 10.164322916666652 45.034537583333353 51.300024703813143 10.657552083333302 26.731250000000003 16.029871961805558 -3.7072916666666695 16.441145833333355 60.38309183333336 8.5872395833333375 15.589583333333353 11.052622583333301 16.105468750000004 14.084375000000003 12.350260416666652 5.9450520833333362 3.5085937500000006 2.2406250000000005 -0.70710678118654735 10.057812500000002 3.9326841910353747 19.056510416666654 1028.9025274509802 16.500000000000004 25.088894774011305 9.8315104166666671 2.2130208333333354 8.3337751116071459 -0.70710678118654757 -0.00021004166666664998 1.1831677517281116 13.755208333333302 15.559375000000001 11.928906250000002 1006.3742958333352 13.373259974231575 41.558632208333307 15.934895833333352 1012.0650916666701 -3.1486979166666647 -0.0004806249999999499 4.3195312500000007
decision_type=2 2 2 2 2 2 2 2 2 2 2 2 2 2 2 2 2 2 2 2 2 2 2 2 2 2 2 2 2 2 2 2 2 2 2 2 2 2 2 2 2 2 2 2 2 2 2 2 2 2 2 2 2 2 2 2 2 2 2 2 2 2 2
left_child=2 5 4 11 9 8 12 25 17 27 43 29 36 23 21 24 -16 52 -18 31 -12 -8 -9 -7 -10 45 -13 -1 -26 32 -23 -15 33 -3 -25 -36 -4 -38 -11 51 -30 -28 -34 47 -27 61 -41 -6 -49 -43 -31 -14 -2 -37 -32 -33 -20 -40 -54 -42 -29 -5 -22
right_child=1 3 6 7 10 13 14 22 15 38 20 26 39 19 16 -17 18 -19 56 -21 62 30 -24 34 28 44 41 60 40 50 54 55 42 -35 35 53 37 -39 57 46 59 49 -44 -45 -46 -47 -48 48 -50 -51 -52 -53 58 -55 -56 -57 -58 -59 -60 -61 -62 -63 -64
leaf_value=-0.1420277250423391 0.00058668768949884237 0.057825554565427956 -0.035858445158312373 0.10977119332776075 -0.076678730466861189 0.072604238225434353 -0.018418062906181212 0.19461592560540003 0.072064061663944315 -0.096531517336237688 -0.034376159589492618 0.090456231056215905 -0.019326198185264418 0.097063001637774995 -0.028260076764239361 0.002821327425327258 0.044729667508054044 0.022811390144299504 0.0012276402487812633 0.056668932546979092 -0.060582884924706475 0.0097549944691597539 0.16114203050423206 0.02061554663796028 0.03126466119240999 0.16056483235371108 0.10303783328866555 -0.096382260980746801 0.059498528066947401 0.1086808386588595 -0.012080238591445296 0.058876175784002893 0.05534708568503665 0.091728325224389493 0.065073372841036953 0.025563514460862975 -0.074952020331940608 -0.046014051959393475 -0.066235098420484681 -0.026800664900464635 0.048411535072316936 0.13503242011322408 0.07981484848324534 -0.090151576683832585 0.12785355938099385 0.10334497638246337 -0.012552006871631591 -0.068078713214005257 -0.047904586065874485 0.10717841247278966 0.086156715638905534 -0.038640200038998679 0.019783721680189267 0.04706282482899285 0.0019422710287403172 0.076508111702952949 0.016929306302568333 -0.085835469179568372 -0.0023233702499380663 0.029109728551732317 -0.12001786607817698 0.13293773358036676 -0.051801467614251834
leaf_weight=33 98 22 165 21 140 33 222 41 20 151 57 53 35 30 20 20 20 278 109 119 230 61 39 24 145 28 67 21 56 33 217 44 46 95 45 27 21 171 29 235 49 38 44 33 21 25 75 238 35 24 62 139 81 111 65 102 58 151 24 45 64 74 212
leaf_count=33 98 22 165 21 140 33 222 41 20 151 57 53 35 30 20 20 20 278 109 119 230 61 39 24 145 28 67 21 56 33 217 44 46 95 45 27 21 171 29 235 49 38 44 33 21 25 75 238 35 24 62 139 81 111 65 102 58 151 24 45 64 74 212
internal_value=-0.00042503 0.0639929 -0.0450701 0.109919 -0.073408 0.0390745 -0.020579 0.14531 0.0257316 -0.0976791 -0.0618746 0.0917073 -0.034068 0.0594237 -0.00588355 0.0389542 0.00698493 0.0165208 0.0107584 0.0679782 -0.0538624 -0.0105991 0.178326 0.0489043 0.0412466 0.129669 0.106626 -0.121995 0.0391532 0.0827113 -0.00553661 0.0756184 0.0775253 0.0853632 0.0451203 0.04833 -0.0430285 -0.0491855 -0.0890055 -0.0274569 0.0467728 0.113259 0.0673222 -0.0708364 0.146585 0.122745 -0.0233555 -0.0692897 -0.065496 0.124277 0.0939968 -0.0347594 0.00790304 0.0428622 -0.00884637 0.0712022 0.00668459 -0.0826843 0.0147262 0.0391807 -0.114196 0.127834 -0.0563734
internal_weight=5091 2084 3007 733 1394 1351 1613 249 816 449 945 484 841 535 772 335 207 481 187 295 499 565 80 240 315 169 182 118 295 302 343 176 207 117 207 183 357 192 331 484 150 129 90 446 49 120 310 413 273 62 95 174 203 138 282 146 167 180 105 94 85 95 442
internal_count=5091 2084 3007 733 1394 1351 1613 249 816 449 945 484 841 535 772 335 207 481 187 295 499 565 80 240 315 169 182 118 295 302 343 176 207 117 207 183 357 192 331 484 150 129 90 446 49 120 310 413 273 62 95 174 203 138 282 146 167 180 105 94 85 95 442
is_linear=0
shrinkage=0.05


Tree=34
num_leaves=64
num_cat=0
split_feature=28 28 28 28 1 1 1 1 1 1 28 28 28 28 28 61 28 70 4 13 17 14 21 63 49 13 28 35 28 14 12 28 14 1 28 13 4 1 9 28 28 1 4 51 0 50 1 61 28 47 1 48 14 1 4 28 14 49 28 60 30 51 14
split_gain=5287.26 912.791 709.665 201.368 145.995 121.79 110.109 46.562 30.6817 24.1855 24.1457 21.4382 20.783 18.1268 16.4251 11.406 10.2809 10.2754 9.76619 9.23384 9.03657 8.89413 8.82804 7.80678 7.63679 7.62319 6.80058 6.48911 6.15576 6.08452 5.95915 5.74414 5.72175 5.65386 5.57774 5.50075 5.07463 5.03228 4.86936 4.86073 4.84188 4.76581 4.56096 4.53014 4.36021 4.32963 4.32656 4.31549 4.29898 4.25059 4.05919 4.95597 3.97104 3.9048 3.89525 3.89068 3.7962 3.70716 3.68742 3.52432 3.42371 3.26974 3.22757
threshold=12.240364583333351 19.105729166666652 5.8763020833333366 24.185156250000002 7.0864583333333355 13.101302083333351 0.47226412835249071 25.660416666666702 20.000000000000004 9.0268229166666671 0.31562500000000004 17.105989583333301 14.704687500000002 4.0786458333333302 7.6122395833333307 51.300024703813143 21.364062500000003 5.8285064313540582 -0.00087058333333324986 15.275000000000002 29.857291666666701 16.224479166666704 63.045220708333353 10.329094079262452 -0.57023701209772126 18.698437500000001 13.966145833333352 12.833333333333302 -2.7153645833333298 17.851562500000004 10.063020833333303 8.6130208333333318 12.132812500000002 16.819791666666656 15.014583333333352 20.498437500000005 -0.00052312500000004992 3.3458333333333354 -0.00024229166666659999 22.984895833333304 8.9804687500000018 27.747656250000002 -0.00023662499999989997 8.8289930555571409e-05 11.215857958333352 0.998148560797531 17.095833333333353 56.078778346974211 8.8924479166666703 -0.78656609248549303 11.483333333333352 0.78656609248549303 9.4992187500000025 3.5085937500000006 -0.00029762499999994995 17.877343750000005 7.9283854166666705 -0.58429276287313725 15.559375000000001 9.5163355169886952 17.586458333333354 0.00011654861111113009 4.8859375000000007
decision_type=2 2 2 2 2 2 2 2 2 2 2 2 2 2 2 2 2 2 2 2 2 2 2 2 2 2 2 2 2 2 2 2 2 2 2 2 2 2 2 2 2 2 2 2 2 2 2 2 2 2 2 2 2 2 2 2 2 2 2 2 2 2 2
left_child=2 5 6 8 14 12 10 38 16 24 28 15 22 27 42 54 25 29 -11 30 41 47 -2 31 44 46 -17 45 -1 -10 -14 -20 34 -27 -28 -18 -16 -15 49 61 -26 -9 53 -25 -6 -8 -3 -13 -38 -5 51 -32 -24 -4 -7 -23 -50 -39 -34 -40 -57 -31 -44
right_child=1 3 4 7 9 11 13 20 17 18 -12 21 19 37 36 26 35 -19 23 -21 -22 55 52 43 40 33 32 -29 -30 39 50 -33 58 -35 -36 -37 48 57 59 -41 -42 -43 62 -45 -46 -47 -48 -49 56 -51 -52 -53 -54 -55 -56 60 -58 -59 -60 -61 -62 -63 -64
leaf_value=-0.14199472406636113 0.0013406029117717382 0.0673082427379742 -0.06889751103385873 0.094680931503794197 -0.0039102658760730696 0.080665519911012076 -0.073551307432857496 0.13974071178531619 0.11803247932327295 0.028689706728148346 -0.088436021711415749 0.084618812205667374 0.060085891051937457 -0.063819552030007956 -0.046367655181882829 0.018125889179449982 0.096797248915273151 0.06558563813655173 -0.032626214376786665 0.0043762601772990477 0.18661813152825502 0.038999821282494546 0.034790197552431068 0.00035508916508005873 -0.03050344672350035 0.036171229643707434 0.037607561039111566 -0.046179290904083112 -0.11120354877661016 0.086093610618075023 0.010374196106696005 -0.0071101442509243183 0.025626922549626376 0.064698544602129912 0.067224400055585443 0.074534709720617764 -0.033003969310340879 -0.040927956878840994 0.11528374506395718 0.10835864114061594 -0.017835897126607856 0.16532830582491365 -0.034713362875164529 0.020942880336156829 -0.023775730621596238 -0.093179667765034335 0.086195499158393515 0.062806179573279816 -0.0096342595469006594 0.12354229179375693 0.037583190188616722 0.037283093538737343 0.01457384266837169 -0.047517453265024802 0.050018258753661282 0.074302816980782296 -0.028488032350939659 -0.056501247293858685 0.039957261890418136 0.13551468813426495 0.05149367061662085 0.10837902996666032 -0.045329862438001772
leaf_weight=20 146 59 33 30 119 20 255 34 45 25 230 29 20 243 46 42 64 22 25 30 30 53 27 162 111 22 31 20 94 84 40 188 63 85 33 50 194 46 40 62 237 42 96 32 36 32 64 109 46 23 102 30 246 62 22 20 64 238 159 50 98 21 290
leaf_count=20 146 59 33 30 119 20 255 34 45 25 230 29 20 243 46 42 64 22 25 30 30 53 27 162 111 22 31 20 94 84 40 188 63 85 33 50 194 46 40 62 237 42 96 32 36 32 64 109 46 23 102 30 246 62 22 20 64 238 159 50 98 21 290
internal_value=-0.000403554 0.0592635 -0.0439178 0.100452 -0.0238676 0.0334575 -0.0739752 0.138047 0.0842531 -0.0103136 -0.0977813 0.0482143 0.0178245 -0.0641543 -0.0391169 0.0400885 0.0747401 0.098232 -0.00163496 0.0301944 0.163187 0.0579411 0.0112688 -0.00349955 -0.017766 0.0686356 0.0369413 -0.0738219 -0.116622 0.101614 0.0342254 -0.0101087 0.0397019 0.0588417 0.0528947 0.0870448 -0.0308699 -0.0585202 0.119398 0.0971803 -0.0218786 0.153908 -0.0451161 0.0037545 -0.00852864 -0.0757447 0.077146 0.0673994 -0.0285217 0.107236 0.0312121 0.0219174 0.0165763 -0.0549559 0.0646398 0.0503016 -0.0206099 -0.0539821 0.0358941 0.126543 0.0553698 0.0905654 -0.0426918
internal_weight=5091 2147 2944 827 1766 1320 1178 249 578 935 344 679 641 834 831 370 344 234 432 222 106 309 419 407 503 230 328 307 114 212 192 213 286 107 64 114 350 527 143 167 348 76 481 194 155 287 123 138 304 53 172 70 273 95 42 171 110 284 222 90 118 105 386
internal_count=5091 2147 2944 827 1766 1320 1178 249 578 935 344 679 641 834 831 370 344 234 432 222 106 309 419 407 503 230 328 307 114 212 192 213 286 107 64 114 350 527 143 167 348 76 481 194 155 287 123 138 304 53 172 70 273 95 42 171 110 284 222 90 118 105 386
is_linear=0
shrinkage=0.05


Tree=35
num_leaves=64
num_cat=0
split_feature=1 1 1 1 33 1 1 1 30 30 13 63 65 16 66 1 66 0 30 53 1 33 50 53 49 50 64 30 16 1 58 52 1 49 3 0 57 57 66 69 1 11 68 59 1 66 30 68 0 66 49 69 31 69 69 30 46 1 62 53 63 52 15
split_gain=4616.81 788.412 621.55 160.734 159.559 109.181 80.7341 63.2648 56.2063 39.8438 32.3053 29.913 29.1919 22.242 20.0227 19.5872 18.6339 18.2694 18.184 17.6329 16.4599 14.5273 14.3244 12.3877 10.4908 10.4799 10.3257 9.57232 9.32459 9.15116 9.75049 8.98629 8.86727 8.7918 8.68956 8.63281 11.0409 8.12755 7.82793 7.69991 7.04742 6.9826 6.9609 6.53614 6.37348 6.27866 5.87972 5.68216 5.57447 5.04119 4.88535 5.85629 4.67551 4.60569 4.52431 4.49081 4.4617 4.36288 4.23831 4.15484 4.0428 4.03204 4.02236
threshold=11.244270833333301 5.3739583333333352 18.261197916666656 -0.29869791666666645 23.569010416666654 7.8635416666666709 14.357031250000002 25.055468750000006 12.659895833333302 4.4539062500000002 9.0268229166666671 11.913878038194445 16.792175598390845 5.4908854166666705 4.9354651567296104 2.9075520833333308 4.3167830600916259 8.2553322500000021 10.482031250000002 -0.00011374925595237255 22.074218750000004 30.603906250000005 0.80898702767051955 -0.00019739530309247292 -0.58429276287313725 0.90515966073569365 4.0866303976543987 5.4161458333333359 22.208593750000002 12.350260416666652 7.2710190698362975 0.00041107997981254123 1.8289062500000002 1.0000000180025095e-35 999.75688666666713 8.7472178333333428 20.017205286731571 8.3036064928845139 3.9014617483301772 1012.2624652303437 -2.6971354166666694 -0.00027749999999999991 2.131834339150342 55.844531609375011 16.228208862994354 6.0279237189743347 1.7106770833333302 2.5340672574707575 7.1313039583333415 4.0456509941550811 -0.28022029520735747 1007.4101266542658 15.759375000000002 1020.0315361111112 1006.0860735813493 18.088802083333352 3.5000000000000004 15.709895833333302 8.9509683617013156 -6.739820231252354e-05 23.426529947916674 0.00076674826175725751 13.494010416666653
decision_type=2 2 2 2 2 2 2 2 2 2 2 2 2 2 2 2 2 2 2 2 2 2 2 2 2 2 2 2 2 2 2 2 2 2 2 2 2 2 2 2 2 2 2 2 2 2 2 2 2 2 2 2 2 2 2 2 2 2 2 2 2 2 2
left_child=1 3 6 22 8 16 18 26 13 32 -8 27 15 -4 19 43 24 23 37 -12 35 39 -1 -13 -3 -24 -6 -7 62 -20 48 -22 -5 -34 -16 55 47 -2 -17 60 -27 -28 -33 -11 -36 56 -35 58 52 -29 -45 -52 -31 -26 -19 -10 -25 -21 -37 -15 -9 -46 -18
right_child=2 5 4 9 7 11 10 21 20 12 14 17 -14 59 34 38 28 54 29 57 31 -23 25 45 53 40 41 49 -30 30 -32 42 33 46 44 36 -38 -39 -40 -41 -42 -43 -44 50 61 -47 -48 -49 -50 -51 51 -53 -54 -55 -56 -57 -58 -59 -60 -61 -62 -63 -64
leaf_value=-0.089108061318853182 -0.018898264458977118 -0.01843363046081848 -0.0058655947333344505 -0.077767194007932874 0.094080954316605223 -0.040024630907857815 -0.0074425507704365098 0.16998279206268574 0.078510324436063539 -0.044575593215296389 0.060733497717454468 0.049929499766589454 0.0091535256735269348 0.039733047718829982 0.096324143156907904 -0.04996428018469011 -0.015619406738612153 0.0084057232224429325 0.019827156099085867 0.031897285621959974 0.074968062994729384 0.18326230852575465 -0.14511865058415371 -0.0044255922489744512 -0.034098070846210603 -0.12432802836658569 0.14405959958635248 -0.01294487810861627 0.017059558060863563 0.026411832051009138 0.063147275417340082 0.11832297063800448 -0.052165246331093477 -0.09339093230620045 0.051243004922581686 0.062437663581224913 0.091279823147455363 0.01534325381319891 -0.035558100499929413 0.11883629205474154 -0.09674684951462198 0.10912584917668561 0.084802675889765075 -0.059687816706072885 0.056138657839571837 0.033744155500128561 -0.066550993604933786 0.044547973218832047 0.022039258943702237 -0.00026845723349524386 -0.099629656998054317 -0.069287857776393916 0.042791344313552006 -0.04808959935055751 -0.013488932848527172 0.10168234653504685 0.011235982347752497 0.04505419902481711 0.080068869523869712 0.068194524543236865 0.14254622836390221 0.080721070209023499 -0.035630206883410454
leaf_weight=115 30 101 21 181 91 28 23 22 35 37 148 21 20 24 23 434 156 30 216 117 24 31 22 57 378 37 21 320 20 74 25 62 105 25 63 71 67 41 121 24 64 47 21 101 25 26 116 24 116 104 20 81 107 70 110 54 224 138 67 28 38 52 30
leaf_count=115 30 101 21 181 91 28 23 22 35 37 148 21 20 24 23 434 156 30 216 117 24 31 22 57 378 37 21 320 20 74 25 62 105 25 63 71 67 41 121 24 64 47 21 101 25 26 116 24 116 104 20 81 107 70 110 54 224 138 67 28 38 52 30
internal_value=-8.11057e-05 -0.0375904 0.0599715 -0.0641939 0.0949578 -0.0140994 0.0374251 0.125608 0.0780911 -0.0569737 0.0506243 -0.00253453 -0.0504811 0.0375412 0.0529849 -0.051984 -0.0281908 0.0063251 0.0246579 0.0469973 0.0850539 0.153876 -0.101836 0.0127797 -0.0330033 -0.113724 0.105151 -0.0117088 -0.0153618 0.0277965 0.0331401 0.102046 -0.069348 -0.0631485 0.0677816 0.079332 0.0741752 0.000867342 -0.0468251 0.143004 -0.106867 0.119941 0.109859 -0.0639593 0.0630823 0.0102354 -0.0713197 0.0670928 0.0306105 -0.00983683 -0.0675049 -0.0753104 0.0360993 -0.0362864 -0.00879338 0.0925852 0.00805726 0.0390209 0.0710065 0.0550782 0.152641 0.0727546 -0.0188514
internal_weight=5124 3154 1970 1479 772 1675 1198 274 498 1241 589 920 814 73 566 794 755 468 609 403 425 115 238 328 549 123 159 452 206 538 322 107 427 246 163 318 229 71 555 84 101 68 83 239 140 307 141 162 297 424 202 101 181 448 140 89 281 255 138 52 60 77 186
internal_count=5124 3154 1970 1479 772 1675 1198 274 498 1241 589 920 814 73 566 794 755 468 609 403 425 115 238 328 549 123 159 452 206 538 322 107 427 246 163 318 229 71 555 84 101 68 83 239 140 307 141 162 297 424 202 101 181 448 140 89 281 255 138 52 60 77 186
is_linear=0
shrinkage=0.05


Tree=36
num_leaves=64
num_cat=0
split_feature=28 28 28 28 1 1 28 28 28 1 3 1 1 1 28 28 29 14 28 14 69 28 43 46 0 1 59 50 13 0 1 1 57 14 66 9 1 28 1 58 28 14 30 57 50 44 1 3 61 1 13 13 10 14 0 1 13 3 48 53 1 68 0
split_gain=4325.1 759.433 592.079 166.279 122.408 104.91 99.7945 39.1837 27.9544 27.0819 17.4206 17.2957 16.8453 15.9292 14.5568 14.445 10.1339 9.30043 8.41458 8.25702 8.31168 8.00657 7.59415 7.49576 7.05986 9.66573 7.00155 6.85252 6.79098 6.78436 6.71029 6.59035 6.27537 5.68118 5.67836 5.91907 5.26371 5.22959 5.12704 4.84427 4.81542 4.76425 4.74897 4.60863 4.9544 4.48177 4.47024 4.40052 4.31176 4.19761 4.07252 3.8693 3.70315 3.66833 3.56647 3.49242 3.65216 3.4519 3.35107 3.26509 3.2648 3.23823 3.23029
threshold=13.603906250000001 7.4151041666666657 21.364062500000003 3.6458333333333353 16.105468750000004 8.6476562500000025 26.731250000000003 0.67161458333333368 15.847395833333303 4.3195312500000007 999.55180875000008 6.6835937500000009 11.171354166666701 22.074218750000004 18.484114583333355 31.970572916666651 -2.7153645833333298 17.851562500000004 11.408072916666653 9.2294270833333361 1017.7499076153484 9.1401041666666725 1008.2402750000001 3.5000000000000004 7.1313039583333415 11.570572916666652 50.093967631944452 -0.098820138732871751 10.463020833333351 8.7472178333333428 0.30807291666666653 27.747656250000002 20.017205286731571 15.502604166666652 3.721538938835883 -0.00053058333333334991 7.1476562500000007 5.2835937500000005 1.3570312500000001 4.7810224339548233 11.300781250000002 19.326562500000005 23.656250000000004 19.154393171116507 -0.27608674622158907 17.500000000000004 20.000000000000004 999.89182708333317 62.203595050347225 18.908333333333356 2.8122395833333353 9.0268229166666671 -0.00071399264705879998 6.3507812500000007 5.0738091250000057 11.835416666666701 11.835416666666701 1009.4186333333301 -0.5 -5.4079861111077026e-06 13.555468750000001 0.90556856284815879 -3.7690431666666546
decision_type=2 2 2 2 2 2 2 2 2 2 2 2 2 2 2 2 2 2 2 2 2 2 2 2 2 2 2 2 2 2 2 2 2 2 2 2 2 2 2 2 2 2 2 2 2 2 2 2 2 2 2 2 2 2 2 2 2 2 2 2 2 2 2
left_child=1 3 4 7 8 11 13 16 33 38 -10 19 18 29 26 22 -1 46 51 21 -21 53 -8 37 25 -12 -6 52 -20 45 -9 57 42 47 -13 -36 -25 -11 50 -32 -29 -26 -31 44 -15 -4 -16 -2 -40 54 -5 -7 -14 -3 -19 56 -49 -24 61 -35 -27 -45 -50
right_child=2 5 6 9 14 12 15 30 10 23 24 34 27 43 17 -17 -18 49 28 20 -22 -23 31 36 41 60 -28 40 -30 32 39 -33 -34 59 35 -37 -38 -39 48 -41 -42 -43 -44 58 -46 -47 -48 55 62 -51 -52 -53 -54 -55 -56 -57 -58 -59 -60 -61 -62 -63 -64
leaf_value=-0.13704850664143561 0.04083282165756924 -0.02307415431343475 0.10124338547187661 -0.06069711372885616 0.078492090757094013 -0.0016100901062787003 0.16461385423259925 -0.081126602696594052 0.084811932021580896 -0.058485629030608 0.01744157265611072 -0.020950563794620278 0.042843753704126325 0.087975234339947653 0.073034284323359247 0.18367242776797191 -0.098626489268086065 0.073542144535780493 0.012251039186108459 -0.075312657206729305 -0.031597382589858156 -0.012087515684453307 0.13159294116502998 -0.034863037092597346 0.033030040026269435 0.038792626144776132 0.047905090910053336 -0.0092132640438207635 -0.0035103330590064881 0.078306506493231898 -0.070109194651389817 0.14613503515968651 0.088915949924854285 0.017250869870300431 -0.03377594095385629 -0.0067448787662225777 -0.0092465421872157637 -0.041539235575642479 -0.040762262862420379 -0.044173819455934842 0.012316177527918576 0.0082598135579704784 0.051227957478902381 0.11056150509410963 0.11379217437117295 0.075653667850204082 0.094186907428994646 0.024172630554396762 -0.050997925807578316 0.069808407155429464 -0.087001314144144054 -0.014318312697737312 0.018951520601919212 -0.036465655927418329 0.051028909898040056 0.026782008694993961 0.0085407948930014618 0.1021542286770733 0.10038304982105205 -0.00960612223039836 0.051176817466336393 0.13784694830162117 -0.059621307821816953
leaf_weight=20 36 74 83 58 21 106 21 166 21 54 33 303 20 46 85 21 128 22 130 20 24 61 20 160 103 87 178 36 144 44 198 36 79 26 23 170 23 299 58 20 93 24 26 22 32 22 36 78 219 92 20 138 87 168 92 200 72 21 22 20 140 23 220
leaf_count=20 36 74 83 58 21 106 21 166 21 54 33 303 20 46 85 21 128 22 130 20 24 61 20 160 103 87 178 36 144 44 198 36 79 26 23 170 23 299 58 20 93 24 26 22 32 22 36 78 219 92 20 138 87 168 92 200 72 21 22 20 140 23 220
internal_value=-7.68807e-05 -0.0351063 0.0601643 -0.058972 0.0429025 -0.0105526 0.105682 -0.0819601 0.0310565 -0.0479632 0.0404439 -0.0226724 0.00299732 0.0936888 0.0618181 0.145881 -0.103831 0.0683136 -0.00204633 -0.0312367 -0.0514919 -0.028292 0.137759 -0.0398727 0.0380329 0.0427574 0.0511392 0.0140695 0.00396604 0.0861199 -0.0735269 0.130408 0.0792226 0.0221888 -0.0166793 -0.00997037 -0.0316469 -0.0441346 -0.0555032 -0.0677342 0.00630384 0.028354 0.0682647 0.106937 0.0985864 0.0958942 0.079339 0.0241685 -0.0536246 0.0618315 -0.0674585 -0.00879987 0.0234256 -0.0323739 0.055384 0.0224519 0.0166738 0.116555 0.116636 0.0055635 0.0464346 0.124546 -0.0553218
internal_weight=5124 3240 1884 1643 1366 1597 518 532 840 1111 408 843 754 399 526 119 148 327 518 347 44 303 98 536 387 260 199 236 274 254 384 77 149 432 496 193 183 353 575 218 129 127 70 145 78 105 121 386 497 206 78 244 107 242 114 350 150 41 67 46 227 45 439
internal_count=5124 3240 1884 1643 1366 1597 518 532 840 1111 408 843 754 399 526 119 148 327 518 347 44 303 98 536 387 260 199 236 274 254 384 77 149 432 496 193 183 353 575 218 129 127 70 145 78 105 121 386 497 206 78 244 107 242 114 350 150 41 67 46 227 45 439
is_linear=0
shrinkage=0.05


Tree=37
num_leaves=64
num_cat=0
split_feature=28 1 28 1 1 28 28 28 28 1 28 28 33 3 1 28 0 4 58 14 14 28 1 15 57 14 62 0 1 0 1 59 0 28 14 57 14 24 39 16 3 14 30 54 57 64 44 28 1 22 28 13 43 44 1 13 13 31 64 28 48 28 48
split_gain=3903.53 687.767 534.381 152.171 110.475 94.6656 90.0704 40.2409 25.2291 22.3094 22.0357 17.3204 16.3598 15.7225 14.3764 13.2846 11.1299 11.1696 9.97338 9.60558 9.50131 9.40163 9.25826 7.4975 7.49432 7.09145 6.84384 6.37084 8.72253 6.32715 6.1895 6.12785 6.12126 5.75362 6.25315 5.6616 5.1273 5.05 4.98433 4.81746 4.43264 4.29919 4.28462 4.20828 4.15811 4.47086 4.0426 4.01256 3.90306 3.85859 5.73956 3.78261 3.77157 3.75007 3.59446 3.43457 3.39151 3.36576 3.13971 3.12288 3.11567 3.11357 3.0224
threshold=13.603906250000001 5.7682291666666705 21.364062500000003 0.95468750000000013 16.105468750000004 10.016406250000001 26.731250000000003 5.7059895833333352 15.847395833333303 10.566145833333351 -0.9937499999999998 8.2502604166666718 30.603906250000005 999.55180875000008 22.074218750000004 19.105729166666652 -10.208761749999999 -0.00011662499999994998 7.6653125375544873 17.851562500000004 7.5541666666666663 3.9044270833333306 -0.71718749999999987 14.525260416666653 9.9454144593704381 7.2247395833333359 11.701303921907538 7.1313039583333415 11.570572916666652 -5.7231069999999891 28.735156250000003 52.078261241319453 8.7472178333333428 11.872656250000002 8.5161458333333382 20.017205286731571 15.502604166666652 81.356854125000012 1009.4335833333352 -2.1932291666666694 1011.0448958333301 19.326562500000005 23.656250000000004 0.00071431815092688159 19.154393171116507 5.2570296648704673 17.500000000000004 15.1877604166667 8.6476562500000025 73.283757958333368 15.559375000000001 10.908333333333301 1023.4576916666701 15.500000000000002 4.3195312500000007 4.0807291666666661 10.834895833333352 2.6333333333333355 3.2047850414910939 11.990104166666702 -0.60355339059327384 16.914322916666652 -0.5
decision_type=2 2 2 2 2 2 2 2 2 2 2 2 2 2 2 2 2 2 2 2 2 2 2 2 2 2 2 2 2 2 2 2 2 2 2 2 2 2 2 2 2 2 2 2 2 2 2 2 2 2 2 2 2 2 2 2 2 2 2 2 2 2 2
left_child=1 3 4 10 8 11 14 21 36 23 37 24 30 -10 32 31 17 -12 54 -17 26 39 -18 33 29 -11 -13 28 -15 38 40 -6 46 34 43 42 47 -1 -3 -5 -8 -29 -34 -7 45 -16 -4 52 -25 50 -33 -35 -2 -21 55 -9 59 -31 -41 -27 -49 -30 -46
right_child=2 5 6 7 15 9 12 18 13 25 16 20 -14 27 44 19 22 -19 -20 53 -22 -23 -24 48 -26 56 -28 41 61 57 -32 49 35 51 -36 -37 -38 -39 -40 58 -42 -43 -44 -45 62 -47 -48 60 -50 -51 -52 -53 -54 -55 -56 -57 -58 -59 -60 -61 -62 -63 -64
leaf_value=-0.10096148817911972 0.01815026486058938 -0.028388729510354573 0.096181826605278103 -0.082243514972306545 0.068566324720438512 -0.00058437290655100613 0.12825219782931838 -0.028314438009202504 0.080573353370645404 0.032254084130337042 -0.12833210666198949 -0.01099051994801685 0.16861800205631713 0.016569758372048979 0.083033492258531738 0.080781848492959579 -0.085250619598922092 -0.079136806357507306 -0.01347932448141302 0.065887761321068133 -0.022338129451384404 -0.051997355090425718 -0.067487918110803 -0.02818330956677555 -0.0094426075367061487 0.0074268938668932668 0.017667007315958206 0.03137869834610587 0.036438023290021437 -0.051992397799874551 0.1487778286494994 0.019811100924519293 0.074392070788682749 0.0098542638496247979 -0.010145066384778393 0.084470715332357157 0.0052848643013813585 -0.13258522386136262 -0.0012999094413432373 -0.064124569705198461 0.099680885288160451 0.0078469945748539487 0.048667544703422161 0.026185112408567579 0.11832204732172386 0.10736587728973138 0.071872703130545265 0.04750563656180281 -0.0084892909546944433 0.067414543326471885 0.048103337997928562 -0.011499342424847165 0.04071198644871446 0.050968966464064125 -0.036882546457595623 -0.048862180221711703 0.0045638732608842573 -0.035335746980721013 -0.043816320620467038 0.02512199498714477 0.026711544355754641 0.048615262334915366 0.095366178323658207
leaf_weight=36 258 114 83 34 41 55 41 24 21 39 21 157 33 33 44 83 127 26 39 111 242 424 176 44 38 49 24 103 84 37 24 20 44 121 222 79 46 20 20 155 21 24 26 20 45 34 22 23 59 22 180 25 20 69 355 140 150 174 22 51 85 143 22
leaf_count=36 258 114 83 34 41 55 41 24 21 39 21 157 33 33 44 83 127 26 39 111 242 424 176 44 38 49 24 103 84 37 24 20 44 121 222 79 46 20 20 155 21 24 26 20 45 34 22 23 59 22 180 25 20 69 355 140 150 174 22 51 85 143 22
internal_value=-7.28418e-05 -0.0333513 0.0571572 -0.0566884 0.0407579 -0.0106109 0.100401 -0.0476885 0.0295041 0.00118729 -0.0831309 -0.0228341 0.13859 0.0384223 0.0890061 0.0587279 -0.0784616 -0.101151 -0.0378883 0.0666829 -0.0158566 -0.0562989 -0.0749372 -0.00475801 -0.0305385 0.0124211 -0.0071871 0.0361317 0.04062 -0.0328603 0.127044 0.0507688 0.081815 -0.00193138 -0.00592737 0.0752625 0.0210796 -0.112286 -0.0243498 -0.0649374 0.118601 0.0269367 0.0648527 0.00655003 0.101593 0.0936587 0.0911006 0.0229604 -0.016909 0.0474767 0.0452777 0.00619386 0.0197766 0.0601748 -0.0397212 -0.0458602 0.00932399 -0.0382613 -0.0616058 0.016458 0.0311485 0.0441132 0.110807
internal_weight=5124 3240 1884 1599 1366 1641 518 1193 840 835 406 806 119 408 399 526 350 47 558 263 423 635 303 546 383 289 181 387 260 345 86 263 254 443 297 149 432 56 134 211 62 127 70 75 145 78 105 386 103 222 200 146 278 180 519 164 250 211 177 100 108 227 67
internal_count=5124 3240 1884 1599 1366 1641 518 1193 840 835 406 806 119 408 399 526 350 47 558 263 423 635 303 546 383 289 181 387 260 345 86 263 254 443 297 149 432 56 134 211 62 127 70 75 145 78 105 386 103 222 200 146 278 180 519 164 250 211 177 100 108 227 67
is_linear=0
shrinkage=0.05


Tree=38
num_leaves=64
num_cat=0
split_feature=28 1 28 1 1 28 28 28 28 28 1 28 28 3 14 28 33 28 58 14 1 47 49 15 13 14 28 55 59 47 1 14 1 70 42 14 28 22 15 3 3 4 14 52 66 68 8 42 1 15 6 33 35 1 13 4 28 22 13 50 5 18 43
split_gain=3523.04 620.721 482.299 137.339 99.704 85.6298 81.3353 36.3516 22.7693 19.8879 17.4621 17.2008 16.6133 14.1898 12.8494 12.0559 11.3196 8.89184 8.78581 7.71673 7.59878 6.90627 6.87159 6.72259 6.1242 5.93014 7.80063 5.92109 5.88055 5.64712 5.57289 5.25521 4.96582 4.9586 4.89126 4.88095 5.98994 4.70056 4.67944 5.10691 4.50413 4.2805 4.27598 4.22917 4.2267 4.19147 4.4561 4.00372 3.92818 3.78907 3.74039 3.68958 3.57479 3.55231 3.4869 3.33192 3.46414 3.2179 3.20164 3.09263 3.08275 2.94392 2.93724
threshold=13.603906250000001 5.7682291666666705 21.364062500000003 0.95468750000000013 16.105468750000004 10.164322916666652 27.519791666666702 5.7486979166666652 15.847395833333303 -0.9937499999999998 10.905989583333303 8.2502604166666718 23.860156250000003 999.55180875000008 4.8182291666666659 18.484114583333355 30.603906250000005 3.9044270833333306 7.6653125375544873 17.851562500000004 -0.29869791666666645 -0.78656609248549303 -0.58429276287313725 21.004687500000006 10.834895833333352 10.465885416666701 11.872656250000002 5.8033311631944455 50.093967631944452 -0.60355339059327362 8.6476562500000025 7.5541666666666663 11.570572916666652 10.858064777664694 1027.7126708333351 19.326562500000005 18.340104166666702 83.771362500000023 13.392968750000001 1001.0249583333301 1022.1494791666652 6.3541666666644219e-05 8.5161458333333382 0.00090577908935113489 4.1723823415252292 2.4453482474613439 -0.00011112499999994998 1015.6256125000001 20.000000000000004 -0.13828124999999999 0.00029333333333325006 18.688281250000003 11.366145833333352 18.908333333333356 14.795572916666652 -0.00052312500000004992 6.6132812500000009 55.74998395833336 19.326562500000005 0.63207999751838673 0.00022362500000000003 6.3440104166666655 1019.7899250000002
decision_type=2 2 2 2 2 2 2 2 2 2 2 2 2 2 2 2 2 2 2 2 2 2 2 2 2 2 2 2 2 2 2 2 2 2 2 2 2 2 2 2 2 2 2 2 2 2 2 2 2 2 2 2 2 2 2 2 2 2 2 2 2 2 2
left_child=1 3 4 9 8 11 12 17 38 37 25 22 23 -10 -13 28 43 34 55 48 21 -11 -3 47 -12 26 42 40 -6 -14 -27 59 -15 -22 52 36 54 -1 39 -2 -24 45 -7 -8 60 46 -30 -4 -17 -36 -40 -25 -5 58 -34 -9 -57 -49 -21 -16 -29 -23 -32
right_child=2 5 6 7 15 10 16 18 13 20 24 14 29 32 31 19 -18 -19 -20 53 33 61 27 51 -26 30 -28 44 41 -31 62 -33 35 -35 49 -37 -38 -39 50 -41 -42 -43 -44 -45 -46 -47 -48 57 -50 -51 -52 -53 -54 -55 -56 56 -58 -59 -60 -61 -62 -63 -64
leaf_value=-0.09532183952176275 0.045224138103247283 -0.012281854905383451 0.078872205247926708 -0.060627478095294868 0.071142671278180067 0.0066075708537465076 0.11064837685480151 -0.050646551729765468 0.076546602040132083 -0.109462195286329 0.022616763596777119 0.022601548675743897 0.088325832605562996 0.015741521447120526 -0.0027543569264257012 0.065838099274126552 0.16073530164222277 -0.0491973455104215 -0.012805531039211868 0.056166340099460636 -0.062975474760180061 -0.082404832786580937 -0.034324058444899073 0.04876744785319051 0.0061232913498309839 -0.023209303402262502 0.013008237046508123 -0.032585230663513161 0.065592057042032761 0.10662911059896779 -0.0077675542085931144 -0.020786855021517954 0.04161264526597757 -0.086124807057828406 -0.092952262133970565 0.0188366435661457 0.052022812214998874 -0.1255173730600567 0.017233211924148895 0.022286770520790703 -0.056428906856665385 0.03429958196602826 -0.0078533038482643275 0.13616917165773706 -0.0056965594894980666 0.032171481848954679 0.040471601504697668 0.083951173974658455 0.085665026076202175 -0.061959724054522415 -0.0032976306061811896 0.072424879859419686 -0.038022342347342156 0.06313751520488381 0.029717886577201643 -0.040760368795538383 -0.032011404365672395 0.11133605072124977 0.038626387611056967 -0.01645556950278685 -0.013229615688710158 -0.067216035409176048 0.010235478952168447
leaf_weight=35 28 53 102 151 21 72 31 44 21 20 100 22 83 33 84 85 32 443 39 73 140 117 162 21 129 55 98 88 46 88 140 274 106 28 20 37 62 21 194 185 27 78 176 36 26 25 29 23 36 20 25 81 20 92 149 218 238 21 41 81 27 45 27
leaf_count=35 28 53 102 151 21 72 31 44 21 20 100 22 83 33 84 85 32 443 39 73 140 117 162 21 129 55 98 88 46 88 140 274 106 28 20 37 62 21 194 185 27 78 176 36 26 25 29 23 36 20 25 81 20 92 149 218 238 21 41 81 27 45 27
internal_value=-6.90361e-05 -0.031684 0.0543003 -0.0538545 0.0387206 -0.0100805 0.0953824 -0.0453044 0.0280294 -0.0789754 0.00167255 -0.0211795 0.0857443 0.0365017 -0.0146706 0.0557922 0.136156 -0.0532299 -0.0356862 0.0617038 -0.0745392 -0.0816379 -0.029012 0.0774581 0.0133285 -0.00302606 0.00106496 -0.031697 0.0460731 0.0977537 -0.00940417 -0.0165401 0.0343255 -0.0668416 -0.0616913 0.036056 0.0380636 -0.106674 0.020026 0.0253063 -0.0374874 0.0431088 -0.00365287 0.124387 -0.0239297 0.0499708 0.0558922 0.0843616 0.0717477 -0.0774878 0.0148872 0.0675644 -0.0579889 0.0557985 0.0346658 -0.0374696 -0.0361959 0.0970549 0.0498664 -0.00948403 -0.0280468 -0.0781932 -0.00485345
internal_weight=5124 3240 1884 1599 1366 1641 518 1193 840 406 797 844 419 408 461 526 99 654 539 327 350 182 383 248 229 568 346 330 199 171 222 439 387 168 211 354 317 56 432 213 189 178 248 67 141 100 75 146 121 40 219 102 171 206 255 500 456 44 114 165 115 162 167
internal_count=5124 3240 1884 1599 1366 1641 518 1193 840 406 797 844 419 408 461 526 99 654 539 327 350 182 383 248 229 568 346 330 199 171 222 439 387 168 211 354 317 56 432 213 189 178 248 67 141 100 75 146 121 40 219 102 171 206 255 500 456 44 114 165 115 162 167
is_linear=0
shrinkage=0.05


Tree=39
num_leaves=64
num_cat=0
split_feature=28 28 1 1 28 1 1 28 33 28 28 1 54 46 44 54 28 70 44 13 25 14 66 1 14 50 43 28 15 28 14 2 25 7 36 27 1 1 0 61 14 50 64 1 40 28 28 14 28 0 52 14 13 52 50 28 35 1 13 13 12 28 33
split_gain=3180.74 607.142 399.368 128.244 84.9488 80.9184 75.9155 27.3674 24.361 19.4836 19.4042 15.7021 11.893 11.5259 10.8415 10.0879 11.5405 9.7195 9.69455 9.40444 8.52697 8.43285 8.12725 7.18507 7.18315 6.75147 6.65567 6.34961 5.37272 5.54686 5.33573 5.322 5.11724 5.0326 4.64886 4.51498 4.39321 4.27362 4.40893 3.9555 3.93265 4.1841 3.88946 3.65415 3.64323 3.59295 3.47578 6.30057 3.42642 3.31651 3.29383 3.27606 3.25768 3.22245 3.20863 3.22849 3.13553 2.99483 2.93633 2.86934 2.81293 2.78603 2.66773
threshold=11.990104166666702 19.105729166666652 4.3195312500000007 23.431770833333356 8.4968750000000011 13.880729166666653 -0.29869791666666645 22.742708333333304 29.591666666666651 14.457552083333303 3.9044270833333306 9.2294270833333361 0.00019450858249226574 3.5000000000000004 17.500000000000004 0.0018748064502562437 17.105989583333301 10.858064777664694 10.500000000000002 14.795572916666652 46.729386833333358 7.5072916666666663 5.6051380946285692 7.0864583333333355 13.880729166666653 -0.59815875725621337 1008.3178541666651 5.2835937500000005 13.642968750000001 9.6088541666666671 16.645052083333304 55.777724708333359 40.005030291666657 -0.00014258333333324997 1029.9155500000002 42.430970875000007 11.835416666666701 1.9557291666666652 -3.7690431666666546 53.679471894691609 10.465885416666701 -0.32533003375364639 5.3548615778222617 8.5161458333333382 1033.3474625000001 15.847395833333303 15.014583333333352 12.232031250000002 10.479687500000002 5.603835500000006 0.00029982041731528515 7.5541666666666663 8.3325520833333382 0.0012823727818765426 -0.86092912513210484 23.860156250000003 10.918750000000001 26.345312500000002 3.6796875000000004 15.709895833333302 27.060677083333303 13.123437500000001 7.8562500000000011
decision_type=2 2 2 2 2 2 2 2 2 2 2 2 2 2 2 2 2 2 2 2 2 2 2 2 2 2 2 2 2 2 2 2 2 2 2 2 2 2 2 2 2 2 2 2 2 2 2 2 2 2 2 2 2 2 2 2 2 2 2 2 2 2 2
left_child=2 5 6 7 13 9 12 14 25 24 34 28 -1 27 32 16 46 -14 -17 35 -10 53 37 62 40 26 -5 50 29 51 -18 42 39 -25 56 -11 -21 58 -39 -3 41 -2 -16 -42 -19 -37 -7 -48 -23 -38 -4 -6 -31 -13 -9 -56 -8 -28 -12 -49 -27 -45 -15
right_child=1 3 4 8 11 15 10 54 20 19 22 21 17 23 31 18 30 44 -20 36 -22 48 -24 33 -26 60 57 -29 -30 52 -32 -33 -34 -35 -36 45 49 38 -40 -41 43 -43 -44 61 -46 -47 47 59 -50 -51 -52 -53 -54 -55 55 -57 -58 -59 -60 -61 -62 -63 -64
leaf_value=-0.11660765576789599 0.033796931606920565 0.094706065954639734 -0.057130498391250409 0.13390383812615478 -0.010892224273994489 0.021976076324512699 -0.060644907416268656 0.069720619828949046 0.16223632023616247 0.047219913407318043 -0.051692491447092648 0.0078504910179128147 -0.071301823079204782 -0.031735754932956897 0.047172991670344708 0.086398412198580091 0.052396855187139796 -0.08707880387325119 0.038265664212366671 -0.012146343212613818 0.12082146850164846 -0.017559833660240203 -0.014310040072722269 0.010886180135592116 -0.010474135419074505 0.099076953939888732 0.094313579525521773 -0.033920849339244309 -0.025792730830763333 -0.00011504674320539289 0.037929124013034304 0.058333966310106004 0.062466418429300063 -0.019076004960183815 -0.075491728531099644 0.021266635915320683 0.029381191847603096 -0.0398258780565445 -0.049934379668127755 0.065145695772781953 -0.014343553071823912 0.012245559036121414 0.021399537809596539 0.0017842954912752952 -0.11206567761660934 0.033856797611826216 0.053322376585539503 0.033726545435746234 -0.0018298131227628724 0.0058508282148606768 -0.033813206459827605 -0.022798621420668685 -0.0113270286895426 0.030397060781595438 0.077098922810660608 0.091235848596273372 -0.045934671139999821 0.11418115270713235 -0.072766909657178289 0.018511847328456149 0.072266818956843851 0.012429789645041879 -0.02182381829886821
leaf_weight=24 28 24 50 23 102 93 248 42 28 26 82 57 136 170 38 21 118 58 21 20 23 43 20 21 49 20 44 419 82 102 140 58 267 42 47 176 24 228 207 22 20 116 24 108 20 84 34 113 178 40 22 134 178 22 71 98 43 35 21 43 20 143 114
leaf_count=24 28 24 50 23 102 93 248 42 28 26 82 57 136 170 38 21 118 58 21 20 23 43 20 21 49 20 44 419 82 102 140 58 267 42 47 176 24 228 207 22 20 116 24 108 20 84 34 113 178 40 22 134 178 22 71 98 43 35 21 43 20 143 114
internal_value=-6.54871e-05 0.0443866 -0.0349768 0.0781511 -0.0199015 0.0244416 -0.0580542 0.0674329 0.113907 0.0144505 -0.0513841 -0.009216 -0.0831599 -0.0313513 0.06023 0.0387328 0.0368966 -0.0794011 0.0623588 0.0230092 0.143596 0.000117071 -0.0456517 -0.0243702 0.00762422 0.103232 0.110091 -0.0362834 -0.0138989 -0.0120074 0.0445499 0.0474277 0.065135 -0.00908053 -0.0608445 0.02733 0.00829051 -0.0468156 -0.0446383 0.0805966 0.00976254 0.0164416 0.0372093 0.00621118 -0.0935056 0.0253373 0.0299163 0.0337989 -0.00489332 0.0146857 -0.0500184 -0.0176554 -0.0072446 0.0141387 0.0822083 0.0853045 -0.0584746 0.103135 -0.0560007 0.0295374 0.0857058 0.0078515 -0.0277597
internal_weight=5124 2254 2870 837 1736 1417 1134 644 193 834 896 898 238 838 433 583 541 214 42 370 51 300 558 347 464 142 102 491 598 516 258 120 313 63 338 286 84 538 435 46 415 144 62 271 78 260 283 190 221 64 72 236 280 79 211 169 291 79 103 156 40 251 284
internal_count=5124 2254 2870 837 1736 1417 1134 644 193 834 896 898 238 838 433 583 541 214 42 370 51 300 558 347 464 142 102 491 598 516 258 120 313 63 338 286 84 538 435 46 415 144 62 271 78 260 283 190 221 64 72 236 280 79 211 169 291 79 103 156 40 251 284
is_linear=0
shrinkage=0.05


Tree=40
num_leaves=64
num_cat=0
split_feature=1 1 1 33 1 29 29 1 29 29 1 1 29 0 15 1 50 33 41 1 70 32 54 53 65 1 70 67 1 62 53 58 49 12 22 51 0 59 29 57 0 55 50 57 49 27 48 58 69 60 60 53 43 14 3 42 11 47 1 49 49 58 19
split_gain=2763.39 416.804 395.093 117.352 82.9864 62.5202 44.2857 43.3896 40.1774 24.7645 18.2587 17.0075 15.2712 14.977 13.6325 12.0555 12.0038 11.5005 10.9599 10.7957 10.4805 9.9577 9.47773 8.97587 8.46664 7.86056 7.6193 8.28953 8.26896 7.13418 7.06405 6.74143 6.52514 6.43355 6.09195 5.96247 5.69328 5.57822 5.35619 5.31893 5.15805 5.01366 4.87967 4.72124 4.71811 4.38127 4.99724 4.11639 4.07584 4.06293 3.98782 3.79601 3.68772 3.30827 3.27213 3.26597 3.16441 3.15718 3.08194 3.50106 3.06348 2.95832 2.90788
threshold=10.455208333333351 16.819791666666656 4.8182291666666659 23.408854166666654 -0.29869791666666645 9.3528645833333375 15.1877604166667 23.431770833333356 12.659895833333302 10.560937500000001 2.6350603070175453 14.357031250000002 22.563281250000006 8.7472178333333428 0.77291666666666659 8.6476562500000025 0.88999460902669758 29.591666666666651 1021.6243250000001 6.6135416666666655 10.858064777664694 7.4182291666666655 0.0012273849684193334 -0.00011885022342267934 14.13485088045635 20.000000000000004 4.352267170090971 1018.9033451388892 20.951041666666654 9.0685684455074664 -0.00011039879186322059 7.3963108063704199 -0.42109697129093543 -3.7072916666666695 62.120004166666654 0.00054676736111110627 -4.2187401666666533 51.452944460967437 4.8838541666666666 13.543288070436509 -3.8062284166666496 19.159757349046615 0.62541057298524605 13.72972775003363 -0.16280098242287938 64.71332654166666 -0.12940952255126037 7.7349989651327506 1013.83922796627 8.848983626987307 10.782296297073907 -3.9200670498074425e-05 1012.790758333335 17.421614583333305 1025.2661750000004 1019.7061916666652 -0.00022283333333324997 0.78656609248549325 12.884895833333351 -0.83827194252655735 -0.57023701209772126 4.4879681311907911 4.282291666666671
decision_type=2 2 2 2 2 2 2 2 2 2 2 2 2 2 2 2 2 2 2 2 2 2 2 2 2 2 2 2 2 2 2 2 2 2 2 2 2 2 2 2 2 2 2 2 2 2 2 2 2 2 2 2 2 2 2 2 2 2 2 2 2 2 2
left_child=2 6 4 8 16 19 14 25 21 10 20 13 26 35 -2 31 -1 29 24 44 37 -3 -19 52 36 -5 28 55 39 -9 61 34 -18 -34 48 51 -16 -6 -21 -10 -12 -41 -40 56 -4 46 -14 -32 -7 -48 -27 -8 -13 -15 -22 -28 -26 -38 -45 -60 -36 -17 -33
right_child=1 3 5 7 9 15 11 17 12 -11 40 23 45 53 18 30 32 22 -20 38 54 -23 -24 -25 43 50 27 -29 -30 -31 47 62 33 -35 60 -37 57 -39 42 41 -42 -43 -44 58 -46 -47 49 -49 -50 -51 -52 -53 -54 -55 -56 -57 -58 -59 59 -61 -62 -63 -64
leaf_value=-0.067334317516918804 -0.02554033795699159 -0.014525704985407221 -0.022847830707218329 0.052665390062064922 -0.030723124060178131 -0.037276894389816365 0.032088486089727038 0.12736097332292515 0.068473893581797854 0.0087586909467386991 -0.035491210181627784 0.044997234483683618 0.080287400808280326 0.014848141857656158 0.014745218738925711 0.0073587635059723508 -0.11538018671913637 0.11052673955480369 0.039451709589168119 -0.03820164548358259 -0.062019100950403021 0.031001135057613611 0.15433780194663468 0.035074170099692735 0.018497465467227078 0.074760325114012746 0.038161913173132535 0.065666805246917356 0.076004864616964665 0.095349360604140621 -0.0044546701662850855 -0.0049606808580108103 -0.10943911772350763 -0.078278265732292032 -0.0048505638418590647 0.057237793874800748 0.0028021836892336721 -0.052573533957535147 -0.0087986685080946019 0.043166650774044621 -0.045460916610197889 0.060450409961165463 -0.021359666185711394 0.0071212182999535554 -0.033495199230260508 0.094070958831211693 0.070162724198669507 0.014838268671031782 -0.016723478321977802 0.044780234193163668 0.096593879067211563 0.013372442719341258 0.065054578461198984 -0.0044133525815068892 -0.081281570039257123 0.060020558649989612 0.036788305253491908 -0.016798487146597645 0.013966669755598293 0.037290700032873179 -0.016133239408606927 0.029594922315276408 0.019639291981982623
leaf_weight=114 22 20 154 33 32 41 181 23 60 20 238 53 60 79 104 47 21 25 41 32 59 30 25 205 47 79 123 46 64 75 350 30 21 82 121 21 115 356 122 92 288 78 212 85 324 22 41 30 59 26 29 32 41 31 36 20 48 25 54 23 120 22 20
leaf_count=114 22 20 154 33 32 41 181 23 60 20 238 53 60 79 104 47 21 25 41 32 59 30 25 205 47 79 123 46 64 75 350 30 21 82 121 21 115 356 122 92 288 78 212 85 324 22 41 30 59 26 29 32 41 31 36 20 48 25 54 23 120 22 20
internal_value=0.00015487 0.0428748 -0.0313747 0.0672616 -0.0524667 -0.015505 0.0232555 0.0939673 0.055943 -0.0463106 -0.0474027 0.0322258 0.0593566 0.0246395 0.0130275 -0.00584713 -0.0790779 0.112888 0.0145943 -0.0251163 -0.0544261 0.0127811 0.132469 0.040951 0.0125583 0.0740975 0.0550327 0.0471808 0.0600768 0.10288 -0.000256259 -0.0122659 -0.0898642 -0.0846463 -0.0147802 0.0317933 0.00588418 -0.0507736 -0.0186493 0.0556394 -0.0409516 0.0511029 -0.0167734 0.0188924 -0.0300665 0.0733653 0.0697674 -0.00292988 -0.0251583 0.0603284 0.0806361 0.0292798 0.053757 0.00941545 -0.0693316 0.0412265 0.0277473 -0.000695315 0.0136953 0.020944 -0.010471 0.0144591 0.00487127
internal_weight=5129 2178 2951 971 1267 1684 1207 289 682 1029 1009 643 632 344 564 840 238 148 542 844 483 50 50 299 501 141 483 189 294 98 449 391 124 103 341 234 244 388 366 230 526 170 334 257 478 149 127 380 100 67 108 213 94 110 95 143 95 140 162 77 241 69 50
internal_count=5129 2178 2951 971 1267 1684 1207 289 682 1029 1009 643 632 344 564 840 238 148 542 844 483 50 50 299 501 141 483 189 294 98 449 391 124 103 341 234 244 388 366 230 526 170 334 257 478 149 127 380 100 67 108 213 94 110 95 143 95 140 162 77 241 69 50
is_linear=0
shrinkage=0.05


Tree=41
num_leaves=64
num_cat=0
split_feature=28 28 1 28 28 1 28 1 1 1 13 28 28 64 28 1 13 20 13 67 64 58 66 52 52 46 28 16 18 8 46 3 1 1 13 1 13 1 60 1 15 66 33 12 8 41 49 13 22 10 44 28 1 1 64 64 52 13 13 49 13 28 68
split_gain=2556.37 466.679 338.336 109.181 74.3905 55.3888 53.4135 21.9472 16.0619 15.3741 13.8981 13.73 9.78328 9.71478 9.55209 9.50214 9.3384 7.96238 7.92179 7.52035 7.2152 6.86765 6.82162 6.77958 6.66635 6.61902 5.83353 5.72869 5.64749 5.52423 5.16399 5.14242 6.05244 5.09246 5.02785 6.16166 4.97207 4.69268 4.18268 3.85059 3.81696 4.49279 3.67099 3.3603 3.35178 3.3044 3.27426 3.23834 2.97176 2.95321 2.84433 2.82306 2.78295 2.73358 3.54291 2.70661 2.69569 2.61094 2.54838 2.51364 2.44633 2.28481 2.25562
threshold=11.990104166666702 18.708333333333353 4.8182291666666659 24.978385416666651 2.2406250000000005 13.001302083333302 8.8302083333333368 20.000000000000004 28.735156250000003 2.6350603070175453 4.6635416666666663 -1.7078124999999997 14.531510416666652 5.2120085419001638 16.775520833333303 10.284895833333353 15.275000000000002 56.069627208333358 15.045052083333351 1009.559981770834 4.9624453988005017 7.2710190698362975 3.406559818634102 0.00020103139662229125 0.001389418199892502 4.5000000000000009 22.742708333333304 5.9690104166666655 15.793229166666702 -5.1291666666663945e-05 2.5000000000000004 1022.1494791666652 8.9617187500000011 7.3361979166666655 11.098437500000001 10.210677083333351 11.008333333333352 -0.99765624999999991 12.562788216132715 15.589583333333353 14.061197916666652 3.7817089952284602 16.755989583333353 16.402864583333354 -2.8375000000006399e-05 1012.416325 -0.31309544317432719 15.824739583333303 76.916236000000012 4.0166666666685453e-05 17.500000000000004 5.4880208333333362 7.3361979166666655 21.694791666666653 5.1489519748960246 3.9476795309892245 0.0014781883052279805 7.8635416666666709 16.402864583333354 -0.89773508019357606 15.976302083333351 13.123437500000001 1.1722761095247944
decision_type=2 2 2 2 2 2 2 2 2 2 2 2 2 2 2 2 2 2 2 2 2 2 2 2 2 2 2 2 2 2 2 2 2 2 2 2 2 2 2 2 2 2 2 2 2 2 2 2 2 2 2 2 2 2 2 2 2 2 2 2 2 2 2
left_child=2 5 4 7 11 12 13 17 19 10 21 23 34 25 20 40 36 27 -16 24 38 46 -9 -1 -5 31 47 -3 -22 53 -11 32 -4 -27 44 -36 -14 -13 48 58 41 59 -29 -41 61 -10 -6 -19 60 -38 62 -33 57 -24 -55 -17 -49 -43 -20 -8 -7 -2 -21
right_child=1 3 6 8 9 14 15 22 45 30 -12 37 16 -15 18 55 -18 26 39 50 28 -23 29 -25 -26 33 -28 42 -30 -31 -32 51 -34 -35 35 -37 49 -39 -40 43 -42 52 -44 -45 -46 -47 -48 56 -50 -51 -52 -53 -54 54 -56 -57 -58 -59 -60 -61 -62 -63 -64
leaf_value=-0.11943966877692823 0.013074605825522907 0.062103168716142312 -0.029730258051867665 0.092773434291010204 -0.045236475370333235 0.024925197415969311 -0.0030913588665286099 0.04316822672801101 0.11249117822661392 -0.044463096048651479 -0.088576327329716029 -0.075256743382167923 0.047055227967209068 0.0036070728288170105 0.052294296707765198 -0.00033603403999097389 -0.0056667755866788112 0.073476408873690779 0.033178872561870847 0.081313919150135638 0.029118615705938856 -0.023675581978068974 0.069581057993971809 -0.079807978086499365 0.12979636023338142 -0.022995752418642948 0.083816645946575313 0.025655143601899161 0.063488883276544034 0.059657601656258698 -0.03415771752027532 -0.056696217462116089 -0.0087351586574370525 -0.0035321213083923768 -0.012849470162809904 0.006360420222221318 0.023213166581019674 -0.061748090467741573 0.0026668455432299065 0.055601864092734182 -0.020362122919614051 -0.0035868176483611087 0.044540748098894467 0.035214954696588148 0.0046069039350557176 0.14048362039417486 -0.054626328029055232 0.055804984630552196 0.04254035437949296 0.0043985212377285355 0.069120223055856439 -0.035510080886562538 0.0016946038823632257 0.075798764045739736 0.096546815847865633 0.014125903505832718 0.036030672913578254 -0.02264267932520183 0.016995077436991756 -0.013465729658653842 0.0084607284519075156 0.027516852302194573 0.098927836459863527
leaf_weight=20 93 41 363 28 174 242 72 23 20 193 23 115 20 28 74 95 32 23 55 39 28 26 90 24 22 246 21 31 21 71 332 23 38 39 55 173 163 149 23 25 73 54 157 109 85 24 203 136 22 24 22 51 140 75 29 49 20 27 44 312 25 39 36
leaf_count=20 93 41 363 28 174 242 72 23 20 193 23 115 20 28 74 95 32 23 55 39 28 26 90 24 22 246 21 31 21 71 332 23 38 39 55 173 163 149 23 25 73 54 157 109 85 24 203 136 22 24 22 51 140 75 29 49 20 27 44 312 25 39 36
internal_value=0.000147289 0.0399192 -0.0311822 0.0676443 -0.0505991 0.0212985 -0.0159978 0.0586924 0.101242 -0.0436801 -0.0507423 -0.0719588 0.0112958 -0.0252995 0.0315396 -0.00708002 0.0194564 0.0515173 0.0380275 0.0932806 0.0260199 -0.0485797 0.0693763 -0.0978568 0.109096 -0.0263652 0.058818 0.0451367 0.0438689 0.0716474 -0.0379479 -0.0299822 -0.0277422 -0.0203343 0.00691153 0.0017239 0.0233426 -0.0676371 0.0232138 0.0334922 -0.00955772 -0.00825291 0.0414308 0.0390261 0.0123595 0.1278 -0.0502952 0.0558779 0.0248471 0.0208015 0.0851127 -0.0421085 -0.00257021 0.0760295 0.0815978 0.00458221 0.0532755 -0.00994695 0.0259936 -0.011522 0.0233858 0.0173472 0.0897873
internal_weight=5129 2260 2869 908 1259 1352 1610 717 191 951 426 308 684 788 668 822 239 429 307 147 361 403 288 44 50 760 200 229 49 265 525 475 401 285 445 228 207 264 312 233 678 605 188 134 217 44 377 179 289 187 97 74 221 194 104 144 156 81 99 384 267 132 75
internal_count=5129 2260 2869 908 1259 1352 1610 717 191 951 426 308 684 788 668 822 239 429 307 147 361 403 288 44 50 760 200 229 49 265 525 475 401 285 445 228 207 264 312 233 678 605 188 134 217 44 377 179 289 187 97 74 221 194 104 144 156 81 99 384 267 132 75
is_linear=0
shrinkage=0.05


Tree=42
num_leaves=64
num_cat=0
split_feature=28 28 1 28 28 28 28 1 1 1 28 1 1 0 13 1 20 24 29 13 1 13 13 66 28 41 52 14 52 1 16 50 70 1 14 14 41 14 10 46 69 11 4 13 66 15 28 28 69 1 65 1 16 41 13 14 10 46 17 52 28 13 28
split_gain=2307.2 421.193 305.586 98.6411 59.2711 55.8697 50.4201 21.4965 13.8083 12.613 12.4986 10.7717 10.4563 9.6816 9.19207 9.05949 7.4447 7.44054 8.61601 11.157 6.91726 7.46682 6.65971 6.41864 6.35601 6.21097 6.24368 6.20653 6.11714 5.28073 5.21554 4.71083 4.55156 4.40248 4.27608 4.21602 4.01136 4.00227 3.81577 3.66369 3.49321 3.43512 3.32449 3.22373 3.18391 3.80114 3.17083 3.16241 3.13492 3.08191 2.98414 6.25427 3.01433 2.97982 2.91996 2.88251 2.60842 2.50447 2.45284 2.43368 2.41913 2.3899 3.21807
threshold=11.990104166666702 18.708333333333353 4.3195312500000007 25.300260416666656 8.8302083333333368 2.2406250000000005 15.014583333333352 20.000000000000004 14.357031250000002 28.735156250000003 -1.7078124999999997 6.2890625000000009 1.9557291666666652 4.4896899583333409 3.8353901836158157 8.8057291666666675 56.069627208333358 41.558632208333307 3.3010416666666651 3.5085937500000006 10.566145833333351 11.771354166666653 13.880729166666653 3.4235088462596832 22.984895833333304 1011.6296000000001 0.001389418199892502 7.7098958333333352 0.00020103139662229125 17.095833333333353 5.9690104166666655 -0.35768498937424864 4.352267170090971 -0.99765624999999991 9.7479166666666668 12.350260416666652 1013.3017458333301 8.2174479166666661 0.00023320833333325002 4.5000000000000009 1019.1066159230467 9.7916666666366069e-06 -0.00041108333333334993 15.589583333333353 5.2253143621643829 21.552864583333303 16.775520833333303 5.1317708333333307 1004.9826718764293 22.957812500000006 16.792175598390845 10.455208333333351 18.807552083333302 1012.416325 15.824739583333303 16.645052083333304 0.00033270833333330006 2.5000000000000004 17.835416666666706 0.0014781883052279805 10.618229166666703 12.884895833333351 13.966145833333352
decision_type=2 2 2 2 2 2 2 2 2 2 2 2 2 2 2 2 2 2 2 2 2 2 2 2 2 2 2 2 2 2 2 2 2 2 2 2 2 2 2 2 2 2 2 2 2 2 2 2 2 2 2 2 2 2 2 2 2 2 2 2 2 2 2
left_child=2 6 5 7 11 10 20 16 13 25 28 39 14 50 47 37 30 -13 -19 -20 21 31 29 -9 54 26 -5 36 -1 -10 -3 -2 -14 -12 -22 -24 -17 -6 49 -4 -21 -40 -39 -15 45 -32 58 -7 -36 -25 51 -8 -53 -11 -18 -48 -27 -34 -37 -56 -29 62 -50
right_child=1 3 4 9 15 12 8 23 22 53 33 17 32 43 -16 27 24 18 19 40 34 -23 35 38 -26 56 -28 60 -30 -31 44 -33 57 -35 48 46 -38 42 41 -41 -42 -43 -44 -45 -46 -47 55 -49 61 -51 -52 52 -54 -55 59 -57 -58 -59 -60 -61 -62 -63 -64
leaf_value=-0.11347067109469709 0.026275697425495792 0.058891974259376305 -0.03324316071350026 0.090594690458749405 -0.005396529415861771 -0.050171928336693365 0.0015553971185429997 0.041585808816439203 0.040438409274785231 0.10686942987713677 -0.071494233452768993 0.010644965862733374 -0.027948813635368858 0.016607632103210156 -0.083718575524545091 -0.0044569551564066206 0.069804184380327802 -0.047849061012665284 0.016790633729842096 -0.018286583196903228 0.024980314630939037 -0.014354089810944579 0.055316483381686946 0.060218074967782302 0.082209790967181437 0.068078940624521897 0.12292273407717763 -0.011130830968315755 -0.075819240967862966 0.071485673242214456 0.041157094251966203 0.0043367728314047914 -0.045451059366937524 -0.05839136531184505 -0.0013245131302035854 0.028753456365532094 0.019282109559526792 -0.027479490628943462 0.088950217882483182 -0.024683589888826983 -0.031589954461456037 0.069439377479753012 -0.012928519148992746 -0.0013813590289041902 0.046095516033579198 0.020925981610425158 0.040896485886199908 -0.030272376525475188 0.011068167997664734 0.07501596346409363 0.042730638640106067 0.02595419313456962 0.04385700754206847 0.13346236477986517 0.053005205599797503 0.02921059537918751 0.090673268225885215 -0.037829486925016587 0.0096578270258976997 0.034230039419530928 -0.0015535200614700906 0.0069882656107451693 0.024004781394868776
leaf_weight=20 29 42 329 54 158 238 24 24 40 20 115 20 79 61 20 27 23 27 21 262 73 48 20 131 21 32 21 96 24 21 58 157 186 148 41 57 52 47 36 203 61 63 241 42 91 39 101 22 113 49 29 151 28 24 138 112 22 262 24 20 211 97 84
leaf_count=20 29 42 329 54 158 238 24 24 40 20 115 20 79 61 20 27 23 27 21 262 73 48 20 131 21 32 21 96 24 21 58 157 186 148 41 57 52 47 36 203 61 63 241 42 91 39 101 22 113 49 29 151 28 24 138 112 22 262 24 20 211 97 84
internal_value=0.000140104 0.0379241 -0.0296234 0.0642633 -0.0166218 -0.0501052 0.020234 0.056265 0.029416 0.0982367 -0.0682633 -0.0253459 -0.0431961 0.0220335 -0.0510122 -0.00694273 0.0490965 -0.0190409 -0.0206428 -0.0185047 0.0100784 0.00322223 0.0360089 0.0664818 0.0561116 0.090319 0.0996684 -0.00133286 -0.0929668 0.051145 0.042931 0.00776127 -0.0390416 -0.0641252 0.0140092 0.0330653 0.0111629 -0.0117966 0.06862 -0.0299785 -0.0208014 0.0765475 -0.0153058 0.00926804 0.0393596 0.0330311 0.0315481 -0.0484913 0.0116163 0.0642531 0.0276981 0.0255461 0.0287597 0.121413 0.0530765 0.0347558 0.0773084 -0.0409959 0.0231036 0.0506341 -0.00455027 0.0134226 0.0165878
internal_weight=5129 2260 2869 908 1755 1114 1352 735 710 173 307 923 807 335 280 832 432 391 371 344 642 234 375 303 202 129 75 386 44 61 230 186 527 263 408 314 79 446 279 532 323 99 288 103 188 97 294 260 335 180 232 203 179 44 181 213 54 448 81 158 307 294 197
internal_count=5129 2260 2869 908 1755 1114 1352 735 710 173 307 923 807 335 280 832 432 391 371 344 642 234 375 303 202 129 75 386 44 61 230 186 527 263 408 314 79 446 279 532 323 99 288 103 188 97 294 260 335 180 232 203 179 44 181 213 54 448 81 158 307 294 197
is_linear=0
shrinkage=0.05


Tree=43
num_leaves=64
num_cat=0
split_feature=28 28 1 28 28 1 28 1 1 1 28 49 64 13 28 1 13 1 13 43 21 66 0 52 46 1 0 46 23 64 28 3 70 1 1 68 1 1 8 60 57 32 66 0 13 1 28 56 50 28 30 28 1 53 13 1 0 28 1 66 53 56 7
split_gain=2082.32 380.141 276.298 89.0419 60.5185 45.7191 43.3733 17.8727 13.0622 12.8778 11.1744 8.49671 8.34782 8.29579 8.16492 7.84071 6.59075 6.37688 7.08002 6.29111 6.20398 5.63674 5.58426 5.51934 5.51581 5.48207 6.07844 5.45049 5.09315 5.08859 4.65431 4.46397 5.64751 4.41925 4.02757 3.92578 3.84195 3.80611 3.67272 3.6399 3.48316 3.28171 3.17379 3.13651 3.12493 4.6983 3.36494 2.98785 2.94442 2.86497 2.84354 2.73477 4.04081 2.8668 2.6057 2.53991 2.4588 2.4185 2.39839 2.40675 2.38403 2.35408 2.45684
threshold=11.990104166666702 18.708333333333353 4.8182291666666659 24.978385416666651 2.2406250000000005 13.001302083333302 8.8302083333333368 20.492708333333351 28.735156250000003 1.9557291666666652 -1.7078124999999997 -0.99839843822521279 5.2120085419001638 3.8353901836158157 16.047135416666702 10.284895833333353 13.695833333333303 10.455208333333351 11.098437500000001 1008.0637958333351 59.766757916666712 3.4235088462596832 8.2553322500000021 0.00020103139662229125 4.5000000000000009 16.228208862994354 10.830411583333353 2.5000000000000004 67.92391804166671 4.9624453988005017 13.755208333333302 1022.1494791666652 4.4890081629704879 7.3361979166666655 14.585416666666651 2.2974580345870677 15.50416666666665 -0.99765624999999991 -5.1291666666663945e-05 12.562788216132715 19.154393171116507 21.478125000000002 4.6858624709548824 5.603835500000006 8.0195312500000018 8.2739583333333364 10.084375000000001 7.74767810884659 -0.35768498937424864 4.8838541666666666 13.966145833333352 4.8838541666666666 6.6135416666666655 -6.1082024835787556e-05 16.228208862994354 3.5085937500000006 11.509941375000002 5.4880208333333362 19.056510416666654 5.2873813972969002 3.4318705143556182e-05 6.9738788172628459 0.00012212499999990001
decision_type=2 2 2 2 2 2 2 2 2 2 2 2 2 2 2 2 2 2 2 2 2 2 2 2 2 2 2 2 2 2 2 2 2 2 2 2 2 2 2 2 2 2 2 2 2 2 2 2 2 2 2 2 2 2 2 2 2 2 2 2 2 2 2
left_child=2 5 4 7 10 11 12 20 19 13 23 -2 24 49 29 44 34 18 48 -5 25 -9 30 -1 31 -3 61 -11 -21 39 -19 32 -4 -26 -16 -22 43 -12 40 -7 56 -42 -38 -18 46 -46 -8 55 -13 -6 -24 -34 -53 -54 -44 -29 -23 -33 59 -28 -52 62 -27
right_child=1 3 6 8 9 14 15 21 -10 27 37 17 -14 -15 16 -17 36 22 -20 28 35 38 50 -25 33 26 58 47 -30 -31 -32 57 51 -35 -36 -37 42 -39 -40 -41 41 -43 54 -45 45 -47 -48 -49 -50 -51 60 52 53 -55 -56 -57 -58 -59 -60 -61 -62 -63 -64
leaf_value=-0.10779997187218388 0.042244000243454018 0.030581770264827886 0.00086840950939310951 0.10772920208938518 -0.048177409621467715 0.020495270643466498 -0.0064075486411529908 0.039511368840379632 0.11534570265130493 -0.041773444225315211 -0.067919832797125532 0.02527946894083534 0.0039922068658278529 -0.079534738219302625 0.036987339598051831 0.0042090208677992309 0.031422762883588737 0.0091906607158823931 -0.0075836561660620307 0.074174220827566736 0.052552987209950754 0.071579501113284053 0.019482139741167304 -0.072029858950474326 -0.020764007806658248 0.059426071177548584 0.027636753405191661 -0.0371693119277283 0.098888912102947493 0.038977500481354926 0.021999878284140392 -0.051894598481759771 -0.043512602526185079 -0.0026321596654370278 0.067777589408830649 0.076333403280530787 0.031220010884476453 -0.055749959186490505 0.054670284235752313 -0.0018949956756256433 0.097336933506780243 0.070585428119259025 0.05703447425608358 0.018218068270993985 -0.017053085388656155 -0.0069976873260521218 0.010752557300422233 -0.015859089835028792 0.0065556182381615348 -0.032911651563939041 0.0048376545444555634 -0.029433979277557355 -0.0079678899880161764 -0.023535039639961047 0.036037050171839578 -0.029233478664511609 0.056568886025836485 -0.032282201615268666 0.046755233296858982 0.04713014459050463 -0.012997147539556773 0.069679264403695082 0.043047265839479217
leaf_weight=20 20 66 20 24 224 192 138 21 44 238 115 25 28 20 23 144 99 121 98 96 140 70 23 24 246 49 52 213 27 35 172 23 22 39 20 20 135 149 49 20 20 28 26 83 182 322 36 26 132 36 67 224 44 91 35 194 46 51 66 23 26 23 44
leaf_count=20 20 66 20 24 224 192 138 21 44 238 115 25 28 20 23 144 99 121 98 96 140 70 23 24 246 49 52 213 27 35 172 23 22 39 20 20 135 149 49 20 20 28 26 83 182 322 36 26 132 36 67 224 44 91 35 194 46 51 66 23 26 23 44
internal_value=0.000133277 0.0360286 -0.0281425 0.0610514 -0.0456892 0.0192227 -0.0144206 0.052967 0.0913926 -0.0394485 -0.064955 0.010135 -0.0228027 -0.0484621 0.0285271 -0.0063845 0.0327638 0.00916648 0.00295821 0.0842122 0.047466 0.0643171 0.0130358 -0.0883212 -0.0237906 0.0434667 0.0467724 -0.0356858 0.0796111 0.0213027 0.0167123 -0.0270926 -0.0250054 -0.0182847 0.0513324 0.0555332 0.0306489 -0.0610555 0.0667584 0.0183806 0.0703635 0.0817603 0.0355142 0.0254049 -0.00863522 -0.0106301 -0.00285389 -0.0323376 0.00954173 -0.046067 0.0037445 -0.0263649 -0.0253115 -0.018466 0.0450028 -0.0333887 0.0656367 -0.0383909 0.0397785 0.0336269 -0.000143905 0.0552651 0.0516878
internal_weight=5129 2260 2869 908 1259 1352 1610 717 191 951 308 684 788 280 668 822 421 664 255 147 483 234 409 44 760 323 257 671 123 247 293 475 401 285 43 160 378 264 213 212 164 48 196 182 678 504 174 433 157 260 116 381 359 135 61 407 116 74 141 75 93 116 93
internal_count=5129 2260 2869 908 1259 1352 1610 717 191 951 308 684 788 280 668 822 421 664 255 147 483 234 409 44 760 323 257 671 123 247 293 475 401 285 43 160 378 264 213 212 164 48 196 182 678 504 174 433 157 260 116 381 359 135 61 407 116 74 141 75 93 116 93
is_linear=0
shrinkage=0.05


Tree=44
num_leaves=64
num_cat=0
split_feature=28 1 28 28 28 28 1 1 1 13 1 7 13 28 1 29 1 28 12 26 13 17 58 64 28 21 15 58 13 53 28 28 13 28 3 13 28 13 11 30 66 19 49 49 70 19 56 57 31 56 31 1 7 30 1 55 57 1 28 13 70 2 34
split_gain=1881.2 341.684 251.442 62.6871 58.8934 50.8785 42.6418 13.8824 12.3681 12.1755 10.4801 11.9059 14.3925 9.94971 9.78609 8.92467 8.77474 6.70292 7.15949 6.5399 6.41142 6.16496 6.00899 5.87159 4.8814 4.86621 4.76315 4.56187 4.42317 4.29404 4.19454 4.19296 5.18518 3.8644 3.78084 3.76717 4.19034 4.65001 3.76107 3.62687 3.45896 3.43986 3.42309 3.20497 3.08087 2.93094 2.91008 2.7113 2.69999 2.61349 2.45928 3.92129 2.45559 2.97496 2.29142 2.28271 2.33132 2.52027 2.21012 2.1894 2.18269 2.10084 2.09703
threshold=13.603906250000001 5.2265625000000009 20.725520833333352 2.8218750000000004 10.084375000000001 26.731250000000003 14.357031250000002 -1.5242187499999997 3.0825520833333306 5.0934895833333362 7.0864583333333355 -0.00022370833333324998 6.0541666666666663 23.631250000000005 10.566145833333351 3.3010416666666651 17.299739583333352 16.441145833333355 14.684895833333352 43.86752125000001 11.098437500000001 27.814322916666651 7.2710190698362975 4.9624453988005017 -1.7078124999999997 68.723904875000017 21.352083333333354 4.3932487949140517 15.175781250000002 -0.00011885022342267934 17.692968750000002 7.0153645833333362 5.9955729166666663 14.704687500000002 1009.9075291666651 9.0268229166666671 11.512760416666652 11.171354166666701 -0.00044266666666659994 26.162500000000005 4.9354651567296104 19.012239583333301 -0.17975992701236085 -0.31309544317432719 12.659333086198236 9.9125000000000014 7.5082777595168348 19.254941656476415 15.278385416666653 3.0122168641688893 2.6333333333333355 12.060677083333351 3.1916666666672161e-05 19.495572916666653 8.8057291666666675 20.452585040018835 12.935706535218257 19.326562500000005 17.877343750000005 18.548177083333353 4.1905721859852472 52.409007166666704 10.111197916666702
decision_type=2 2 2 2 2 2 2 2 2 2 2 2 2 2 2 2 2 2 2 2 2 2 2 2 2 2 2 2 2 2 2 2 2 2 2 2 2 2 2 2 2 2 2 2 2 2 2 2 2 2 2 2 2 2 2 2 2 2 2 2 2 2 2
left_child=1 3 6 7 10 13 17 24 9 22 42 12 -12 26 35 -13 29 20 38 21 25 -7 43 30 49 -2 52 -16 33 45 41 -10 -33 -22 61 54 60 -38 -19 47 59 -18 -3 -5 -9 -8 -25 -15 -42 -1 -17 62 53 -4 -6 56 -28 -58 -40 -31 -37 -21 -52
right_child=2 4 5 8 14 19 16 44 31 -11 11 15 -14 39 27 50 23 18 -20 34 28 -23 -24 46 -26 -27 55 -29 -30 40 -32 32 -34 -35 -36 36 37 -39 58 -41 48 -43 -44 -45 -46 -47 -48 -49 -50 -51 51 -53 -54 -55 -56 -57 57 -59 -60 -61 -62 -63 -64
leaf_value=-0.07369176854138848 0.047573801207484452 -0.01652623583311277 0.079738775018885266 -0.036381223040190334 -0.0006332143616823838 0.092529675987599938 0.053472646659541614 -0.048972867604065801 -0.032390262429586376 -0.079593065281262212 0.039260167746328262 -0.044802184204963874 -0.0075855064995350337 0.067150524056920152 0.0031670677731243158 -0.026201375802801977 0.039573120324174454 0.013863055182919687 0.010828106939936605 0.10509068941086941 0.0073366148485958741 0.12901939705422213 -0.016779991636836817 0.063830218496031724 -0.065735622179933548 0.017379842775616935 0.053818673169475854 0.01617717921449463 -0.0039675429677537202 0.025113587919573355 0.042130603381763131 -0.0076253300410491654 -0.030185950402937714 0.018143053746194973 0.070426736107734339 -0.023863173276699647 0.0036271500351541548 -0.012967170144628282 0.032579692808603615 0.054028131899000145 0.048859081843274227 0.016999948809326312 -0.024890981242025368 -0.045364077999189206 -0.062094609207307819 0.034194680585237364 0.040611239936005947 0.081861618833476313 0.029551742591819908 -0.099560852208058881 -0.016243413863659809 0.0088289517528071168 0.051397302766042367 0.059217672106027977 0.012280113462280572 0.053682444519072142 0.021518425366273398 0.045002492359543511 0.049884299364841587 0.0075825789257732068 -0.0088386665739853109 0.082770677437370044 -0.0076640925850796869
leaf_weight=20 23 191 22 187 105 24 26 193 441 20 23 24 57 95 163 34 32 20 52 24 143 23 27 39 95 32 20 115 40 170 191 42 65 197 25 29 155 58 60 35 26 36 343 215 59 84 21 48 61 20 219 21 75 96 51 51 23 23 27 20 147 20 106
leaf_count=20 23 191 22 187 105 24 26 193 441 20 23 24 57 95 163 34 32 20 52 24 143 23 27 39 95 32 20 115 40 170 191 42 65 197 25 29 155 58 60 35 26 36 343 215 59 84 21 48 61 20 219 21 75 96 51 51 23 23 27 20 147 20 106
internal_value=0.000126761 -0.0231401 0.0395364 -0.0419106 -0.00902861 0.0661937 0.0271502 -0.0589927 -0.0352789 -0.0414351 -0.0170694 -0.011738 0.0058796 0.0591134 0.000916868 -0.015228 0.0354572 0.0172756 0.0260647 0.0959677 0.0140614 0.110421 -0.0396532 0.0416022 -0.0719452 0.0300218 0.053691 0.00855114 0.0117492 0.0303896 0.0383277 -0.0302333 -0.0213366 0.0135998 0.0861012 -0.00297648 -0.00560943 -0.00088954 0.0334631 0.0685505 0.0270624 0.0276342 -0.0219004 -0.0411877 -0.0520493 0.0387603 0.05572 0.0720974 0.0353325 -0.0866605 -0.0133577 -0.0120934 0.0585299 0.0630543 0.00358576 0.0457004 0.0395176 0.0332786 0.037961 0.0232713 -0.0113184 0.0949777 -0.0134471
internal_weight=5129 3225 1904 1384 1841 604 1300 387 997 449 1018 484 80 488 823 404 706 594 159 116 435 47 429 319 135 55 310 278 380 387 259 548 107 340 69 545 389 213 107 178 277 68 534 402 252 110 60 143 87 40 380 346 193 118 156 117 66 46 87 190 176 44 325
internal_count=5129 3225 1904 1384 1841 604 1300 387 997 449 1018 484 80 488 823 404 706 594 159 116 435 47 429 319 135 55 310 278 380 387 259 548 107 340 69 545 389 213 107 178 277 68 534 402 252 110 60 143 87 40 380 346 193 118 156 117 66 46 87 190 176 44 325
is_linear=0
shrinkage=0.05


Tree=45
num_leaves=64
num_cat=0
split_feature=28 28 28 28 28 28 28 28 10 44 31 28 19 22 17 20 28 28 28 30 28 28 10 13 30 47 68 48 28 13 21 44 23 28 29 13 28 15 13 15 13 15 9 13 13 27 23 61 13 13 69 5 55 45 46 13 28 51 28 68 17 28 15
split_gain=1695.23 326.379 205.669 69.368 40.5198 36.8607 33.1881 16.6288 11.5918 10.0151 9.78075 8.58966 8.44892 6.99067 6.39645 6.04242 6.04152 6.0202 5.5616 5.48585 5.23376 5.14393 5.63536 5.10173 5.08999 4.69685 4.31962 5.19894 4.24292 4.21783 4.13269 4.12885 4.10835 4.07739 4.00415 3.90591 3.90368 3.74787 3.57525 3.4199 3.3094 3.23689 3.13833 3.11572 3.10396 2.99234 2.76512 2.56372 2.55905 2.52668 2.41688 2.40921 2.28565 2.26742 2.25191 2.22881 2.98231 2.35197 2.19941 2.1725 2.08934 2.07591 2.05426
threshold=11.928906250000002 18.595052083333353 5.7059895833333352 23.631250000000005 8.2502604166666718 1.9119791666666701 15.369270833333351 29.305989583333353 -0.0012957083333332998 15.500000000000002 15.090885416666652 21.209635416666703 21.801562500000003 50.613855083333313 16.054687500000004 66.735906500000013 4.7268229166666709 13.966145833333352 0.31562500000000004 14.188020833333352 10.084375000000001 11.237500000000002 7.6291666666635611e-05 9.2294270833333361 19.495572916666653 -0.78656609248549303 1.4827633121668542 -0.37940952255126015 16.441145833333355 3.9138020833333358 63.721323708333358 9.5000000000000018 85.660820416666667 31.970572916666651 11.928906250000002 12.544791666666653 7.3705729166666663 17.626822916666654 6.1750000000000007 -2.1932291666666694 6.3507812500000007 15.455468750000003 -0.00032091666666664997 14.227604166666652 22.441406250000004 51.329506208333306 64.917765208333364 55.441564219283869 20.303645833333352 3.8353901836158157 1008.8898720480956 2.6916666666654353e-05 9.7162760416666654 1.5000000000000002 11.500000000000002 5.8546875000000007 6.4208333333333352 -4.0229166666654345e-05 3.6458333333333353 0.86080560347269131 -1.4119791666666648 20.563541666666655 9.2666666666666675
decision_type=2 2 2 2 2 2 2 2 2 2 2 2 2 2 2 2 2 2 2 2 2 2 2 2 2 2 2 2 2 2 2 2 2 2 2 2 2 2 2 2 2 2 2 2 2 2 2 2 2 2 2 2 2 2 2 2 2 2 2 2 2 2 2
left_child=2 6 5 11 29 18 8 25 -2 14 12 15 31 53 20 41 26 34 32 50 40 22 30 62 -13 42 27 -7 -15 -4 -11 -8 39 -9 -10 -36 55 -17 -38 60 -6 47 -5 45 -26 -21 -42 -3 61 -18 -19 -20 -40 -12 -41 56 -31 -57 -28 -33 -1 -43 -22
right_child=1 3 4 7 9 16 10 33 17 21 13 24 -14 28 -16 37 49 19 51 43 23 -23 -24 -25 44 -27 58 -29 -30 36 -32 59 -34 -35 35 -37 38 -39 52 54 46 48 -44 -45 -46 -47 -48 -49 -50 -51 -52 -53 -54 -55 -56 57 -58 -59 -60 -61 -62 -63 -64
leaf_value=-0.063819807391970115 0.047367743785115608 0.058325114772228306 -0.0093501609892422313 0.046002673627848073 0.0031345780949837451 -0.010769040129066652 0.047603013779554393 0.089522691110884123 0.016255051101230725 -0.024917647703413374 0.0216738207392973 0.070693213435983213 0.057408374297670574 0.016966622794633113 0.020666702497581402 0.068770604529248922 -0.027977520887613752 0.013475706779817782 -0.056686448105268274 -0.005965486921366306 0.010952110231598814 0 -0.039514705067203219 -0.0073282617339640622 0.052826716069582058 0.07575987070125037 -0.0471634086545792 -0.03758515984604005 0.029869378016554805 -0.02950388336232132 -0.010954665812848114 0.038241458640718262 -0.088543541731684286 0.11619320565438798 0.0048843437008795716 -0.010580044241304716 -0.011273274542997168 0.044242864207981653 -0.021390209144522269 -0.061834544091407651 -0.022445742022030684 0.035057793321411485 0.067273010786673124 -0.0048444731220351617 0.032889353608486598 0.014620736647999079 -0.009585859687563458 0.040964654761988711 0.0229843682074274 -0.037816790100154894 0.029753691522108057 -0.040464535774467875 -0.038080012273262159 0.0053957447815632335 -0.08142437461901024 -0.044521950001573607 -0.020430777930862443 -0.028737473332461939 -0.039919276436002092 0.023196239235471164 -0.041350585572875465 0.048595819628692222 -0.0013087948815474983
leaf_weight=21 20 31 49 26 42 22 28 40 66 81 30 38 34 100 24 30 163 36 92 20 85 45 28 144 189 134 208 103 177 193 154 31 20 23 310 47 87 33 146 31 51 139 54 32 22 148 234 70 35 110 63 31 24 75 29 33 172 85 216 109 21 36 57
leaf_count=21 20 31 49 26 42 22 28 40 66 81 30 38 34 100 24 30 163 36 92 20 85 45 28 144 189 134 208 103 177 193 154 31 20 23 310 47 87 33 146 31 51 139 54 32 22 148 234 70 35 110 63 31 24 75 29 33 172 85 216 109 21 36 57
internal_value=4.46923e-05 0.0326152 -0.0258395 0.0558544 -0.0152108 -0.0431116 0.0168413 0.0766757 0.00982233 -0.00822587 0.0257581 0.0465949 0.0346607 0.0210483 -0.00464541 0.0417953 -0.0380354 0.00878096 -0.0601385 0.0142123 -0.00563756 -0.0156289 -0.0183016 -0.000695495 0.0537999 0.0700132 -0.0410623 -0.0328708 0.0252139 -0.0235759 -0.0157704 0.0300509 -0.0677239 0.0992844 0.00494036 0.00284678 -0.024517 0.0559397 -0.0195299 -0.0636285 -0.00995829 0.0389267 0.060373 0.0094424 0.050752 0.0121668 -0.0118896 0.0463033 0.0353745 -0.0319451 0.0238414 -0.0526057 -0.0237515 0.010053 -0.0713233 -0.0271692 -0.0252304 -0.0331594 -0.0434752 0.0265337 -0.0526096 0.0378482 0.00602721
internal_weight=5027 2226 2801 900 1734 1067 1326 277 742 945 584 623 202 382 637 374 822 722 245 299 613 308 263 286 249 214 549 125 277 789 235 168 122 63 423 357 740 63 257 102 327 311 80 200 211 168 285 101 210 273 99 123 170 105 60 483 365 118 424 140 42 175 142
internal_count=5027 2226 2801 900 1734 1067 1326 277 742 945 584 623 202 382 637 374 822 722 245 299 613 308 263 286 249 214 549 125 277 789 235 168 122 63 423 357 740 63 257 102 327 311 80 200 211 168 285 101 210 273 99 123 170 105 60 483 365 118 424 140 42 175 142
is_linear=0
shrinkage=0.05


Tree=46
num_leaves=64
num_cat=0
split_feature=1 1 1 1 33 1 1 63 63 46 1 63 65 1 1 1 64 58 11 63 30 33 63 34 57 1 1 46 61 22 64 41 69 30 19 53 25 58 3 70 13 32 62 53 30 1 12 46 66 52 9 60 63 31 20 30 42 53 64 62 57 69 60
split_gain=1493.28 244.624 204.851 61.7236 56.0877 28.2023 25.5617 21.3692 21.3277 12.2939 11.7384 10.0452 9.55649 9.09343 9.0629 8.95213 8.87936 8.7107 8.92399 8.11559 7.37441 7.3364 6.84196 6.76441 6.40448 6.33862 5.55758 5.25929 5.20943 5.09779 4.9003 5.81022 4.64649 4.14539 4.10996 4.46892 4.3322 4.04648 3.95466 3.95188 3.9327 3.7626 3.58576 3.50512 3.46206 3.32459 3.70509 3.21201 3.13168 3.10571 2.97442 2.81097 2.56705 2.61189 2.48383 2.45943 2.45681 2.44212 3.1085 2.44845 2.43993 2.40817 2.36532
threshold=10.455208333333351 17.436979166666653 5.7682291666666705 0.95468750000000013 22.120312500000004 13.880729166666653 25.660416666666702 10.45990668402778 9.1591471354166725 11.500000000000002 31.308854166666652 22.102617776012245 8.7476290776727392 -3.1486979166666647 2.9075520833333308 20.492708333333351 4.8559646011683375 3.931365722992008 -6.1583333333340689e-05 18.77403428819445 16.276822916666656 11.282291666666652 12.444064670138891 11.322656250000001 13.72972775003363 8.1518229166666671 7.7098958333333352 6.5000000000000009 69.252041169642879 45.552471291666713 4.0866303976543987 1010.878604166665 1012.2624652303437 8.0145833333333361 21.801562500000003 1.4834462645303485e-05 60.319385750000009 8.4385508840271477 1004.8733625000001 4.5350619444543208 12.623177083333301 15.372656250000002 9.7242236173672154 -5.3318204365073028e-05 5.4161458333333359 11.771354166666653 14.127864583333352 1.5000000000000002 4.5309526448643007 0.00016920982882337142 -0.00053058333333334991 13.056382421412414 14.858009336326342 21.739062500000003 54.552052458333307 18.595052083333353 1025.0669541666653 0.00019530158730161068 2.7096232770791708 9.2814644062809499 12.729485987103175 1020.9128635912699 11.316293485460866
decision_type=2 2 2 2 2 2 2 2 2 2 2 2 2 2 2 2 2 2 2 2 2 2 2 2 2 2 2 2 2 2 2 2 2 2 2 2 2 2 2 2 2 2 2 2 2 2 2 2 2 2 2 2 2 2 2 2 2 2 2 2 2 2 2
left_child=2 5 3 9 8 22 15 25 -3 13 32 21 14 61 -5 54 20 18 -11 26 48 27 29 -15 28 49 50 -7 -23 -2 -17 -32 -8 -31 35 36 43 38 -14 60 57 -37 52 -18 -27 -24 55 -16 -10 -4 -9 -33 -26 -54 -6 -47 -40 58 -28 -60 -22 -1 -44
right_child=1 4 7 12 6 11 10 19 16 17 -12 -13 37 23 47 30 34 -19 -20 -21 39 24 45 -25 42 44 40 -29 -30 33 31 51 -34 -35 -36 41 -38 -39 56 -41 -42 -43 62 -45 -46 46 -48 -49 -50 -51 -52 -53 53 -55 -56 -57 -58 -59 59 -61 -62 -63 -64
leaf_value=-0.057438236228904739 0.02687120382309718 -0.009061509688319206 -0.026368827558619329 -0.039835857021035953 0.034871189521313101 -0.014467369582967602 0.08772502165288365 -0.028222967998108257 0.020201511879648037 -0.061058421500883753 0.12034844549879015 0.0508783937504153 -0.0031979996722863511 -0.047152011831713372 -0.035198832588775139 0.056317655784291203 0.042827421419115975 -0.041465167206548498 -0.09858462559465804 0.027330886650634607 0.060651105394048804 0.035272315724259845 0.0086565935808398976 -0.020283128387627351 -0.00017502951369415668 -0.028556806476880282 0.0038099249427943974 0.021779205410302371 0.017696922480779993 -0.014693097599579761 0.093881762375692429 0.054009631079914071 0.064988877833839762 0.0045803242162540834 0.069639885987650751 0.050143259625606021 0.075263974237664011 -0.0018896538108317295 -0.027177201200862144 0.033405109884349908 -0.017750625635473333 0.020485355840487912 0.022234840980201582 0.066104605093255137 -0.0069592559339419213 0.018421126241738122 0.0049085961985049316 -0.026814355713201423 0.039003092109102529 -0.016058358976171465 -0.0080772499603360432 0.077883686877445221 0.021595279581526936 0.0019639676036060506 0.05236073588967402 0.035940538773965643 -0.0091527238782532494 0.011396733306448551 -0.013798483822167555 0.00091790086763286749 0.044829834897780231 -0.08079448214231541 0.040341091561333482
leaf_weight=23 22 20 90 276 37 20 59 21 61 34 21 38 22 245 153 81 56 21 30 23 30 195 163 26 24 20 193 20 54 33 25 29 37 180 30 22 21 24 199 69 28 21 60 23 259 233 49 459 35 393 145 22 89 21 46 22 21 55 58 55 138 22 26
leaf_count=23 22 20 90 276 37 20 59 21 61 34 21 38 22 245 153 81 56 21 30 23 30 195 163 26 24 20 193 20 54 33 25 29 37 180 30 22 21 24 199 69 28 21 60 23 259 233 49 459 35 393 145 22 89 21 46 22 21 55 58 55 138 22 26
internal_value=4.24836e-05 0.0317978 -0.0233434 -0.0356902 0.0519412 0.0175565 0.0672402 -0.00901502 0.0415555 -0.052591 0.0864149 0.0260686 -0.0298165 -0.0480419 -0.0323081 0.0578872 0.0435574 -0.0694895 -0.0786693 -0.0017642 0.0387748 0.0242145 0.0109229 -0.0445769 0.0259677 -0.0145142 -0.00297132 0.00364433 0.0314637 0.00396119 0.0649183 0.0740695 0.078975 0.0015914 0.0527575 0.0492076 0.0550158 -0.0214958 -0.023438 0.0435146 0.000295973 0.0356789 0.0197438 0.0496182 -0.00851023 0.0144248 0.0175156 -0.0289118 0.0270648 -0.0179811 -0.0106304 0.0643313 0.0146202 0.0178525 0.0445754 0.0199359 -0.0254594 0.00169755 -4.44518e-05 -0.00663177 0.0476615 -0.0688834 0.0277187
internal_weight=5027 2132 2895 1555 883 1249 357 1340 526 401 117 547 1154 316 888 240 506 85 64 578 333 509 702 271 469 762 555 40 249 235 157 76 96 213 173 143 100 266 242 237 389 43 220 79 279 467 304 612 96 483 166 51 134 110 83 255 220 361 306 113 168 45 86
internal_count=5027 2132 2895 1555 883 1249 357 1340 526 401 117 547 1154 316 888 240 506 85 64 578 333 509 702 271 469 762 555 40 249 235 157 76 96 213 173 143 100 266 242 237 389 43 220 79 279 467 304 612 96 483 166 51 134 110 83 255 220 361 306 113 168 45 86
is_linear=0
shrinkage=0.05


Tree=47
num_leaves=64
num_cat=0
split_feature=28 28 28 28 28 28 28 28 28 14 10 14 14 28 29 47 47 28 65 28 14 28 28 48 33 13 4 14 28 47 30 13 28 14 14 15 47 64 29 30 70 30 14 27 4 14 19 69 29 28 28 64 62 15 12 28 29 22 23 29 28 70 4
split_gain=1385.03 224.613 205.484 49.0645 33.4616 33.0262 28.0279 18.2279 13.4062 10.323 10.5119 7.71298 7.17313 6.74521 6.74032 6.58718 5.90134 5.61408 5.37559 5.26168 6.86948 4.94112 4.81525 4.72215 4.63533 4.48425 4.4564 3.84021 4.51107 3.83725 4.1235 3.53134 3.51021 2.96237 2.89534 2.8366 2.82973 2.70184 2.63211 2.60429 2.5952 2.58129 2.49877 2.43916 2.4375 2.37392 2.36808 2.14393 2.07913 2.04126 2.03639 1.99148 1.91995 1.91579 1.89729 1.87619 1.87268 1.86578 2.97477 1.84332 1.67738 2.18421 1.66266
threshold=13.213802083333352 7.3705729166666663 20.314843750000005 4.2244791666666659 16.544010416666655 28.361979166666703 10.710937500000002 0.67161458333333368 22.984895833333304 11.17864583333335 -0.00056245833333329993 5.6364583333333309 9.8075520833333325 15.014583333333352 19.489322916666655 0.37940952255126054 -0.78656609248549303 18.340104166666702 9.3980545103693007 8.9804687500000018 7.7984375000000012 5.7059895833333352 31.970572916666651 0.37940952255126048 21.033333333333353 4.5984375000000011 6.108333333333012e-05 15.502604166666652 15.369270833333351 -0.91597561503675329 11.001822916666653 20.498437500000005 11.408072916666653 13.790885416666702 15.706770833333302 16.164843750000006 -0.98296291314453399 4.4143163514356871 -1.7078124999999997 12.554947916666702 3.9564712010553369 20.177864583333303 2.2252604166666701 62.665295083333355 -2.8416666666686347e-05 7.0864583333333355 14.635416666666652 1018.756169171627 20.750000000000004 24.762760416666655 21.682031250000005 4.1626441545670962 11.332555364681623 27.060677083333303 20.009375000000002 11.990104166666702 17.105989583333301 75.057540708333377 74.580412916666674 19.105729166666652 24.185156250000002 4.0558391375688565 4.6249999999996008e-05
decision_type=2 2 2 2 2 2 2 2 2 2 2 2 2 2 2 2 2 2 2 2 2 2 2 2 2 2 2 2 2 2 2 2 2 2 2 2 2 2 2 2 2 2 2 2 2 2 2 2 2 2 2 2 2 2 2 2 2 2 2 2 2 2 2
left_child=1 3 4 7 9 8 11 26 14 10 -2 37 40 46 -4 17 49 34 44 45 -21 42 53 -20 33 51 38 28 57 30 -22 50 -14 -17 -6 47 -19 -3 -1 -31 43 -18 -5 -8 -9 -13 52 -34 -38 -10 -16 -23 -12 -7 -33 -42 -29 58 -11 -36 -43 -62 -27
right_child=2 6 5 21 15 22 12 18 16 27 13 19 32 -15 31 24 41 36 23 20 29 25 -24 -25 -26 62 -28 56 -30 39 -32 54 35 -35 59 -37 48 -39 -40 -41 55 60 -44 -45 -46 -47 -48 -49 -50 -51 -52 -53 -54 -55 -56 -57 -58 -59 -60 -61 61 -63 -64
leaf_value=-0.078574031496524643 0.059700041635521395 -0.0057167076375940718 0.070296101677373074 -0.019670172337299202 0.028422932785155376 0.084954275121691292 0.03185828693382356 -0.046604991881964958 0.042802583305758257 0.0088226163916833369 0.01495902929548147 -0.014518985472857055 -0.012386845183876486 0.042730567290943135 0.042992406932139501 0.047386907567445583 0.083182205509269677 0.014772014774480785 -0.013334606411271261 0.00084820666714339381 -0.014852823497609184 -0.018263594294072715 0.10508659310260063 -0.038389452324214784 0.060982827902521075 -0.027887514765979029 -0.043879666375783458 0.0065671472324843579 0.019599774797971758 -0.0099755818428906174 -0.044013469352357566 0.022571347811231404 0.00014744833088103441 0.031042300790218403 0.019376946072076254 -0.013957466442850064 0.036355526639870794 0.011553114850524402 -0.060459200388953527 -0.02873161411637078 0.0017687262034702122 0.056487406559771969 -0.031956640198409984 0.010153030617228265 -0.038935136760084879 -0.022418035108962849 0.023402836002472421 0.016183591558995038 0.020631875843119988 0.057806411747296629 0.054404575090841317 -0.0026048946695201927 -0.0042515323855078597 0.066500647739385424 0.038922355952652546 0.012606488071980858 -0.0090823250329934175 0.016859526741439309 -0.011332125445713347 0.0028880899007814281 0.063756673248507867 0.082683440633322947 -0.020463605442072347
leaf_weight=27 20 56 24 47 93 39 20 175 46 213 34 210 75 27 113 39 20 20 33 108 31 110 23 44 21 290 33 56 159 253 20 23 222 98 114 33 182 38 83 20 116 51 365 37 260 175 42 23 24 46 61 25 21 23 81 61 29 62 20 20 70 20 103
leaf_count=27 20 56 24 47 93 39 20 175 46 213 34 210 75 27 113 39 20 20 33 108 31 110 23 44 21 290 33 56 159 253 20 23 222 98 114 33 182 38 83 20 116 51 365 37 260 175 42 23 24 46 61 25 21 23 81 61 29 62 20 20 70 20 103
internal_value=4.04922e-05 -0.0207125 0.0332304 -0.0337704 0.0217677 0.0564052 -0.00680856 -0.0442772 0.051956 0.0141612 0.0260561 -0.0122985 0.00171088 0.0206212 0.0448332 0.0302693 0.0604542 0.0271983 -0.0398646 -0.0138591 -0.0100681 -0.0264483 0.0854404 -0.0276613 0.0390688 -0.0232409 -0.060069 0.010982 0.0128082 -0.0137083 -0.0263046 0.0426307 -0.00278818 0.0357019 0.0216359 -0.000196455 0.0327819 0.00125988 -0.0649169 -0.0113525 0.00849989 0.0662412 -0.0305568 0.0177819 -0.0420229 -0.0181113 0.0144581 0.00165552 0.0345272 0.0503154 0.046999 -0.0153679 0.00761556 0.0781285 0.0353136 0.0055071 0.00122159 0.00914548 0.00709004 0.0169201 0.063829 0.0679769 -0.0259437
internal_weight=5027 3093 1934 1595 1294 640 1498 655 555 683 144 911 587 124 302 611 253 453 512 817 432 940 85 77 158 528 143 539 454 324 51 278 353 137 227 278 226 94 110 273 234 161 412 57 435 385 97 245 206 92 174 135 55 62 104 177 85 295 233 134 141 90 393
internal_count=5027 3093 1934 1595 1294 640 1498 655 555 683 144 911 587 124 302 611 253 453 512 817 432 940 85 77 158 528 143 539 454 324 51 278 353 137 227 278 226 94 110 273 234 161 412 57 435 385 97 245 206 92 174 135 55 62 104 177 85 295 233 134 141 90 393
is_linear=0
shrinkage=0.05


Tree=48
num_leaves=64
num_cat=0
split_feature=1 1 1 1 33 1 1 63 1 1 0 29 43 66 53 4 58 1 69 34 63 61 59 63 0 30 61 29 69 48 54 22 63 12 51 32 29 43 35 1 34 35 67 70 49 35 1 63 10 17 54 24 15 4 0 66 15 52 1 66 36 69 0
split_gain=1219.86 199.618 167.626 51.0248 45.5722 22.8774 21.1221 17.4623 17.438 14.0157 10.5399 9.5466 9.46121 8.40761 8.34363 8.12608 8.0782 7.43848 6.75996 5.75297 5.52428 5.44702 6.07913 5.35301 5.11044 4.88813 4.82774 4.79392 4.70827 4.51572 4.47608 4.41188 4.09325 4.00002 4.66107 3.89878 3.54899 3.48311 3.45239 3.46466 3.23241 3.03854 3.00741 3.6786 3.11937 2.94777 3.02204 2.89751 2.85186 2.85777 2.8371 2.83163 2.69997 2.66899 2.54512 2.54137 2.53735 2.49976 2.44664 2.3937 2.20701 2.15654 2.12192
threshold=10.455208333333351 17.436979166666653 5.7682291666666705 0.95468750000000013 22.120312500000004 13.880729166666653 31.308854166666652 9.1591471354166725 8.0942708333333382 21.280208333333302 -10.208761749999999 5.9273437500000012 1008.0637958333351 5.2521231355466282 -0.00011885022342267934 -0.00012870833333329998 6.8933255281545334 -3.1486979166666647 1007.5608466617834 11.322656250000001 12.444064670138891 64.17578297384064 51.11691361284722 9.5001736111111139 8.7472178333333428 6.0177083333333359 50.245383173598512 16.181770833333356 1018.2872999541803 0.1294095225512602 0.00046163686805216576 45.552471291666713 15.375728520354118 11.171354166666701 -0.00014723090277776068 1.0000000180025095e-35 9.2096354166666732 1020.7543875000001 21.119791666666703 25.055468750000006 8.3664062500000025 17.348177083333354 1020.6983501736107 4.5350619444543208 -0.68391308835034159 11.576041666666653 2.7424479166666704 6.4911783854166663 0.0012126249999999501 18.125260416666652 0.0012980605853594785 65.744849958333319 4.4393229166666659 -0.00055912499999989987 -5.6070472916666541 3.6919023586131994 12.292708333333351 0.00082917796617260737 7.0169270833333366 3.8742160954965645 1010.331575 1020.9128635912699 9.791042833333341
decision_type=2 2 2 2 2 2 2 2 2 2 2 2 2 2 2 2 2 2 2 2 2 2 2 2 2 2 2 2 2 2 2 2 2 2 2 2 2 2 2 2 2 2 2 2 2 2 2 2 2 2 2 2 2 2 2 2 2 2 2 2 2 2 2
left_child=2 5 3 10 7 20 9 -3 30 41 15 35 -11 14 -7 -1 25 61 -9 -19 31 22 29 -16 51 -10 -18 -24 -15 57 47 -2 53 34 -27 -5 -33 48 50 -40 -17 -6 43 44 -29 46 -37 -4 49 -25 -14 -22 -47 -13 -38 -36 -26 -20 -32 -55 -41 -12 -57
right_child=1 4 8 11 6 13 -8 18 16 12 17 32 38 28 23 40 26 19 21 -21 24 -23 27 37 56 33 -28 42 -30 -31 58 36 -34 -35 55 45 54 -39 39 60 -42 -43 -44 -45 -46 52 -48 -49 -50 -51 -52 -53 -54 59 -56 62 -58 -59 -60 -61 -62 -63 -64
leaf_value=-0.085978434161758571 0.024957684980411725 -0.008224787363137441 -0.023917783098275767 -0.044935374010181828 0.057638464950270578 0.030798324615474881 0.10940441028780168 0.015911817128433932 -0.024150963849813436 0.095259554724960629 -0.051445346669185057 -0.035920674747116257 0.057093014528727538 0.029379952106162451 -0.0096125939044578272 -0.062290128627118996 0.035046772539302863 -0.042661641281184652 0.040602858897108379 -0.017881369266497176 0.022158976233779909 0.059271039369459967 0.022406172994041001 0.015855483990162612 0.018982669123187447 0.0077723076920022246 0.0051851152993740435 0.035329741314724022 0.051905077315993566 0.031775401838493887 -0.013394631574843135 -0.0136275863019319 0.00045863179334517062 -0.023081582837211734 -0.0071767604125968975 -0.036096944031558838 0.014352249699016795 0.032407160670578625 0.049813168224669212 0.075060593642431742 -0.038045348986814921 0.038253629031152328 0.052027961864569511 0.024985738507787049 0.050550120629915977 -0.013395813839590393 -0.028280008129939395 -0.014419762000942183 0.033115950193272896 4.1970047388873146e-05 0.080413792441865209 0.012394366114454273 -0.033692912109157452 -0.02407004425334992 0.00071775523142865666 0.0042973333208280546 0.0031361582736654579 0.058287735585643236 -0.0044962312607911134 -0.016135140176061335 0.057067784049955689 -0.073541364611305476 -0.0084070571730938803
leaf_weight=27 22 20 119 46 27 125 21 29 29 23 23 35 21 104 20 35 20 245 28 26 140 37 58 181 31 96 42 110 30 32 170 33 20 24 288 194 46 33 76 32 23 83 35 55 49 48 346 249 20 34 36 159 25 300 134 115 137 73 142 140 38 22 46
leaf_count=27 22 20 119 46 27 125 21 29 29 23 23 35 21 104 20 35 20 245 28 26 140 37 58 181 31 96 42 110 30 32 170 33 20 24 288 194 46 33 76 32 23 83 35 55 49 48 346 249 20 34 36 159 25 300 134 115 137 73 142 140 38 22 46
internal_value=3.86098e-05 0.0287399 -0.0210981 -0.0322669 0.0469362 0.0158751 0.0607269 0.0375743 -0.00813679 0.0576799 -0.0476335 -0.0269264 0.0648103 0.0235417 0.020007 -0.0632805 -0.00234622 -0.0434212 0.0393857 -0.0402868 0.00990036 0.0408114 0.0392567 0.0153206 0.0130471 -0.00412809 0.0148301 0.0353794 0.0344301 0.0481994 -0.0137562 0.00364455 -0.0216748 -0.00310631 -0.00222534 -0.0308699 0.00143978 0.0171835 0.0613534 0.0572504 -0.0526927 0.0430211 0.0383983 0.0361644 0.0400263 -0.0298129 -0.0310899 -0.0174931 0.0150422 0.0133572 0.0718422 0.0169687 -0.0203574 -0.0226078 0.00420551 -0.00436416 0.00606415 0.0533945 -0.0093466 -0.0215469 0.0653098 -0.0622729 0.000664105
internal_weight=5027 2132 2895 1555 883 1249 357 526 1340 336 401 1154 226 547 413 85 660 316 506 271 702 477 440 288 467 598 62 307 134 133 680 235 495 569 545 659 213 268 203 146 58 110 249 214 159 613 540 368 235 215 57 299 73 475 180 449 168 101 312 440 70 45 161
internal_count=5027 2132 2895 1555 883 1249 357 526 1340 336 401 1154 226 547 413 85 660 316 506 271 702 477 440 288 467 598 62 307 134 133 680 235 495 569 545 659 213 268 203 146 58 110 249 214 159 613 540 368 235 215 57 299 73 475 180 449 168 101 312 440 70 45 161
is_linear=0
shrinkage=0.05


Tree=49
num_leaves=64
num_cat=0
split_feature=28 28 28 28 28 28 28 28 28 14 11 28 14 30 14 47 4 28 14 28 14 29 4 65 11 47 31 14 28 2 28 14 70 64 14 14 15 47 15 63 18 15 52 57 2 32 60 44 70 48 28 47 26 14 49 64 69 56 29 26 29 70 28
split_gain=1132.09 182.777 167.226 40.6696 27.2306 27.0034 22.8702 15.7163 10.4362 8.97454 10.7107 7.18827 6.81923 6.34344 6.21352 5.47157 5.19477 5.05354 5.99706 4.61648 4.35956 4.10424 3.68561 3.67652 3.62973 3.41498 3.31695 3.30263 3.78339 3.08922 3.06726 3.03478 3.01692 2.80477 2.6372 2.53297 2.4903 2.45628 2.45563 2.40232 2.37371 2.17979 2.07966 2.65233 2.6664 2.27821 2.06676 2.05974 2.02015 2.27863 1.99087 1.99041 1.98063 1.97564 1.91552 1.87909 1.87757 1.78632 1.77109 1.67216 1.66608 1.60854 1.60772
threshold=13.213802083333352 7.3705729166666663 20.314843750000005 1.9119791666666701 16.544010416666655 23.860156250000003 10.931510416666653 4.8838541666666666 29.305989583333353 11.17864583333335 0.00039479166666665007 15.1877604166667 5.6364583333333309 19.105989583333354 10.021093750000002 0.37940952255126054 6.108333333333012e-05 8.9804687500000018 7.7984375000000012 18.340104166666702 -0.13020833333333345 -1.7078124999999997 8.8750000000044915e-05 8.1426339285714295 0.00033287499999990004 1.0000000180025095e-35 29.305989583333353 15.502604166666652 15.559375000000001 71.251764750000021 3.6458333333333353 11.255729166666702 5.3275151284895577 4.4143163514356871 4.1791666666666716 15.706770833333302 16.717968750000001 -0.98296291314453399 16.164843750000006 16.098871527777785 6.1263020833333357 11.139843750000002 0.0024839926514785247 12.935706535218257 64.949649916666715 23.354166666666703 12.293693459477442 11.500000000000002 3.9564712010553369 -0.37940952255126015 11.408072916666653 -0.91597561503675329 65.184091500000008 1.7364583333333352 1.0000000180025095e-35 4.9269789604736358 1018.756169171627 7.2204577360971163 20.750000000000004 43.405810541666661 17.105989583333301 5.3275151284895577 12.085677083333351
decision_type=2 2 2 2 2 2 2 2 2 2 2 2 2 2 2 2 2 2 2 2 2 2 2 2 2 2 2 2 2 2 2 2 2 2 2 2 2 2 2 2 2 2 2 2 2 2 2 2 2 2 2 2 2 2 2 2 2 2 2 2 2 2 2
left_child=1 3 4 16 9 13 12 20 25 10 11 57 33 39 48 19 21 41 -19 35 23 -1 -9 -5 31 46 59 28 -11 32 -22 -20 36 -3 53 -6 55 -21 50 -4 -24 -14 43 -15 -45 -46 51 -23 49 -8 -16 -7 -35 -32 -18 -17 -52 -2 -39 -10 -29 -37 -50
right_child=2 6 5 7 15 8 14 22 26 27 -12 -13 17 42 38 29 54 18 24 37 30 47 40 -25 -26 -27 -28 60 -30 -31 34 -33 -34 52 -36 61 -38 58 -40 -41 -42 -43 -44 44 45 -47 -48 -49 62 -51 56 -53 -54 -55 -56 -57 -58 -59 -60 -61 -62 -63 -64
leaf_value=-0.07151889373354893 0.015301269808177129 -0.0052925724182748407 0.043609868943959337 -0.032270714651147316 0.025876407446226581 0.041372981886835906 0.029591412016096171 -0.024222960056666919 0.099646481124064518 0.008690897814854711 0.0523223770990787 0.044667163624920167 -0.01516242778164064 0.050085930206413866 -0.011202251128185988 0.036215892370622935 -0.028348963513239085 0.0013884068896631312 -0.0093277806016819134 0.012856090811036084 -0.039022097205331716 -0.046898089797935978 -0.02204553815564024 -0.0066030022891990703 -0.030612616484340084 0.070605096544355525 0.065356432804596631 0.0058671253859541861 0.01881796906982823 0.053803775880647733 -0.020791801267416619 -0.028941258073902767 0.01470702862230198 0.00082128510927024676 -0.048496584424741029 0.011594714852224035 0.02452900752625238 0.032950096797789777 -0.014103292252182202 0.065175920234043894 -0.010267657191941566 -0.027651997868681194 0.024472986294691589 0.034990648812924123 0.060935243754193874 0.040963792552216383 0.065904665129515705 -0.060030020338475668 0.0019491307176289037 0.0089399353163938412 -0.0004455971623410597 0.05545930659695783 0.023097930608623508 -0.031946785663754779 -0.04621885489115158 0.053909645540484302 0.015268885986130333 -0.0011510888764413975 0.018435525249725502 0.079043909086697339 -0.0088943349982116473 0.023679402435732726 0.011989466250599037
leaf_weight=27 76 57 20 29 93 36 21 586 21 325 27 20 346 62 39 63 33 112 330 20 227 116 82 27 24 41 22 56 129 20 48 21 20 20 21 95 35 182 40 38 90 39 21 169 20 52 31 41 109 37 199 87 20 240 28 20 21 21 24 20 29 39 63
leaf_count=27 76 57 20 29 93 36 21 586 21 325 27 20 346 62 39 63 33 112 330 20 227 116 82 27 24 41 22 56 129 20 48 21 20 20 21 95 35 182 40 38 90 39 21 169 20 52 31 41 109 37 199 87 20 240 28 20 21 21 24 20 29 39 63
internal_value=3.67936e-05 -0.0187257 0.0300434 -0.030505 0.0197026 0.0509498 -0.00618328 -0.0271025 0.0634522 0.0128407 0.0239315 0.0173716 -0.0107481 0.042503 0.00217739 0.0273721 -0.0492494 -0.0121471 -0.00876021 0.0245728 -0.0332091 -0.0534493 -0.0223322 -0.0199075 -0.0117926 0.0577205 0.0811734 0.00987631 0.0115699 0.0353924 -0.0345975 -0.0105035 0.0327168 0.00182346 -0.0313442 0.0195283 0.0357635 0.0296365 -0.002574 0.0577568 -0.0158866 -0.0164296 0.0397692 0.0408268 0.0384408 0.0465261 0.0542826 -0.0503342 0.00835622 0.0164296 -0.000791007 0.0513442 0.0119751 -0.0300901 -0.036566 0.0404915 0.00105277 0.0117345 0.0312625 0.0896304 0.000824527 0.0151171 0.00563009
internal_weight=5027 3093 1934 1595 1294 640 1498 1350 258 683 144 117 969 382 529 611 245 872 487 453 592 184 758 56 375 195 63 539 454 158 536 351 138 97 309 227 118 226 299 58 172 385 324 303 241 72 154 157 230 58 259 123 40 288 61 83 220 97 206 41 85 134 172
internal_count=5027 3093 1934 1595 1294 640 1498 1350 258 683 144 117 969 382 529 611 245 872 487 453 592 184 758 56 375 195 63 539 454 158 536 351 138 97 309 227 118 226 299 58 172 385 324 303 241 72 154 157 230 58 259 123 40 288 61 83 220 97 206 41 85 134 172
is_linear=0
shrinkage=0.05


Tree=50
num_leaves=64
num_cat=0
split_feature=28 28 28 1 1 1 1 28 28 1 10 28 1 70 0 2 62 31 28 44 45 34 7 49 70 47 24 40 61 15 64 0 1 1 3 28 64 64 60 47 42 28 38 22 41 58 20 52 53 0 22 0 40 68 66 43 4 22 0 55 22 0 11
split_gain=1006.52 187.371 134.45 42.4668 32.239 28.6936 25.3259 9.44668 8.73095 6.95668 6.50565 6.51211 6.07645 6.14512 5.76754 5.66808 5.24874 6.02904 5.54557 4.81682 4.71243 4.17188 4.10006 3.63171 3.42777 3.31104 4.0578 3.22896 3.12456 2.91667 3.0805 2.79044 2.76838 2.6931 2.85161 2.44513 2.43183 3.26752 2.22992 3.34791 2.28497 2.16799 2.15991 2.14954 2.14264 2.08253 2.13511 1.99086 1.97804 1.976 1.97534 1.975 1.96855 1.95433 1.91373 1.85236 1.81821 1.76232 1.71069 1.91524 1.69156 1.68143 1.67928
threshold=11.990104166666702 19.105729166666652 5.7486979166666652 23.193489583333356 12.458333333333302 6.5351562500000009 -0.71718749999999987 22.742708333333304 27.519791666666702 -4.7526041666666643 -0.0015153333333332998 16.775520833333303 2.4630208333333354 4.4180760160400103 8.2553322500000021 79.083021166666711 14.404761013312383 10.7761532738095 10.164322916666652 17.500000000000004 4.5000000000000009 18.666406250000005 -0.0005377083333332999 1.0000000180025095e-35 10.858064777664694 1.0000000180025095e-35 44.108133250000002 1015.5185250000001 62.441013585317471 13.936197916666702 4.9624453988005017 5.603835500000006 15.589583333333353 10.455208333333351 1019.973541666665 21.033333333333353 4.8559646011683375 5.5569286089922114 12.896442589493871 -0.91597561503675329 1013.2479708333351 4.4539062500000002 1011.0489541666701 67.483578916666673 1017.7756750000001 5.817094887367749 52.692645500000005 0.0003523090590055005 -2.3439614372287372e-05 -10.019911458333349 58.060805416666661 11.438066208333302 1013.6786708333351 1.2699410211520219 3.9014617483301772 1002.033295833335 -0.00010129166666654998 59.557169750000007 -2.0177338333333243 8.4898491753472189 58.819945125000011 -4.0877725416666495 -9.0083333333327437e-05
decision_type=2 2 2 2 2 2 2 2 2 2 2 2 2 2 2 2 2 2 2 2 2 2 2 2 2 2 2 2 2 2 2 2 2 2 2 2 2 2 2 2 2 2 2 2 2 2 2 2 2 2 2 2 2 2 2 2 2 2 2 2 2 2 2
left_child=2 4 6 7 14 54 9 19 28 -1 -6 22 24 15 21 -14 18 -18 47 35 56 33 48 -15 61 31 -27 45 42 30 -20 -13 -33 34 -2 51 43 -38 39 -9 -41 -25 -5 -24 53 46 -21 -7 -12 -11 -49 -3 -44 -28 60 -35 -10 -37 59 -52 -4 -8 -31
right_child=1 3 5 8 10 16 12 38 20 49 11 25 13 23 -16 -17 17 -19 29 27 -22 -23 36 41 -26 26 44 -29 -30 62 -32 32 -34 55 -36 57 37 -39 -40 40 -42 -43 52 -45 -46 -47 -48 50 -50 -51 58 -53 -54 -55 -56 -57 -58 -59 -60 -61 -62 -63 -64
leaf_value=-0.076698229467227652 0.004798346168109693 0.039323061127373042 -0.033952126199415948 0.040955604471307895 0.043035195971863456 -0.011617405531803222 -0.029018901484029271 0.032170949152869964 0.079591900616654054 -0.054175211465227635 0.019644437727942787 0.026512940569379546 0.011201299868825672 -0.02068995046533529 -0.0049798475436845851 -0.021979362850709283 0.031528901634016435 -0.0072711129001211908 -0.0017670307847080142 0.013631408261369821 0.093323937242713428 0.023707278534041261 0.0077668923191911449 -0.036781119700954969 -0.042495203534611448 0.051682555259971952 0.032666802787999792 0.013051648121410471 0.073011084987424951 -0.020805426430042805 0.015483437443430701 0.0057953575496468516 0.022302815993312387 -0.0044732018955226894 -0.010620009967676057 0.03744171522464617 0.034774666389786213 0.010518693396594607 0.058682397874584284 0.043525275509343347 0.058560886205181253 -0.027507378984032202 0.069293964601368746 0.015911193758409256 0.040591209191597782 0.040002544358334384 0.034149489198588991 -0.015997775591487084 0.041178080174311293 -0.0427258363955689 -0.0043599374938210964 0.029173967227537102 0.050380183507703208 0.017761793737383545 -0.014868206172300606 0.011445771439355755 0.06130779626823607 0.050039823465336364 -0.010879719430410538 0.010055574577701096 -0.019732961807683608 -0.036116735079770444 -0.0020716411299418949
leaf_weight=21 179 84 22 34 31 385 227 41 22 55 22 106 20 122 113 36 20 20 340 25 27 37 148 104 92 20 37 38 20 30 28 46 57 20 36 68 30 26 34 71 40 163 21 180 24 35 26 34 21 125 61 114 42 55 234 206 38 48 43 37 476 134 20
leaf_count=21 179 84 22 34 31 385 227 41 22 55 22 106 20 122 113 36 20 20 340 25 27 37 148 104 92 20 37 38 20 30 28 46 57 20 36 68 30 26 34 71 40 163 21 180 24 35 26 34 21 125 61 114 42 55 234 206 38 48 43 37 476 134 20
internal_value=7.53446e-06 0.0252313 -0.0196649 0.0440708 0.0140406 -0.0110567 -0.0333715 0.0375933 0.0638792 -0.0494193 0.020564 0.0196604 -0.0297785 -0.0256226 0.00517604 -0.0101203 -0.00562688 0.0121194 -0.00635333 0.0335785 0.0758971 0.00757801 0.0155288 -0.0278527 -0.0338592 0.024772 0.0308532 0.0252176 0.0549328 -0.00199383 -0.000452751 0.0208113 0.0149367 0.00622312 0.00221397 0.0368777 0.0138862 0.0235258 0.0470425 0.0444318 0.0489528 -0.0311227 0.0511931 0.0122382 0.0272534 0.0305853 0.0241061 -0.0096064 0.0301796 -0.0462298 -0.00517893 0.0334839 0.0567027 0.0237645 -0.0186072 0.0100347 0.0680324 0.0426629 -0.00256563 0.00107802 -0.0203628 -0.0316559 -0.0133238
internal_weight=5071 2222 2849 828 1394 1750 1099 624 204 201 803 772 898 445 591 56 1018 40 978 438 87 478 427 389 453 345 136 124 117 418 368 209 103 441 215 314 384 56 186 152 111 267 97 328 116 86 51 560 43 180 175 198 63 92 732 226 60 116 141 98 498 361 50
internal_count=5071 2222 2849 828 1394 1750 1099 624 204 201 803 772 898 445 591 56 1018 40 978 438 87 478 427 389 453 345 136 124 117 418 368 209 103 441 215 314 384 56 186 152 111 267 97 328 116 86 51 560 43 180 175 198 63 92 732 226 60 116 141 98 498 361 50
is_linear=0
shrinkage=0.05


Tree=51
num_leaves=64
num_cat=0
split_feature=28 28 28 28 28 28 28 29 47 15 54 28 44 64 46 13 13 4 63 28 13 0 70 28 52 28 49 13 28 64 28 0 29 28 49 10 13 22 28 13 51 16 11 30 17 13 5 27 4 4 0 68 31 28 47 66 28 29 29 5 32 51 27
split_gain=909.291 149.984 139.457 29.96 29.171 25.1066 23.6136 7.47509 7.36707 6.19187 7.50994 5.72599 5.51952 6.31211 5.50236 5.04618 4.97303 4.96516 4.91381 4.57382 4.50678 4.49637 4.05465 4.23829 3.75431 3.6128 3.49152 3.36688 3.26899 3.21333 3.21294 3.18098 3.10533 3.0356 2.95881 3.58728 2.93511 2.94502 3.56492 2.73197 2.67099 2.52402 2.47409 2.43603 2.38037 2.226 2.12936 2.11485 1.98598 1.83168 1.81524 1.636 1.69319 1.62131 1.61691 1.85491 1.60365 1.69217 1.56975 1.55465 1.53564 1.5048 1.49426
threshold=12.930989583333302 6.4208333333333352 20.894531250000004 2.3486979166666706 16.775520833333303 26.731250000000003 9.1401041666666725 -2.7153645833333298 0.37940952255126054 10.811979166666651 0.0019112471201682376 11.237500000000002 17.500000000000004 5.669848303440129 6.5000000000000009 10.573697916666651 8.2174479166666661 -0.00066016666666664995 20.418554687500009 14.808593750000002 26.358333333333352 5.603835500000006 3.1906611855543856 5.1317708333333307 0.00088315162631711329 14.531510416666652 -0.043020639422999989 14.585416666666651 29.305989583333353 4.3435046029332742 22.984895833333304 -10.966172249999998 11.621614583333352 19.489322916666655 -0.49375726027723282 0.0005626249999999501 4.9671875000000005 56.258835583333301 8.0130208333333375 2.7424479166666704 -8.5586805555547835e-05 10.415625000000002 -6.7208333333290777e-05 10.563020833333352 18.682291666666654 6.6835937500000009 -0.00028687499999994993 49.263595333333356 0.00022404166666665002 0.00027899999999995002 -2.0177338333333243 1.5178264793284892 14.636021362994352 0.67161458333333368 -0.91597561503675329 3.8405100886096264 10.164322916666652 10.084375000000001 20.177864583333303 -0.00020641666666659997 20.607291666666654 -0.00013183800287354662 63.930218041666656
decision_type=2 2 2 2 2 2 2 2 2 2 2 2 2 2 2 2 2 2 2 2 2 2 2 2 2 2 2 2 2 2 2 2 2 2 2 2 2 2 2 2 2 2 2 2 2 2 2 2 2 2 2 2 2 2 2 2 2 2 2 2 2 2 2
left_child=1 3 4 7 9 12 36 -1 21 10 19 16 30 47 -10 43 24 -7 25 40 -19 33 -5 26 50 60 49 -27 -22 -16 58 -9 56 51 54 -36 -3 -38 -39 -25 -2 -21 -29 -13 -32 -40 -28 -14 53 -24 -8 52 -6 -33 -23 -56 57 -18 -4 -41 -11 -45 -46
right_child=2 6 5 22 8 17 11 31 14 18 -12 15 13 -15 29 -17 32 20 -20 41 28 34 23 39 -26 27 46 42 -30 -31 44 48 -34 -35 35 -37 37 38 45 59 -42 -43 -44 61 62 -47 -48 -49 -50 -51 -52 -53 -54 -55 55 -57 -58 -59 -60 -61 -62 -63 -64
leaf_value=-0.072473296997458969 0.01917242965305686 -0.0049239316761088732 0.05299181488512357 -0.0050738780346948481 0.036972414123055276 0.090639208771398333 0.00029645895601732421 -0.05612305202087408 0.059195737912896298 0.0050326108559988801 0.045985198601099231 0.018475748098684956 0.033425970361260569 0.014088154106799564 0.027950609161863416 -0.0044988340692538554 -0.0077025677152591735 0.083262408803344484 0.03106696450836904 0.019069091700795255 0.044693334861939368 0.014222716283187085 -0.025410912653807866 -0.0038846861030245525 0.015247801752039805 0.01413801949553776 -0.047825007996280332 -0.0026046207747332678 0.066889802986494787 0.048208700155824583 0.065848396688004671 -0.045666552346699203 -0.022023913867620787 0.037013953976324995 0.0025052459254141265 0.023515618244235138 -0.026504645567303715 -0.017417698427663428 -0.0019311660613139979 -0.030594102444831892 0.0033966270570020157 0.040026006860821854 0.013773875304467262 0.011007810685016276 0.045927677572787172 -0.012497078863772415 -0.030939440482777705 0.050105946318539422 -0.023916791905199866 -0.0099234913702325456 -0.012664561145477518 0.018086568853215947 0.023886731342437711 -0.037345081766385103 0.018487393519937872 0.03125344942385077 -0.0043053076481285686 -0.01930728160528521 0.038230503362363159 -0.021537992345106161 -0.005300520744739059 0.0017264938192558402 0.060692582923969222
leaf_weight=20 44 78 21 24 36 21 131 31 21 164 23 38 48 33 109 165 105 22 24 42 30 47 225 20 37 252 20 64 38 24 21 93 40 64 53 33 53 360 68 56 69 22 36 64 137 188 316 32 20 21 34 67 81 164 54 61 195 45 140 323 46 138 20
leaf_count=20 44 78 21 24 36 21 131 31 21 164 23 38 48 33 109 165 105 22 24 42 30 47 225 20 37 252 20 64 38 24 21 93 40 64 53 33 53 360 68 56 69 22 36 64 137 188 316 32 20 21 34 67 81 164 54 61 195 45 140 323 46 138 20
internal_value=7.31492e-06 -0.0170719 0.0262543 -0.0296907 0.0179844 0.0473462 -0.00739874 -0.0428144 0.0258215 0.0115024 0.0191009 -0.0023421 0.0421091 0.0325168 0.0353814 0.0022303 -0.00549766 0.068662 0.00890793 0.0156022 0.0635189 0.0228516 -0.0254067 -0.0259036 0.000853614 0.00796021 -0.0286281 0.0110571 0.0571126 0.0316133 0.045304 -0.0408846 -0.00883126 0.0276166 0.0180837 0.010575 -0.014113 -0.0151836 -0.0142083 -0.0219275 0.00954499 0.026286 0.00328743 0.00685866 0.0499494 -0.00969265 -0.0319474 0.0401096 -0.0391754 -0.0240913 -0.00237187 0.0243434 0.0279202 -0.04036 0.0220658 0.0252654 -0.00729963 -0.0111884 0.0401622 -0.0228782 0.00276664 0.00466998 0.0478155
internal_weight=5071 3072 1999 1333 1436 563 1739 328 650 786 200 992 452 113 154 405 587 111 586 177 90 496 1005 981 202 562 582 352 68 133 339 308 385 248 248 86 747 669 616 399 113 64 100 240 178 256 336 80 277 246 165 184 117 257 162 115 345 150 161 379 210 202 157
internal_count=5071 3072 1999 1333 1436 563 1739 328 650 786 200 992 452 113 154 405 587 111 586 177 90 496 1005 981 202 562 582 352 68 133 339 308 385 248 248 86 747 669 616 399 113 64 100 240 178 256 336 80 277 246 165 184 117 257 162 115 345 150 161 379 210 202 157
is_linear=0
shrinkage=0.05


Tree=52
num_leaves=64
num_cat=0
split_feature=28 1 28 28 1 28 1 28 1 15 14 1 33 1 13 11 70 47 0 26 63 27 0 1 24 0 28 1 28 0 28 49 0 46 12 28 26 38 1 13 43 66 1 13 5 28 15 12 28 67 70 11 3 59 1 15 30 58 0 22 47 14 0
split_gain=820.671 135.97 125.865 37.3445 28.8952 22.6599 12.3303 11.1221 7.50024 7.44817 8.74771 5.27249 5.16861 5.16277 5.21076 5.10843 6.96031 5.02293 4.8818 4.62338 4.70538 4.49552 4.32524 4.07623 3.65435 3.34447 3.29618 3.95878 3.17101 3.08084 2.93703 2.82218 2.77631 2.67966 2.60925 2.31953 2.30669 2.52646 2.28261 2.27723 2.17051 2.15084 2.10324 2.18947 2.06659 2.02878 1.99037 1.94014 1.93572 1.92713 1.93912 1.897 1.74843 1.65997 1.62114 1.61892 2.4075 1.56752 1.74451 1.72143 1.53022 1.48949 1.92782
threshold=12.930989583333302 6.1750000000000007 20.894531250000004 2.3486979166666706 14.46640625 26.731250000000003 8.1518229166666671 5.6325520833333362 -4.7526041666666643 -0.32499999999999996 1.1289062500000002 17.299739583333352 22.120312500000004 11.570572916666652 14.585416666666651 0.00043199999999995006 4.5103578187918085 -0.78656609248549303 4.4896899583333409 43.86752125000001 24.693836805555552 75.611271333333363 10.730082541666652 14.357031250000002 57.804818083333359 11.296995625000003 14.913802083333351 22.957812500000006 22.984895833333304 -3.2588689166666494 18.708333333333353 -0.043020639422999989 -10.966172249999998 3.5000000000000004 15.045052083333351 24.762760416666655 51.041511791666657 1007.7569958333351 12.458333333333302 19.056510416666654 1007.5805958333351 4.9354651567296104 2.6350603070175453 3.2312500000000006 5.295833333332711e-05 15.847395833333303 17.517187500000002 13.001302083333302 8.3864583333333353 1019.0806716145834 3.8887476385155133 -0.00050070833333329986 1009.9075291666651 68.987744571180556 -1.2981770833333297 13.642968750000001 10.868489583333302 8.4960046430958975 -3.7690431666666546 59.557169750000007 0.60355339059327384 12.060677083333351 -4.6441995416666542
decision_type=2 2 2 2 2 2 2 2 2 2 2 2 2 2 2 2 2 2 2 2 2 2 2 2 2 2 2 2 2 2 2 2 2 2 2 2 2 2 2 2 2 2 2 2 2 2 2 2 2 2 2 2 2 2 2 2 2 2 2 2 2 2 2
left_child=1 3 4 8 12 17 33 31 -1 -8 -11 22 13 14 45 26 -17 24 29 20 -7 23 30 25 -4 60 -13 40 51 53 -6 -5 -10 -3 38 -26 37 -30 -20 41 -28 -24 43 -33 -32 61 -38 -40 -23 50 -42 -19 -21 -15 -34 56 -35 58 -9 -60 -12 -2 -63
right_child=2 6 5 7 11 19 9 57 32 10 21 15 -14 18 -16 16 -18 28 34 52 -22 48 39 -25 35 -27 27 -29 36 -31 44 42 54 55 -36 -37 46 -39 47 -41 49 -43 -44 -45 -46 -47 -48 -49 -50 -51 -52 -53 -54 -55 -56 -57 -58 -59 59 -61 -62 62 -64
leaf_value=-0.069920065435893408 0.0081722295220176076 -0.014809192451837745 0.017006438713483524 -0.022861403620660043 0.021640185355440378 0.062231001287686827 -0.024858777152938407 -0.015202250579809541 -0.053468614314167308 0.031951915016526382 0.00079959385085962725 0.0070850823959357854 0.035035728245065068 0.017389558234676732 -0.017164158860275985 0.065341042504884803 0.025861328824119536 0.051841286323423857 -0.0013454929717482695 0.063779705093324743 0.094113384285389109 -0.020126420565158738 0.013249931937681064 0.018953092944154107 0.03246561070863422 -0.0071694842595506321 0.015482929751703116 0.046272494499269054 0.029943585500077675 0.029092526601321979 0.045051574137686623 -0.030786217840463731 -0.042247477143548894 -0.0083114681030003607 -0.010719765808303859 0.049578657914747963 0.068724727348975834 0.048642456152771289 0.024067526185073698 0.00026127130198316638 0.029965114680655377 0.027444064028942051 -0.025792456616437982 -0.04555555947102613 0.023750545659373845 0.019810540432025871 0.049016992292043683 0.008169879849535551 -0.0043927440228137878 0.038239939019216851 0.019297286232077479 0.03619663481883556 0.046955844166235425 0.0084573467598980552 -0.034291974862288105 -0.018467771607429819 0.0046256970003215343 -0.0046701405463733881 -0.030946434137055751 -0.019222370652141205 0.0076616598032288779 0.0096364202460704172 -0.0058063631706804153
leaf_weight=21 116 216 31 297 149 25 31 303 30 21 226 21 20 154 27 21 24 23 44 36 22 21 114 34 86 98 43 26 24 42 27 161 106 248 21 26 22 76 26 25 106 35 205 30 20 24 32 74 286 37 72 132 28 79 167 31 42 23 35 313 127 31 58
leaf_count=21 116 216 31 297 149 25 31 303 30 21 226 21 20 154 27 21 24 23 44 36 22 21 114 34 86 98 43 26 24 42 27 161 106 248 21 26 22 76 26 25 106 35 205 30 20 24 32 74 286 37 72 132 28 79 167 31 42 23 35 313 127 31 58
internal_value=7.06986e-06 -0.0162185 0.0249422 -0.0257247 0.0170856 0.0449799 -0.00457793 -0.0221062 -0.0409891 -0.000808697 0.000108021 0.024159 0.00997184 0.00925041 0.00360183 0.0285621 0.0443067 0.0400044 0.0125356 0.0652308 0.0771822 -0.000736086 0.0199918 0.00226024 0.0322375 0.00100029 0.0262361 0.0276502 0.043596 0.016616 0.025089 -0.0265556 -0.0389801 -0.010501 0.00573124 0.0364468 0.0486944 0.0441632 0.00813439 0.0142462 0.0257699 0.0165891 -0.0293243 -0.0331109 0.0360049 0.00605305 0.0570666 0.0123103 -0.00547124 0.0278241 0.0256542 0.0385245 0.0564356 0.0143637 -0.0373842 -0.00760004 -0.00643599 -0.0175303 -0.0179838 -0.0204038 0.00326995 0.00443909 -0.00042132
internal_weight=5071 3072 1999 1691 1436 563 1381 1367 324 844 813 720 716 696 256 350 45 452 440 111 47 792 370 485 143 451 305 284 309 275 196 693 303 537 165 112 154 100 144 174 258 149 396 191 47 229 54 100 307 215 178 155 64 233 273 321 290 674 651 348 353 205 89
internal_count=5071 3072 1999 1691 1436 563 1381 1367 324 844 813 720 716 696 256 350 45 452 440 111 47 792 370 485 143 451 305 284 309 275 196 693 303 537 165 112 154 100 144 174 258 149 396 191 47 229 54 100 307 215 178 155 64 233 273 321 290 674 651 348 353 205 89
is_linear=0
shrinkage=0.05


Tree=53
num_leaves=64
num_cat=0
split_feature=28 28 28 1 28 1 1 28 1 28 10 1 28 0 13 44 14 7 1 44 26 66 4 57 23 1 40 0 64 4 13 8 64 28 13 1 28 42 61 13 70 13 7 14 13 43 8 7 50 58 15 0 8 14 20 14 15 40 11 64 28 21 20
split_gain=741.626 138.255 99.4859 31.6636 24.2016 24.0112 14.7621 7.20355 6.91256 6.89596 5.57748 5.15024 4.9433 4.66026 4.52479 3.62529 3.59882 3.55462 3.48147 3.40001 5.68573 3.05836 3.01174 2.89608 3.55387 2.82334 2.67596 2.61148 2.60341 2.57553 2.51144 2.56367 4.76993 2.48375 5.03411 2.47761 2.37006 2.36114 2.34692 2.2237 2.19495 2.17621 2.16476 2.12769 2.11341 2.07352 2.05136 2.02339 1.9298 1.82062 1.80922 1.73091 1.706 1.67207 1.6677 1.66502 1.64865 1.57648 1.54928 1.53778 1.47911 1.43778 1.42735
threshold=11.990104166666702 19.105729166666652 6.4208333333333352 22.957812500000006 2.3486979166666706 12.458333333333302 7.5072916666666663 27.519791666666702 -4.7526041666666643 22.742708333333304 -0.0018661666666666499 10.063020833333303 16.775520833333303 8.2553322500000021 15.709895833333302 17.500000000000004 3.2515625000000008 -0.0005377083333332999 2.4630208333333354 16.500000000000004 43.86752125000001 2.164970980237082 -0.00052312500000004992 14.574209449404764 59.013985250000005 15.589583333333353 1015.5185250000001 -10.966172249999998 3.2047850414910939 0.00027899999999995002 15.709895833333302 -0.00056570833333324984 4.9986390691418823 10.164322916666652 8.3747395833333318 8.6476562500000025 8.8302083333333368 1002.5701333333301 62.441013585317471 11.171354166666701 13.26182040439436 17.296614583333355 -0.00032974999999994993 5.7682291666666705 23.528385416666705 1002.033295833335 -0.00014624999999994997 -0.00071970833333329998 0.68389408864483059 5.817094887367749 12.416927083333352 11.438066208333302 -9.304166666665243e-05 7.9283854166666705 55.386919208333303 5.2783854166666657 14.859635416666652 1012.3715166666651 -0.00021704166666664998 2.9730170682336117 0.67161458333333368 56.066198375000006 84.010649500000014
decision_type=2 2 2 2 2 2 2 2 2 2 2 2 2 2 2 2 2 2 2 2 2 2 2 2 2 2 2 2 2 2 2 2 2 2 2 2 2 2 2 2 2 2 2 2 2 2 2 2 2 2 2 2 2 2 2 2 2 2 2 2 2 2 2
left_child=2 5 4 9 8 13 22 38 -1 15 -7 18 17 23 28 47 -8 56 40 20 -9 37 -4 35 -25 41 49 -10 -14 60 31 -19 -33 42 -35 -2 43 -20 46 -36 -6 -16 -18 59 52 -37 57 -3 55 54 -27 -49 -11 -38 -17 -23 -12 -5 -15 -24 62 -45 -29
right_child=1 3 6 7 11 10 16 19 27 44 12 -13 14 58 25 26 33 30 21 -21 -22 48 36 24 -26 50 -28 29 -30 -31 -32 32 -34 34 39 45 53 -39 -40 -41 -42 -43 -44 61 -46 -47 -48 51 -50 -51 -52 -53 -54 -55 -56 -57 -58 -59 -60 -61 -62 -63 -64
leaf_value=-0.066425726114143255 -0.0056030759826582654 0.045439697400523643 -0.022946469445825006 0.03963421108163323 -0.02645600251641074 0.040933310486873785 0.017729528500944721 0.08806332566405313 -0.050796074916505285 0.039322696802999955 0.036131990538737606 0.0021018422292038118 0.023901376874923153 -0.011545734489877829 0.01515016197808902 0.011903800715594921 0.006483611240031344 0.00036634051904880951 -0.017448617366060012 0.04813368889160017 0.058077398097956395 -0.0167920818914752 -0.011422059220967987 0.0058009187520787209 0.030283872289421022 0.030710812899367619 0.010230214308941936 -0.036067988517733754 0.039979723889182375 -0.017863382011845612 -0.0015818226761285014 0.012375860865544744 0.032463204367800085 0.010715286994738553 -0.0023417496655823533 -0.0074273512628330127 -0.0011891537677780426 0.0034852693388380505 0.060647245341899247 -0.015319997221241527 -0.043546215219535805 -0.0034158090698366409 -0.008296330497416805 -0.027743998978687286 0.029331846167677918 0.0074734934535149542 0.033302454132958043 0.035020264677535592 -0.024684429318693323 0.0349948464223774 0.018252791613707058 0.027041986646116112 0.051336771721759739 -0.011071398793839627 0.030123431154926258 -0.029359359983973484 0.016426629270392023 0.054349063211233888 0.00029024192340281781 0.00089935541713900662 -0.033676586622080056 -0.015042709314839441 -0.048645449178854286
leaf_weight=21 48 24 70 32 343 25 20 28 30 94 23 20 69 48 50 28 27 36 41 22 37 182 120 33 27 38 38 52 40 20 32 286 33 73 307 25 72 20 25 37 20 23 295 24 35 345 34 115 348 35 128 170 44 106 23 31 20 44 65 32 164 333 41
leaf_count=21 48 24 70 32 343 25 20 28 30 94 23 20 69 48 50 28 27 36 41 22 37 182 120 33 27 38 38 52 40 20 32 286 33 73 307 25 72 20 25 37 20 23 295 24 35 345 34 115 348 35 128 170 44 106 23 31 20 44 65 32 164 333 41
internal_value=6.87171e-06 0.0216585 -0.0168796 0.0378415 -0.0268438 0.0120456 -0.00811769 0.0539999 -0.0386393 0.0319205 0.0176755 -0.0229933 0.0169269 0.00439533 0.0213599 0.0285436 -0.00318931 0.0133378 -0.0235034 0.0652399 0.0710137 -0.021228 -0.0130583 0.00655452 0.0168298 0.0175031 0.0213054 -0.0367349 0.0298094 -0.0352084 0.0118196 0.013029 0.0144564 -0.00375636 -0.00120767 0.00507803 -0.0120497 -0.0105774 0.0467484 -0.00373952 -0.0274002 0.00929409 -0.0070553 -0.0137875 0.0403674 0.00646515 0.0435798 0.0314459 -0.022385 0.0261915 0.0211093 0.0302642 0.0431603 -0.00707719 0.0201346 -0.0186248 0.0269843 0.0481659 -0.00473358 -0.0088249 -0.0365556 -0.0158987 -0.0416229
internal_weight=5071 2222 2849 828 1333 1394 1516 222 328 606 803 1005 778 591 348 433 759 430 985 87 65 622 757 478 60 239 124 307 109 277 387 355 319 739 417 418 687 61 135 344 363 73 322 509 173 370 110 309 561 86 166 285 138 178 51 213 43 76 113 152 257 357 93
internal_count=5071 2222 2849 828 1333 1394 1516 222 328 606 803 1005 778 591 348 433 759 430 985 87 65 622 757 478 60 239 124 307 109 277 387 355 319 739 417 418 687 61 135 344 363 73 322 509 173 370 110 309 561 86 166 285 138 178 51 213 43 76 113 152 257 357 93
is_linear=0
shrinkage=0.05


Tree=54
num_leaves=64
num_cat=0
split_feature=1 1 1 33 1 1 1 33 42 63 63 55 1 33 61 70 1 52 0 19 53 43 30 0 61 70 0 66 26 48 17 14 66 1 51 15 17 5 16 17 34 54 33 62 36 14 52 24 53 7 36 26 0 66 44 64 52 51 30 40 52 65 70
split_gain=668.803 109.021 94.8775 22.3454 19.0381 18.6828 17.6727 12.5149 9.76585 7.47337 7.32632 7.13011 6.11327 5.61434 5.20946 4.88716 4.78565 4.78164 4.58024 4.2049 3.92221 3.89847 3.61392 3.17543 3.13748 2.9657 2.883 2.88829 2.69225 2.53692 3.16845 2.52952 3.05275 2.43429 2.37355 2.34711 2.33155 3.06109 2.25577 2.20786 2.40893 2.13143 2.11955 2.09393 2.46982 3.10529 2.88224 2.07566 2.25908 2.07417 2.01584 1.88409 1.81823 1.80004 1.92226 1.79727 1.75002 1.72306 1.722 2.09331 1.69635 1.68536 1.87942
threshold=10.455208333333351 18.261197916666656 4.3848958333333359 29.591666666666651 7.5072916666666663 -0.71718749999999987 14.227604166666652 20.017187500000002 1012.9665291666651 23.858672463512239 18.77403428819445 9.6297309027777782 23.193489583333356 11.282291666666652 64.041359657467737 10.858064777664694 -4.7526041666666643 0.00018441210348464418 10.730082541666652 14.836979166666652 -7.4148450328397045e-05 1016.4913125000002 3.9044270833333306 10.830411583333353 62.441013585317471 4.1765317351171571 -4.3248205416666492 3.6919023586131994 70.325826000000021 -0.78656609248549325 7.5184895833333361 10.913541666666701 3.6324250106097558 2.2130208333333354 2.2140625000001966e-05 13.741927083333353 12.705729166666652 2.2624999999957802e-05 -2.1932291666666694 19.966145833333353 16.153645833333304 0.0012848510454089772 20.308333333333305 8.5950916945735916 1009.1102708333351 9.5669270833333311 0.0008500759781690469 61.421870125000005 9.2159942073575057e-06 -0.00026783333333329991 1020.3761625000001 55.052435166666704 -10.13073925 4.9354651567296104 14.500000000000002 1.5115917635816525 0.00021421106485469051 -0.00013049652777774836 18.942968750000002 1005.2295750000002 0.00033633503532311514 14.925093689046948 4.252322543930064
decision_type=2 2 2 2 2 2 2 2 2 2 2 2 2 2 2 2 2 2 2 2 2 2 2 2 2 2 2 2 2 2 2 2 2 2 2 2 2 2 2 2 2 2 2 2 2 2 2 2 2 2 2 2 2 2 2 2 2 2 2 2 2 2 2
left_child=2 6 5 7 17 16 20 11 -5 13 22 -3 19 -8 43 25 -1 -4 28 -9 23 53 -6 29 41 55 52 -28 36 -2 -31 32 -19 -27 -21 61 -15 49 -17 40 -20 -14 -39 56 -45 -46 -47 48 -43 -38 60 -37 -24 -22 -55 -7 -13 -32 59 -23 -34 -29 -63
right_child=1 3 4 8 10 15 9 12 -10 -11 -12 14 24 18 -16 38 -18 31 39 34 21 58 26 -25 -26 33 27 35 -30 30 57 -33 50 -35 -36 51 37 42 -40 -41 -42 47 -44 44 45 46 -48 -49 -50 -51 -52 -53 -54 54 -56 -57 -58 -59 -60 -61 -62 62 -64
leaf_value=-0.063106019890688522 0.0036655358448305381 -0.0034207507063155765 -0.020389615318136725 0.051321399278092539 -0.024565632248773003 -0.0001188383482374262 -0.0014568902511693383 0.047465346451104493 0.094988364022949356 0.042414873331938691 0.027043011363806099 0.025739361464929601 0.037154368063346176 0.037390830641585895 0.046420808120635627 -0.042455957329157558 -0.037828860951310356 -0.013460666612077399 0.0091730727641545357 0.029027540493876253 -0.0006840200014569766 0.01696445357707705 -0.0060095962258556318 0.0029565383783680538 0.065004283414543451 -0.026116971339886344 -0.008423935478921998 -0.0017526394523391664 0.0083197218109086375 0.036094449057061315 0.020349696198620908 -0.027043651658646917 -0.010064064513991874 -0.020055930993899723 0.039714958836195267 -0.020427717718125977 0.038105419912775648 0.013542891101039282 -0.028256458863338881 -0.00093372845408700898 0.019790069027759274 0.055094474484121629 0.029365190662515452 0.019426032439875406 0.015299387889048983 0.030067981319925857 0.050966731873396398 0.062694891469989425 0.032562498304855816 0.024082936343324743 -0.013129767745524901 -0.0030881589929498297 0.0031277379625357922 0.014508117847517056 -0.0015167660841833043 -0.017112754297453323 0.0075035916736448556 0.010548394542567046 0.024821033032751974 0.0037874989803643 -0.00033929373636136777 0.016172294864765232 -0.0024451424273141866
leaf_weight=21 42 20 185 36 20 20 35 56 20 33 20 25 56 33 32 34 180 437 88 173 224 52 72 73 22 326 305 75 27 20 84 25 71 340 75 21 40 88 164 22 137 23 28 56 20 46 26 23 22 79 86 62 223 47 31 71 28 97 21 72 122 38 21
leaf_count=21 42 20 185 36 20 20 35 56 20 33 20 25 56 33 32 34 180 437 88 173 224 52 72 73 22 326 305 75 27 20 84 25 71 340 75 21 40 88 164 22 137 23 28 56 20 46 26 23 22 79 86 62 223 47 31 71 28 97 21 72 122 38 21
internal_value=6.63087e-06 0.0213262 -0.0154588 0.0365336 -0.00822474 -0.026616 0.012919 0.0341098 0.0669398 0.0192638 -0.00285336 0.0252052 0.0391145 0.0179382 0.0276645 -0.0236981 -0.0404753 -0.0131952 0.0191916 0.0350666 0.00784562 0.00482945 -0.00356864 0.0121103 0.0475364 -0.0218658 -0.00305373 -0.00528667 0.0234002 0.0148579 0.0171938 -0.0113982 -0.0108508 -0.0230238 0.0322631 -0.00087467 0.0249173 0.0231621 -0.0306993 0.0141622 0.0156405 0.0444283 0.0173686 0.0246738 0.027733 0.0327814 0.0376277 0.0504049 0.0440996 0.0288034 -0.00676082 -0.00748323 0.000895786 0.00159188 0.00813347 -0.0133837 0.016118 0.0151007 0.0115685 0.00931827 -0.00391973 0.00321522 0.00953798
internal_weight=5071 2132 2939 759 1783 1156 1373 703 56 610 857 253 450 577 233 955 201 926 542 304 763 447 837 316 146 757 817 522 295 243 201 741 716 666 248 217 268 235 198 247 225 124 116 201 148 92 72 68 45 119 279 83 295 302 78 91 53 181 145 124 193 134 59
internal_count=5071 2132 2939 759 1783 1156 1373 703 56 610 857 253 450 577 233 955 201 926 542 304 763 447 837 316 146 757 817 522 295 243 201 741 716 666 248 217 268 235 198 247 225 124 116 201 148 92 72 68 45 119 279 83 295 302 78 91 53 181 145 124 193 134 59
is_linear=0
shrinkage=0.05


Tree=55
num_leaves=64
num_cat=0
split_feature=28 1 28 28 28 1 1 31 14 17 1 61 13 1 1 10 6 1 13 1 13 70 28 32 0 0 1 32 16 62 62 58 54 32 43 43 50 1 14 14 70 16 11 14 51 1 14 55 39 22 0 0 70 26 68 52 68 43 54 43 41 41 54
split_gain=623.839 104.109 85.7506 25.1852 23.6875 13.9195 10.0376 8.39523 9.01331 8.21396 7.23728 5.89077 5.48395 4.64196 4.22707 4.0243 3.95659 3.93922 3.54186 3.25064 3.41233 3.21894 2.96613 2.91782 2.88717 2.87422 3.34942 2.9529 2.79696 2.65254 2.65641 2.61559 2.50052 2.41769 2.24837 2.20523 2.20415 2.17541 2.08859 2.04671 2.01677 1.9825 1.96769 1.90703 2.75979 1.85025 2.22254 1.97895 1.88621 1.82718 1.78495 1.74869 1.71326 2.53693 1.71051 1.70485 1.61825 1.60021 1.55639 1.55342 1.54486 1.50645 1.48998
threshold=13.123437500000001 5.7065104166666663 19.105729166666652 24.185156250000002 3.9044270833333306 8.1518229166666671 13.880729166666653 2.4718750000000003 1.3617187500000003 29.857291666666701 -1.5242187499999997 49.656998707051223 9.0976562500000018 12.458333333333302 19.635937500000004 -0.0015153333333332998 0.00084483333333325013 27.747656250000002 16.228208862994354 3.5085937500000006 5.5114583333333362 5.46607517600407 13.966145833333352 1.7106770833333302 -2.6470642499999895 4.4896899583333409 15.50416666666665 25.083593750000002 -2.5283854166666644 7.1090925442215331 8.9780555421226662 7.2710190698362975 0.00019450858249226574 14.348697916666652 1007.0070791666701 1006.3864916666652 -0.24284072672761489 17.703906250000003 -2.2979166666666644 14.227604166666652 2.0287418065056531 20.760156250000005 -3.9375000000004345e-05 17.851562500000004 -3.3329861111108782e-05 11.570572916666652 14.46640625 15.920638020833339 1014.8728000000002 67.686255125000017 -3.7690431666666546 -4.0877725416666495 5.0187548466744234 53.808225041666653 1.4463112278420767 0.00093405593514372769 6.0646931164046345 1001.7576125000002 0.00087370714173359571 1020.1630125 1010.4506375000002 1014.9516125000001 0.00046462723819216863
decision_type=2 2 2 2 2 2 2 2 2 2 2 2 2 2 2 2 2 2 2 2 2 2 2 2 2 2 2 2 2 2 2 2 2 2 2 2 2 2 2 2 2 2 2 2 2 2 2 2 2 2 2 2 2 2 2 2 2 2 2 2 2 2 2
left_child=1 4 6 14 10 24 12 -7 -9 17 23 -8 -2 32 18 -13 40 52 -4 20 31 42 -17 -1 33 26 -20 37 -12 49 -31 51 -10 55 -32 -16 39 -27 -30 58 -14 57 -15 44 -37 46 54 48 -47 -24 -21 -6 53 -5 61 62 -40 -34 -36 -38 -41 -42 -3
right_child=2 5 3 9 19 7 11 8 13 -11 28 15 16 21 35 22 -18 -19 25 50 -22 -23 29 -25 -26 27 -28 -29 38 30 34 -33 41 -35 36 43 59 -39 56 60 45 -43 -44 -45 -46 47 -48 -49 -50 -51 -52 -53 -54 -55 -56 -57 -58 -59 -60 -61 -62 -63 -64
leaf_value=-0.053215561314312432 0.034240104979730727 -0.010906501131712477 0.043426815513792953 0.035769468351260034 -0.018692877127738022 -0.023176181045072228 0.043368796470055843 0.030116806080380899 -0.0094992325959204205 0.07553186838153203 -0.040409100681386936 0.038444134235552291 -0.0056660305849498688 0.0092105861114123617 0.017959410386219416 -0.0018433123942073609 -0.0077552166834981666 0.05841720573598911 0.016339688349163214 -0.012391966094729449 -0.041802729391444027 -0.0042131024119954263 0.020186707109146069 -0.036573433636609969 -0.013467744818073 0.0063266625155124906 0.035999794652883374 0.028326487865639773 -0.010711202008285743 0.010500026762424099 0.0053339302234200114 -0.0055604433117421286 -0.005624668099089819 0.0029953533761350841 0.025150479343087801 0.054076819030866578 0.010649122976215701 0.020100055499041158 -0.025913873929370987 0.0096575049206060401 0.0074047011144133777 -0.010647247304117329 0.028100382878420139 0.032578551624038533 0.030309717571942549 0.01198192052457886 -0.0066313759553234489 0.0045927646157013675 0.023581755650541887 0.038188931691218703 -0.018033145821376131 -0.025955997262496429 0.053289191381814788 0.050155646481121821 0.012781850839454521 -0.019962498671860895 -0.034902013074237299 0.0013498061860412855 0.04380435538494485 0.021722333339251901 0.02508563401185054 -0.008260175295462302 -0.0039885783749917482
leaf_weight=36 20 157 24 117 198 39 22 25 88 24 40 21 23 31 21 22 39 43 31 236 20 24 40 101 315 44 73 67 20 165 29 27 98 52 26 28 72 83 319 25 46 45 25 185 22 175 31 69 44 22 349 144 27 42 85 30 60 511 20 57 47 23 155
leaf_count=36 20 157 24 117 198 39 22 25 88 24 40 21 23 31 21 22 39 43 31 236 20 24 40 101 315 44 73 67 20 165 29 27 98 52 26 28 72 83 319 25 46 45 25 185 22 175 31 69 44 22 349 144 27 42 85 30 60 511 20 57 47 23 155
internal_value=0.000140815 -0.0136444 0.0223285 0.0345051 -0.0228726 -0.00467606 0.0133174 -0.000497056 0.000546872 0.0476653 -0.0309117 0.0179908 0.00853326 -0.000352204 0.0287431 0.0169666 0.0075707 0.0447395 0.0249226 -0.0181177 -0.0216639 0.0110893 0.0161058 -0.0409538 -0.00989755 0.0234292 0.0301465 0.0198242 -0.0277758 0.0168919 0.015527 -0.0205699 -0.00158659 -0.00704166 0.01853 0.0335455 0.0200771 0.015333 -0.0265071 0.0250233 0.0087769 -0.000521004 0.017656 0.0349354 0.0436374 0.00948036 0.00557305 0.0119882 0.0143157 0.0265878 -0.0157585 -0.0217532 0.0415718 0.0395757 0.0080333 -0.00856926 -0.027339 0.000226582 0.0332795 0.0155471 0.0197377 0.00217539 -0.00747155
internal_weight=5099 3145 1954 831 1550 1595 1123 886 847 253 576 568 555 822 578 546 535 229 322 974 389 80 525 137 709 298 104 194 439 503 441 369 742 394 276 256 247 127 399 118 496 654 56 235 50 473 185 288 219 62 585 342 186 159 154 342 379 609 46 129 72 69 312
internal_count=5099 3145 1954 831 1550 1595 1123 886 847 253 576 568 555 822 578 546 535 229 322 974 389 80 525 137 709 298 104 194 439 503 441 369 742 394 276 256 247 127 399 118 496 654 56 235 50 473 185 288 219 62 585 342 186 159 154 342 379 609 46 129 72 69 312
is_linear=0
shrinkage=0.05


Tree=56
num_leaves=64
num_cat=0
split_feature=28 28 1 28 1 28 1 1 31 14 54 44 12 28 6 64 13 14 1 1 13 1 28 64 1 13 13 0 1 57 62 41 28 12 52 32 43 58 26 41 17 0 26 62 23 28 57 13 27 43 64 5 32 28 22 0 28 15 1 50 54 22 54
split_gain=563.285 89.5133 82.6828 22.7907 17.6568 14.3819 12.7672 9.50146 7.45537 8.57952 6.35384 6.32732 5.96355 4.4311 3.75365 3.69401 3.39121 3.21829 3.08538 3.05748 2.99692 2.93346 2.89425 2.73366 2.72092 2.71699 2.62246 2.53843 2.60923 2.52027 2.52576 3.41757 2.58259 2.75563 2.30445 2.10806 2.09995 2.32268 3.06835 2.01663 1.97158 1.94746 1.86235 2.34114 1.85929 1.84152 1.74242 1.67059 1.81172 1.6308 1.62006 1.60949 1.56949 1.55353 1.54056 1.5378 1.47129 1.83934 1.46865 1.87988 1.43532 1.43188 1.4246
threshold=12.454166666666653 19.105729166666652 4.3195312500000007 23.231510416666655 8.0942708333333382 2.0191649011299453 13.880729166666653 27.033333333333303 2.4718750000000003 1.3617187500000003 0.0018748064502562437 11.500000000000002 8.4250000000000025 7.6122395833333307 0.00084483333333325013 5.4845454930087385 15.976302083333351 11.255729166666702 12.060677083333351 10.905989583333303 13.790885416666702 19.462500000000002 -1.7078124999999997 2.6961896571223609 1.2331832627118653 6.1750000000000007 2.8122395833333353 1.3945383750000053 15.50416666666665 20.017205286731571 7.1090925442215331 1018.4509166666652 17.692968750000002 19.326562500000005 0.00018880521673368648 25.083593750000002 1007.7645875000002 7.0072234099108766 53.808225041666653 1014.9516125000001 9.5864583333333382 -3.7690431666666546 45.034537583333353 9.5343777883612741 63.700207583333302 9.7341145833333371 3.6248021577981477 9.7455729166666671 62.398930250000006 1008.3178541666651 1.3626804304645941 -0.00016195833333324997 6.4867187500000005 25.300260416666656 76.541031208333308 5.0738091250000057 14.277864583333303 10.045312500000001 -1.2981770833333297 0.72660752476856549 0.00024017143297488152 63.436061208333356 0.00035794303847664049
decision_type=2 2 2 2 2 2 2 2 2 2 2 2 2 2 2 2 2 2 2 2 2 2 2 2 2 2 2 2 2 2 2 2 2 2 2 2 2 2 2 2 2 2 2 2 2 2 2 2 2 2 2 2 2 2 2 2 2 2 2 2 2 2 2
left_child=2 6 5 16 13 22 12 36 -6 -10 29 -12 -2 34 18 24 -3 25 20 46 56 27 23 -1 26 50 -7 28 -18 30 -8 32 33 -32 -4 -29 -5 38 -38 -21 -20 -26 43 -9 -36 54 -11 48 -48 -23 -15 -43 -53 -39 -27 62 57 -14 -24 -60 -46 -41 -42
right_child=1 3 4 7 8 15 10 42 9 19 11 -13 14 17 -16 -17 21 -19 40 39 -22 49 58 -25 41 45 -28 35 -30 -31 31 -33 -34 -35 44 -37 37 53 -40 61 55 51 -44 -45 60 -47 47 -49 -50 -51 -52 52 -54 -55 -56 -57 -58 -59 59 -61 -62 -63 -64
leaf_value=-0.033787793564474748 0.033256129043328371 0.044336501205544054 -0.019468759463578383 0.053756947883184636 -0.022816308569636012 -0.024873676576811738 0.024836107400873109 0.077143152324090067 0.029010917340831579 -0.013581188576498796 0.054356010066601748 0.015936311462832909 0.012725033193283093 -0.0073520630117228942 -0.0075799708587181869 -0.0030398673054157742 0.015323861135633363 -0.027385926625377956 0.02019565868856182 -0.00059532995197590015 -0.009257823308555865 0.019617611536704552 -0.0368263203201896 -0.060055009747433212 -0.017536385127985027 -0.013454425772446495 -0.042863774316459047 0.01391603737270429 0.033586879079088333 0.031838618617695873 0.010087240703429819 0.022582583555924102 0.016948197847463594 -0.0085024194501377211 -0.020937131964099603 0.025664823411497818 0.029094557676108843 0.039021981417030067 0.044059159659218659 0.021917764349587473 0.0019109144298272169 -0.030547198470775971 0.04999727003774837 0.053026266055724303 -0.018720707871053434 -0.0035754064776874848 0.0084596237106261043 -0.0063477420097000845 -0.0018267611394701276 0.031511630784391752 0.0098205980911612156 -0.024429388777643363 -0.01621402356427477 0.054841009769177544 -0.0066336753983524677 0.0031000964433765058 0.010519891993762022 0.0010438179858245523 -0.017972793048310766 -0.032170452330053716 -0.0095859985727746594 0.006425355233949645 0.014728310155618993
leaf_weight=20 21 24 166 20 39 177 57 21 24 37 22 21 42 23 46 27 28 21 51 80 37 35 102 20 325 198 23 113 66 23 209 87 139 22 55 58 116 46 49 21 27 59 39 20 51 129 50 174 297 172 34 155 94 24 143 69 108 171 31 97 280 52 112
leaf_count=20 21 24 166 20 39 177 57 21 24 37 22 21 42 23 46 27 28 21 51 80 37 35 102 20 325 198 23 113 66 23 209 87 139 22 55 58 116 46 49 21 27 59 39 20 51 129 50 174 297 172 34 155 94 24 143 69 108 171 31 97 280 52 112
internal_value=0.000133883 0.0200338 -0.0137442 0.0327806 -0.00730234 -0.0244269 0.0116529 0.0428588 -0.00151572 -0.000384507 0.0171105 0.0356126 0.00702418 -0.0113735 0.00619206 -0.0212642 0.0259721 -0.00818618 0.00721974 -0.00137785 0.00420995 0.0250363 -0.0344974 -0.0469456 -0.0218543 -0.00741965 -0.0269471 0.0215436 0.0281544 0.0156274 0.0149005 0.0136596 0.0115596 0.00831434 -0.0145367 0.0179052 0.0381334 0.0367994 0.033544 0.00488231 0.0113777 -0.020244 0.0579081 0.0654068 -0.0124139 -0.00867015 -0.0030953 -0.00234942 -0.000342931 0.029504 0.00288243 -0.0230988 -0.0213308 0.0444598 -0.0105959 0.00921239 0.00576411 0.00334999 -0.0323284 -0.0287375 -0.0109955 0.0108913 0.0122425
internal_weight=5099 2095 3004 831 1874 1130 1264 335 774 735 580 43 684 1100 663 860 496 548 617 711 358 472 270 40 833 527 200 265 94 537 514 457 370 231 552 171 255 235 165 153 259 633 80 41 386 470 558 521 347 207 57 308 249 70 341 208 321 213 230 128 331 73 139
internal_count=5099 2095 3004 831 1874 1130 1264 335 774 735 580 43 684 1100 663 860 496 548 617 711 358 472 270 40 833 527 200 265 94 537 514 457 370 231 552 171 255 235 165 153 259 633 80 41 386 470 558 521 347 207 57 308 249 70 341 208 321 213 230 128 331 73 139
is_linear=0
shrinkage=0.05


Tree=57
num_leaves=64
num_cat=0
split_feature=28 28 28 28 28 28 28 33 28 34 3 13 14 13 14 8 28 29 14 14 17 16 28 13 68 47 29 0 28 46 5 52 49 50 29 4 23 55 14 4 23 50 28 9 44 19 39 4 69 52 12 69 8 50 4 28 52 28 51 0 56 26 13
split_gain=508.552 83.3343 69.7526 20.5962 19.9386 9.00805 6.99747 6.89263 6.12476 5.33948 5.10176 4.79537 4.18067 3.98132 3.15119 2.82707 2.80227 3.48045 2.81908 2.71461 4.93257 2.67772 2.58849 2.58108 2.51203 2.87127 2.51074 2.46704 2.33496 2.29994 2.52168 2.49 2.27041 2.21406 2.20654 2.1489 2.03446 2.01192 2.01136 1.91049 1.80742 1.77077 1.74288 2.12635 1.78918 1.99608 1.73672 1.73344 1.68943 1.65685 1.62176 1.57783 1.56394 1.55039 1.54507 1.46282 1.42766 1.40966 1.40271 1.37061 1.32347 1.30633 1.29017
threshold=13.123437500000001 7.4151041666666657 19.105729166666652 24.185156250000002 1.9119791666666701 11.237500000000002 15.559375000000001 30.603906250000005 4.8838541666666666 21.558333333333355 1000.2700041666701 5.6364583333333309 8.4250000000000025 13.001302083333302 15.502604166666652 -0.00032649999999989995 9.2096354166666732 11.713020833333351 7.5072916666666663 -0.13020833333333345 3.5536458333333303 7.8335937500000012 -1.7078124999999997 3.0825520833333306 2.5340672574707575 0.37940952255126054 13.755208333333302 5.0738091250000057 20.725520833333352 8.5000000000000018 0.00037758333333325007 0.0008923807314244295 -0.077360682335344794 -0.20089055513063514 20.750000000000004 0.0031524583333333504 70.50694245833337 6.6224949608639356 7.7984375000000012 -0.00014712499999999998 38.745708500000006 -0.27608674622158907 14.188020833333352 0.00024962499999995003 1.5000000000000002 15.991145833333302 1017.681725 -9.7124999999979376e-05 1012.0747047056429 0.00024213832478533502 25.686197916666703 1010.7824555803571 -0.00022954166666659998 -0.20089055513063514 0.00020129166666655004 8.3356770833333353 0.00071060301110800826 10.479687500000002 -0.00012510416666663399 -10.934077041666649 3.1558824298040622 81.604510250000018 13.880729166666653
decision_type=2 2 2 2 2 2 2 2 2 2 2 2 2 2 2 2 2 2 2 2 2 2 2 2 2 2 2 2 2 2 2 2 2 2 2 2 2 2 2 2 2 2 2 2 2 2 2 2 2 2 2 2 2 2 2 2 2 2 2 2 2 2 2
left_child=1 4 6 14 22 11 9 29 19 13 -8 15 47 42 -4 -3 18 38 55 20 -6 -15 61 37 25 27 58 -12 33 30 31 50 54 34 -16 52 62 -10 -18 -25 -30 -42 46 44 -44 53 -2 -7 -29 -41 -5 -33 -32 -46 -21 -13 60 -40 -14 -24 -23 -1 -27
right_child=2 5 3 7 8 12 10 -9 23 -11 24 16 26 21 28 -17 17 -19 -20 32 -22 56 59 39 -26 36 -28 48 40 -31 35 51 -34 -35 -36 -37 -38 -39 57 49 41 -43 43 -45 45 -47 -48 -49 -50 -51 -52 -53 -54 -55 -56 -57 -58 -59 -60 -61 -62 -63 -64
leaf_value=-0.035454250330748643 0.0075866645446263153 0.021536671318847869 0.039317082825542173 0.031887519354276167 0.0087859433907633826 0.02391898914542696 0.033541691769921021 0.065576581591886104 -0.013511454914558414 0.030074437490639472 0.01686258091113331 -0.010143722805161685 0.0070408108716356749 0.013267357465210917 0.021589816619435195 -0.00018673349722325976 0.0023728356653529795 -0.018902376865692416 -0.015617531899441126 -0.020179761158344786 -0.022164652996868005 -0.0083248406813613528 -0.041318358184120822 -0.019950464900235162 0.0074480834331188683 0.036712402423948159 -0.012281627657879388 0.013049088458478388 0.015434156374733859 0.024584092919472292 0.023823798186140943 0.063541036099505788 -0.025332502090646032 0.030493118352847289 0.0085463916968788727 0.049401471094749135 0.012489693246955964 0.005290556366919854 -0.0076069563256479138 -0.016643883605533091 0.026776051808057984 0.036388987089252207 0.023639221500762388 0.02777537447735064 -0.0068588896865419387 0.017764323049263786 -0.0082191304139409404 0.0066862363214652571 0.0017436442169766119 -0.011093246261450106 0.049421712294430792 0.046912602779511606 0.039728266651742505 0.0082051107932518165 -0.0066637228634433415 -0.002689720929180003 -0.010794028411830893 -0.0015571626382531298 -0.00027122843455189733 -0.029214749977239909 0.0059615117420438735 -0.053698757806162657 0.022918881989077097
leaf_weight=20 131 21 41 34 20 27 37 30 30 25 224 167 88 28 125 52 106 41 156 186 36 26 27 192 107 23 36 79 28 22 37 24 323 47 44 20 37 27 258 299 232 61 23 21 23 40 20 32 57 246 22 37 27 66 24 109 46 154 257 191 43 20 67
leaf_count=20 131 21 41 34 20 27 37 30 30 25 224 167 88 28 125 52 106 41 156 186 36 26 27 192 107 23 36 79 28 22 37 24 323 47 44 20 37 27 258 299 232 61 23 21 23 40 20 32 57 246 22 37 27 66 24 109 46 154 257 191 43 20 67
internal_value=0.000127252 -0.0123191 0.0201602 0.0311424 -0.020111 -0.00381705 0.0120329 0.0430437 -0.0177295 0.00756089 0.0155188 -0.00630554 0.00219943 0.00635398 0.0259315 0.00605771 -0.00721681 -0.00487761 -0.0102424 -0.0215949 -0.0111023 -0.00059184 -0.0328738 -0.0148613 0.0143947 0.0159198 0.000280024 0.0136352 0.0249079 0.0400073 0.0416916 0.0464543 -0.0226962 0.0208766 0.0181976 0.0350471 0.0223903 -0.0045971 -0.00376623 -0.0156544 0.0276182 0.0287803 0.00942104 0.0128492 0.0107821 0.0084842 0.00548947 0.0145836 0.00831493 -0.0141396 0.0387925 0.0534725 0.0305465 0.00430622 -0.0186378 -0.00720195 -0.00397146 -0.00534693 0.00159257 -0.0307179 0.000570577 -0.0446001 0.0264531
internal_weight=5099 3145 1954 831 1641 1504 1123 253 1383 492 631 1064 440 467 578 73 991 559 432 589 56 143 258 794 594 487 381 360 537 223 201 117 533 216 169 84 127 57 518 737 321 293 324 173 152 129 151 59 136 545 56 61 64 89 210 276 115 412 345 218 69 40 90
internal_count=5099 3145 1954 831 1641 1504 1123 253 1383 492 631 1064 440 467 578 73 991 559 432 589 56 143 258 794 594 487 381 360 537 223 201 117 533 216 169 84 127 57 518 737 321 293 324 173 152 129 151 59 136 545 56 61 64 89 210 276 115 412 345 218 69 40 90
is_linear=0
shrinkage=0.05


Tree=58
num_leaves=64
num_cat=0
split_feature=28 28 28 28 28 28 28 3 44 17 14 34 28 30 14 6 28 29 14 28 14 30 28 14 16 14 28 64 68 41 60 34 28 16 52 29 28 64 29 60 22 5 30 67 5 49 26 68 29 54 52 22 16 48 69 44 37 52 32 29 66 30 15
split_gain=459.205 72.8251 66.0411 18.7963 12.8359 11.6856 9.1323 5.40403 7.09133 4.88804 4.5557 4.44138 4.40385 3.81785 3.79531 3.36783 3.3362 3.0775 2.74944 2.84873 2.82156 2.653 2.43186 2.41343 2.87146 2.3839 2.33601 2.39572 2.21519 4.0733 2.8276 2.459 2.45783 2.20066 2.64943 2.10701 2.05888 2.02286 1.93115 2.38996 1.9183 1.74728 1.71571 1.59602 1.54849 1.53081 1.51501 1.65567 1.60128 1.54702 1.44677 1.44414 1.42827 1.40368 1.3782 1.28332 1.26611 1.18154 1.17835 1.1772 1.35866 1.17319 1.15227
threshold=12.454166666666653 19.105729166666652 5.8763020833333366 25.300260416666656 9.2096354166666732 1.9119791666666701 15.278385416666653 1000.2700041666701 14.500000000000002 29.857291666666701 7.7984375000000012 21.558333333333355 23.231510416666655 9.9703125000000004 21.516927083333353 0.00047695833333330002 11.408072916666653 17.877343750000005 4.8182291666666659 7.6122395833333307 6.5351562500000009 12.454166666666653 17.692968750000002 15.364322916666652 22.208593750000002 13.790885416666702 -1.7078124999999997 2.6961896571223609 1.4042466594994614 1025.6164125000003 0.90406136582274688 6.1007812500000007 4.3102746212121206 20.409635416666706 0.0008923807314244295 11.713020833333351 14.188020833333352 5.0590504418217472 12.309635416666652 9.8376738684884888 52.058457750000009 0.0028678333333333004 13.009635416666653 1010.7756739583336 0.00015804166666665001 -0.54883787585413535 36.108926250000003 2.3880021141770471 20.027864583333351 0.00076808548160516607 0.0017727900978536878 65.948294750000017 15.237760416666651 0.91597561503675351 1006.7690988070436 11.500000000000002 1015.3972541666651 0.0001582346074197148 21.985156250000006 25.309375000000006 5.3458282754967081 5.2835937500000005 21.552864583333303
decision_type=2 2 2 2 2 2 2 2 2 2 2 2 2 2 2 2 2 2 2 2 2 2 2 2 2 2 2 2 2 2 2 2 2 2 2 2 2 2 2 2 2 2 2 2 2 2 2 2 2 2 2 2 2 2 2 2 2 2 2 2 2 2 2
left_child=2 6 5 12 18 26 11 8 -8 33 43 13 17 -2 50 25 35 -3 37 -20 -21 -9 23 24 54 36 27 -1 29 31 57 -7 61 34 62 -12 44 -4 39 -18 -40 46 -38 -6 58 -25 -19 -48 -49 -50 -14 -24 -47 -44 -23 -28 -45 -30 -15 60 -16 -32 -5
right_child=1 3 4 9 10 28 7 21 -10 -11 16 -13 14 15 59 -17 38 41 19 20 -22 22 51 45 -26 -27 55 -29 30 -31 32 -33 -34 -35 -36 -37 42 -39 40 -41 -42 -43 53 56 -46 52 47 48 49 -51 -52 -53 -54 -55 -56 -57 -58 -59 -60 -61 -62 -63 -64
leaf_value=-0.030053890528886212 0.021688971176140669 0.041712443138566244 -0.0068181663456006562 0.04383940903072301 8.0386905251434034e-05 -0.022510966185301309 0.053342088627285025 0.027078786651245287 0.012595132636355609 0.065329851208255463 -0.0051126808094044632 0.026906394682008491 0.050198413559394486 0.0067082072659368861 0.023544128765359829 -0.011079393435185535 0.001458461419799576 0.036371417418426942 -0.01460415476940983 -0.0022337325078171286 -0.011430264752603734 -0.0007293226971321591 0.014301454308539683 0.0090687705765372176 0.03037897397250763 -0.0024550610049541479 -0.027018947976445964 -0.054643695292876153 0.00013580982027574709 0.0070523928569770347 -0.02348291420448638 -0.010170320885864564 -0.018235225765238481 0.025867658384367716 0.049536749683929571 -0.016052606552413622 0.024269504822462269 0.0094277990343424063 -0.014556756374268785 0.017711323576153751 0.00068375953306023206 0.013261434557699712 0.0064864282302973045 0.018770953664676213 -0.0061895356268103713 0.0060602526700843911 0.024222214538786754 0.026267257864260769 0.019460702714682934 8.7666040244753839e-06 0.033725560215285215 0.023535069669141706 -0.010072103783814828 0.020215282052664693 0.012676416518642999 -0.036072333303180437 0.005797153689316238 -0.015528780477296365 -0.0052516613359595843 0.016986716318975411 0.036187220139818774 -0.034612726913145618 0.028550825046867331
leaf_weight=20 32 22 147 21 70 88 20 33 23 24 437 24 33 193 42 35 118 22 417 119 280 21 160 88 22 88 166 20 21 20 298 75 330 21 74 49 22 22 32 28 58 46 99 29 33 29 343 22 20 21 23 58 26 23 212 52 54 28 23 22 44 26 31
leaf_count=20 32 22 147 21 70 88 20 33 23 24 437 24 33 193 42 35 118 22 417 119 280 21 160 88 22 88 166 20 21 20 298 75 330 21 74 49 22 22 32 28 58 46 99 29 33 29 343 22 20 21 23 58 26 23 212 52 54 28 23 22 44 26 31
internal_value=0.000121005 0.0180886 -0.0124095 0.0295861 -0.00659495 -0.0218627 0.0105292 0.0143936 0.0315668 0.044364 -0.00218722 0.00585299 0.0257559 0.00492955 0.0328678 0.00388884 -0.00384845 0.0234027 -0.0105099 -0.0117125 -0.00868882 0.0132546 0.0125127 0.010184 0.0131008 0.00497925 -0.0312307 -0.0423719 -0.0191339 -0.014223 -0.0204113 -0.0168368 -0.0212798 0.0409334 0.0434382 -0.00621701 0.00664523 -0.00469992 0.00102712 0.00457987 -0.00473055 0.022551 0.0114058 0.0056485 0.00388978 0.0049785 0.0235479 0.0228509 0.0153743 0.00951214 0.0434489 0.0167614 -0.00155731 0.0090802 0.011466 -0.0291823 0.0103379 -0.00880652 0.0054322 0.0273731 0.030022 -0.0243786 0.0347419
internal_weight=5099 2095 3004 831 1860 1144 1264 692 43 171 875 572 660 548 164 516 722 496 985 816 399 649 616 398 255 481 258 40 886 183 703 163 654 147 126 486 393 169 236 146 90 474 144 153 249 143 428 406 63 41 56 218 55 122 233 218 83 49 216 108 86 324 52
internal_count=5099 2095 3004 831 1860 1144 1264 692 43 171 875 572 660 548 164 516 722 496 985 816 399 649 616 398 255 481 258 40 886 183 703 163 654 147 126 486 393 169 236 146 90 474 144 153 249 143 428 406 63 41 56 218 55 122 233 218 83 49 216 108 86 324 52
is_linear=0
shrinkage=0.05


Tree=59
num_leaves=64
num_cat=0
split_feature=28 28 1 28 1 1 1 1 12 6 17 12 28 1 70 24 13 1 0 54 54 34 52 56 54 51 28 70 56 52 32 26 3 13 1 28 50 0 16 9 16 14 1 1 47 6 15 28 13 4 70 53 12 1 51 1 30 15 35 54 41 68 0
split_gain=414.573 73.5314 56.1712 20.1673 10.9465 10.4121 9.45197 7.35713 5.08085 4.96698 4.19278 4.0971 4.51116 3.62879 3.42931 3.27708 2.90187 3.59033 2.8266 2.91754 2.98914 2.74498 2.47059 2.4649 2.1673 2.10255 3.7365 2.07937 2.06438 1.97864 1.97309 2.31432 1.91653 1.88674 2.90736 1.99815 1.87955 1.75436 1.74338 1.87588 1.64781 1.63926 1.76733 1.63672 1.57886 1.56716 1.54623 1.51987 1.8577 1.49035 1.48806 1.47018 1.46281 1.42927 1.493 1.4164 1.41887 1.30266 1.27943 1.26011 1.68369 1.19931 1.16598
threshold=11.990104166666702 18.340104166666702 4.2330729166666705 23.231510416666655 6.5351562500000009 -0.71718749999999987 12.544791666666653 26.345312500000002 11.483333333333352 0.0010717083333333002 16.940364583333352 4.5242187500000011 5.7486979166666652 18.700260416666655 10.858064777664694 42.034268083333309 16.105468750000004 19.462500000000002 12.041782083333301 0.0020649978348026613 0.0016729431884015332 14.567187500000001 0.0022390253932467433 5.906276786579415 0.00021098218184294093 3.7770833333337183e-05 25.300260416666656 2.5405181889835866 8.2279665240840263 0.00018614530925056591 1.7106770833333302 80.105821458333324 1029.9155500000002 13.001302083333302 11.483333333333352 13.603906250000001 -0.24284072672761489 5.603835500000006 25.107812500000005 -0.00036970833333334997 18.325260416666655 10.580208333333351 8.8783854166666725 0.47226412835249071 0.37940952255126054 0.00041862499999990003 11.451302083333301 10.084375000000001 8.2739583333333364 -0.00052312500000004992 6.1446202250406152 -5.1396529813231807e-05 8.9617187500000011 17.703906250000003 -6.8274305555535345e-05 15.50416666666665 20.027864583333351 19.914583333333301 18.436458333333302 0.0007412111829926915 1014.6785250000001 3.7343730658100385 -2.8763458749999846
decision_type=2 2 2 2 2 2 2 2 2 2 2 2 2 2 2 2 2 2 2 2 2 2 2 2 2 2 2 2 2 2 2 2 2 2 2 2 2 2 2 2 2 2 2 2 2 2 2 2 2 2 2 2 2 2 2 2 2 2 2 2 2 2 2
left_child=2 6 5 16 29 30 9 25 -8 10 33 -6 -13 24 28 21 44 22 19 20 27 -10 37 51 -14 57 -27 -17 43 -4 31 -1 62 35 -35 41 53 55 39 -39 47 -2 -43 61 -3 -9 -37 52 -49 -31 58 -20 -26 54 -29 -18 -57 -5 -19 -51 -61 -7 -16
right_child=1 3 4 7 11 14 8 45 15 -11 -12 12 13 -15 32 18 17 50 23 -21 -22 -23 -24 -25 40 26 -28 36 -30 49 -32 -33 -34 34 -36 46 -38 38 -40 -41 -42 42 -44 -45 -46 -47 -48 48 -50 59 -52 -53 -54 -55 -56 56 -58 -59 -60 60 -62 -63 -64
leaf_value=-0.028828111769075505 0.006634804351039178 0.025613638769831245 -0.016647053115258697 0.0350339177477164 0.017655931310266975 -0.020495797817829949 0.035638646863689109 0.044919569341321235 0.012122001668260522 -0.017464902091832952 0.021640234720946144 -0.024310372564603736 -0.0095481221311445978 0.017474205458331026 -0.014758887095245544 6.3999714547066896e-05 0.014527523846506983 0.033596208005429583 0.010402815536328696 0.031205155110001732 -0.0010764826696496902 0.038058254304299863 0.0018512545461482875 -0.010493583956743099 -0.0033729672262935995 0.031459882347535495 0.051960307021404001 0.022039752425590746 -0.0051327809747009441 -0.018430492162490486 -0.028892947569783375 -0.051168766552236067 -0.034589996510849867 -0.012867252462699739 0.0054670167015498945 0.022239824514398571 0.012322150058898222 0.0021050456842767024 0.023287623499854439 0.015759846910812076 -0.0095278972649349754 -0.014362817550378885 0.0010478131762768914 -0.016864992467795031 0.044106455530407179 0.060046296003640913 0.0074885408466795565 0.0080580971741495058 -0.0015463599484995302 -0.010398014196766002 0.012559982747777827 -0.00062023565541860677 -0.013435460509016825 0.031195012603834834 0.0058546232658020381 0.021794157943883129 0.034816675862458603 0.02425421899200212 0.024435980785388438 0.008344716258238712 -0.0089455947207353337 -0.032465403356517222 -0.024735742904115787
leaf_weight=22 118 28 159 42 22 86 23 72 20 26 35 27 151 20 39 27 36 53 123 21 39 21 24 21 376 80 31 45 33 51 145 25 40 40 47 20 260 33 52 107 88 22 120 572 20 23 162 61 288 425 20 40 40 24 21 62 32 87 141 22 39 28 122
leaf_count=22 118 28 159 42 22 86 23 72 20 26 35 27 151 20 39 27 36 53 123 21 39 21 24 21 376 80 31 45 33 51 145 25 40 40 47 20 260 33 52 107 88 22 120 572 20 23 162 61 288 425 20 40 40 24 21 62 32 87 141 22 39 28 122
internal_value=0.000115089 0.0163639 -0.0123942 0.0269499 -0.0068584 -0.0212002 0.00853382 0.0368029 0.0125295 0.0038938 0.0048796 -0.00368993 -0.00413739 -0.00360477 -0.0189881 0.0117253 0.0215196 0.0205052 0.0108196 0.0130094 0.012089 0.0254247 0.0173511 0.00561581 -0.00402534 0.0321321 0.0371939 0.0134522 -0.0173712 -0.0117423 -0.0317952 -0.0407304 -0.0247684 0.00376934 -0.0029573 0.00509453 0.0144836 0.0185047 0.0154582 0.0125452 -0.00304699 0.00227913 -0.00133707 -0.0179591 0.033337 0.048593 0.00911344 -0.00230071 0.000131106 -0.0102888 0.0256015 0.00769483 -0.00434202 0.02072 0.0168992 0.0229988 0.0262359 0.0277702 0.0269427 -0.00943306 -0.0027012 -0.0234427 -0.0223232
internal_weight=5099 2218 2881 943 1769 1112 1275 335 685 590 564 1073 1051 1024 920 662 608 560 621 437 416 41 346 184 1004 240 111 377 719 696 192 47 201 529 87 442 350 322 192 140 853 260 142 686 48 95 182 765 349 537 214 163 416 90 66 130 94 129 194 486 61 114 161
internal_count=5099 2218 2881 943 1769 1112 1275 335 685 590 564 1073 1051 1024 920 662 608 560 621 437 416 41 346 184 1004 240 111 377 719 696 192 47 201 529 87 442 350 322 192 140 853 260 142 686 48 95 182 765 349 537 214 163 416 90 66 130 94 129 194 486 61 114 161
is_linear=0
shrinkage=0.05


Tree=60
num_leaves=64
num_cat=0
split_feature=1 1 1 1 65 1 48 64 29 22 29 12 36 63 65 25 61 1 1 53 66 49 12 1 61 70 14 32 14 8 53 29 64 3 7 60 46 53 36 18 42 64 58 67 58 58 56 29 62 1 12 12 62 51 42 65 12 66 70 16 53 66 20
split_gain=378.138 64.423 52.8797 14.4639 11.9687 11.9503 8.59299 7.37255 5.56119 5.15714 4.77647 4.70363 5.13575 4.45903 3.93738 3.66914 3.46002 3.36617 3.19904 3.09779 3.17118 2.72139 2.69709 2.88366 2.67323 2.65965 2.97133 2.64192 2.63911 2.45633 2.40727 2.33476 2.23189 2.19987 2.12338 2.1118 2.00849 1.94156 1.93185 2.17495 1.92521 1.9089 1.87306 1.83699 1.81892 1.95847 1.79267 1.72246 1.65747 1.65192 1.56192 1.53723 1.45857 1.44496 1.67675 1.36554 1.36533 1.34495 1.3168 1.2603 1.23491 1.24312 1.22312
threshold=10.455208333333351 19.056510416666654 5.6364583333333309 0.95468750000000013 20.034438653334899 14.357031250000002 -0.5 4.3435046029332742 8.6130208333333318 57.018602625000007 10.264583333333302 15.709895833333302 1023.0278041666651 18.77403428819445 16.470722461830782 40.36429416666671 51.270234305435828 -1.5242187499999997 3.5085937500000006 -8.3683275628001615e-05 5.1954739930325653 -0.58429276287313725 11.171354166666701 7.7098958333333352 57.234212595238105 4.252322543930064 3.5942708333333306 0.31562500000000004 11.17864583333335 -0.00013512499999999996 -0.00011885022342267934 19.204427083333304 4.9986390691418823 1022.2831458333301 -0.00029229166666659993 8.7039174075444929 2.5000000000000004 1.4834462645303485e-05 1005.8383958333301 15.793229166666702 1006.9431125000001 4.459766685298888 6.0046255793419379 1016.4543190972221 4.1341284624037966 2.6876303292826775 6.4701425739654121 4.0786458333333302 8.4893162191958229 26.345312500000002 5.6364583333333309 4.3848958333333359 6.4148500580431707 -0.00015889906609192959 1021.9434208333352 8.7476290776727392 18.908333333333356 3.6485151451070581 11.050592616275011 26.371875000000006 -0.0001281336152882048 4.5309526448643007 41.558632208333307
decision_type=2 2 2 2 2 2 2 2 2 2 2 2 2 2 2 2 2 2 2 2 2 2 2 2 2 2 2 2 2 2 2 2 2 2 2 2 2 2 2 2 2 2 2 2 2 2 2 2 2 2 2 2 2 2 2 2 2 2 2 2 2 2 2
left_child=2 5 3 17 15 11 7 49 21 46 -7 12 19 22 18 42 29 27 51 43 24 50 23 28 -21 -19 -27 -1 57 34 -18 32 -17 -23 -12 -31 47 41 39 -32 -40 -8 -3 52 45 -25 -9 -20 -47 -6 -4 55 -2 -38 -55 -5 62 -10 -26 -22 -33 -62 -42
right_child=1 4 8 14 6 10 37 9 13 -11 16 -13 -14 -15 -16 31 30 25 36 20 59 33 -24 44 58 26 -28 -29 -30 35 38 60 -34 -35 -36 -37 53 -39 40 -41 56 -43 -44 -45 -46 48 -48 -49 -50 -51 -52 -53 -54 54 -56 -57 -58 -59 -60 -61 61 -63 -64
leaf_value=-0.046914534618514442 0.017076237592380635 0.022504947562728424 0.011199507971146683 -0.019221143109830922 0.028833838133313458 -0.0047437386892013496 0.025271765707815631 0.038752608611304674 -0.010122024944869348 0.078275311415902438 0.02659556287331509 -0.015251497662082308 0.029633723068654517 0.020185037879455039 0.005681937647097385 0.0117528508684187 0.018761879511935416 -0.0058085941545510562 -0.028264169089344607 -0.010897508466400849 0.0077556076719824023 -0.0099209463782108792 -0.016722246559676752 0.0020518103119591354 0.0011549948362368221 -0.02277488933594117 -0.042886602026650095 -0.02918280017881222 -0.022817780815998945 0.022533461381244888 0.031934342291993149 0.034561567123486292 0.027547826661360093 -0.023121285326172372 0.010706542370854269 0.04461711375866604 -0.020891631312918862 0.013677614777287321 0.00025234684049591291 0.012974911199081094 0.023124161767116284 0.039055477040737197 0.036698102363360671 0.017455007012352561 0.0022916694336642435 -0.0039171134796205011 0.059176808658210948 -0.015197286796469957 -0.015310931298636749 0.04468741872502216 -0.005073343587112613 -0.030415262385589809 0.0057204739677745899 -0.011052291104996949 0.00096207821630558271 -0.012607298676886553 0.0019939275290303542 -0.0023659454796289181 0.012068487928687123 0.021514668515597149 0.01656294742789019 0.025977587139835556 0.011484392515006577
leaf_weight=26 34 37 20 395 46 30 69 24 92 21 39 26 23 21 22 99 168 21 29 44 101 328 35 122 256 235 20 113 24 24 22 25 29 35 46 20 33 21 46 49 26 40 64 62 276 201 20 200 38 26 56 26 170 306 32 98 33 143 31 20 56 96 177
leaf_count=26 34 37 20 395 46 30 69 24 92 21 39 26 23 21 22 99 168 21 29 44 101 328 35 122 256 235 20 113 24 24 22 25 29 35 46 20 33 21 46 49 26 40 64 62 276 201 20 200 38 26 56 26 170 306 32 98 33 143 31 20 56 96 177
internal_value=-0.000237542 0.0158666 -0.0118227 -0.0181554 0.0286475 0.00992174 0.0368735 0.0456179 -0.00473834 0.0578394 0.014748 0.00564217 0.00637616 -0.0025907 -0.0152468 0.0232358 0.0156484 -0.0261505 -0.0156587 0.00563004 0.00310886 -0.00939432 -0.00310519 -0.00257254 0.000575012 -0.0229467 -0.0243559 -0.0325063 -0.0070211 0.022986 0.0138303 0.0204944 0.0153372 -0.0111957 0.018005 0.0325907 -0.0131689 0.0276516 0.0114813 0.0188604 0.00962108 0.0303377 0.0315063 0.00991198 -0.000762912 -0.00309965 0.048059 -0.0168554 -0.00573134 0.0345711 -0.000783526 -0.0185358 0.0076163 -0.0108918 -0.00991336 -0.0179077 0.011445 -0.0054048 0.00233593 0.0100356 0.02422 0.0225136 0.0129787
internal_weight=5067 2120 2947 1556 673 1447 267 137 1391 65 680 767 741 952 1141 406 650 415 1119 718 452 439 931 896 331 276 255 139 259 129 521 305 128 363 85 44 600 130 353 71 282 109 101 266 637 361 44 229 239 72 76 519 204 371 338 493 236 235 287 121 177 152 203
internal_count=5067 2120 2947 1556 673 1447 267 137 1391 65 680 767 741 952 1141 406 650 415 1119 718 452 439 931 896 331 276 255 139 259 129 521 305 128 363 85 44 600 130 353 71 282 109 101 266 637 361 44 229 239 72 76 519 204 371 338 493 236 235 287 121 177 152 203
is_linear=0
shrinkage=0.05


Tree=61
num_leaves=64
num_cat=0
split_feature=28 1 28 1 1 28 12 10 1 12 29 15 17 0 58 28 18 43 4 43 62 50 54 1 18 1 0 56 60 42 22 1 64 55 36 53 65 4 21 66 54 31 40 31 41 56 48 54 24 28 28 14 54 20 0 64 19 4 31 46 28 58 28
split_gain=346.906 68.4184 46.1007 14.4826 11.092 10.0278 6.74135 6.70658 5.74756 4.87853 3.26888 3.24193 2.9491 2.84944 2.83575 2.78254 2.7679 2.68836 3.90427 2.63934 2.51632 2.28374 2.31403 2.25281 2.49856 2.15745 2.64612 3.48495 2.55366 2.1033 2.09259 3.10863 2.06845 2.6703 2.42487 2.0579 1.99778 1.97405 1.8558 1.7928 1.74978 1.72424 1.69725 1.68966 1.62897 1.67759 1.71405 1.68293 1.56831 1.50424 1.4622 1.36909 1.35038 1.29462 1.28903 1.26123 1.38757 1.22705 1.22593 1.20055 1.20004 1.18448 1.30442
threshold=13.879947916666652 5.6364583333333309 20.563541666666655 1.1161458333333303 25.660416666666702 9.5466145833333318 3.7359375000000008 -0.0015153333333332998 14.357031250000002 9.0976562500000018 3.5359375000000006 14.061197916666652 27.173958333333307 -10.423633375 4.4089545855131913 5.0247395833333366 4.6492187500000011 1008.2402750000001 -0.00091249999999989983 1004.6215625000001 10.160461748760239 -0.78295110140207591 0.0013736336952015051 17.703906250000003 23.023177083333305 16.646354166666654 4.4896899583333409 6.1343403261518503 10.986046951089362 1030.4075750000002 50.613855083333313 10.284895833333353 4.7162917881374584 11.062977430555554 1024.3365875000002 -0.00010478332550123861 10.020399305555557 -0.00052312500000004992 59.766757916666712 5.1548916984845627 0.00098624226445709101 11.230468750000002 1019.8072416666652 20.194270833333352 1022.2831458333301 8.6595258666386403 0.60355339059327384 0.0019528635398671659 65.119817375000011 18.484114583333355 1.7106770833333302 17.851562500000004 0.00081948466823272836 57.548033541666705 5.0738091250000057 5.9193302426323431 9.8447916666666675 0.00021058333333330004 17.255989583333307 2.5000000000000004 22.984895833333304 4.1480007877466631 17.778385416666705
decision_type=2 2 2 2 2 2 2 2 2 2 2 2 2 2 2 2 2 2 2 2 2 2 2 2 2 2 2 2 2 2 2 2 2 2 2 2 2 2 2 2 2 2 2 2 2 2 2 2 2 2 2 2 2 2 2 2 2 2 2 2 2 2 2
left_child=1 3 8 13 12 6 -3 -7 9 -2 -8 14 25 19 20 36 -11 41 -19 -1 -9 22 -6 54 42 -4 55 28 51 -15 31 -18 34 -34 -12 -16 50 -17 40 43 -13 -10 52 -33 45 46 47 -37 -23 -26 -5 -28 61 -54 58 56 -27 60 -20 -39 -53 -25 -63
right_child=2 5 4 15 21 7 10 11 17 16 32 38 -14 29 35 37 30 18 23 -21 -22 48 -24 24 49 26 27 -29 -30 -31 -32 39 33 -35 -36 44 -38 59 -40 -41 -42 -43 -44 -45 -46 -47 -48 -49 -50 -51 -52 57 53 -55 -56 -57 -58 -59 -60 -61 -62 62 -64
leaf_value=-0.026123949275218602 0.031352496912870474 0.019532346721740271 0.012074331414762529 -0.031508126905961921 0.063629437889950319 0.028769092232096883 -0.027543173660005849 -0.00071392116415425601 -0.0030100334329031773 0.023707509722750066 -0.0081778192383489823 -0.0061558784183457574 0.043623906558380415 -0.022509503569952505 0.015463359788023955 -0.021626684925210971 -0.017101647454122883 0.033217732111763425 0.012142147146842962 -0.044802345142729967 -0.015650265848202654 0.02650718564129664 0.041940660714669793 0.027074047299972301 -0.0012168054999052913 0.041079168099870916 0.037082336122902675 0.013833548346202221 0.043180478319175708 -0.039244423941455442 0.0079312253268900273 0.0051180775533882159 0.014852929740521324 -0.0080736856571918033 -0.025895102738380912 0.0040208538500756874 -0.0063153297354533698 -0.014912472167459065 -0.00078988861778831344 0.014068903876780881 -0.020528210164972187 0.011368852059724183 0.034717718698937708 -0.010540973668955969 0.014427966194468232 -0.010061217059391822 -0.0030725921625860395 0.019187216306444807 0.042628055514596148 0.01770510622543511 -0.017927943467133594 0.021440260399879112 0.019559206033586529 0.036713457840314691 0.0088229321611889792 0.043322631817440477 0.025911382776524286 0.01552908215985171 0.021775252873929989 -0.01018460747486419 0.029863037528072768 0.002473449457398635 0.017905386181036553
leaf_weight=45 21 22 33 21 20 20 22 469 24 23 580 54 21 334 37 55 21 33 89 33 30 26 33 20 20 20 20 77 20 20 355 51 22 30 20 143 36 200 67 31 35 156 24 26 28 27 77 21 37 22 392 96 25 20 129 21 64 41 53 414 77 20 44
leaf_count=45 21 22 33 21 20 20 22 469 24 23 580 54 21 334 37 55 21 33 89 33 30 26 33 20 20 20 20 77 20 20 355 51 22 30 20 143 36 200 67 31 35 156 24 26 28 27 77 21 37 22 392 96 25 20 129 21 64 41 53 414 77 20 44
internal_value=-0.000225538 -0.00999104 0.0173014 -0.0175929 0.0285543 -0.00307587 -0.00769181 0.000110877 0.0116511 0.00773615 -0.00858145 -0.000469028 0.0252594 -0.0253697 0.000770661 -0.0145872 0.00675637 0.0146945 0.0165855 -0.0340375 -0.0016132 0.0424645 0.050145 0.0154059 0.0195092 0.0244351 0.0253693 0.0231684 0.0259956 -0.0234575 0.00594934 0.000491229 -0.00794046 0.00161741 -0.00876965 0.00434431 -0.0176351 -0.0125407 -0.00708353 0.00391796 -0.0118152 0.00944883 0.0224766 -0.000163584 0.00295226 0.00175095 0.00307674 0.00596699 0.0359882 0.00868463 -0.0186204 0.0245229 0.0201928 0.0272009 0.0124509 0.0322997 0.0295332 0.0233451 0.0157424 -0.0117257 0.0251935 0.0164297 0.0130919
internal_weight=5067 3254 1813 1550 606 1704 696 1008 1207 528 674 988 490 432 832 1118 507 679 499 78 499 116 53 466 195 469 436 331 254 354 484 129 652 52 600 333 449 669 156 108 89 180 153 77 296 268 241 164 63 42 413 234 129 45 271 105 84 214 142 614 173 84 64
internal_count=5067 3254 1813 1550 606 1704 696 1008 1207 528 674 988 490 432 832 1118 507 679 499 78 499 116 53 466 195 469 436 331 254 354 484 129 652 52 600 333 449 669 156 108 89 180 153 77 296 268 241 164 63 42 413 234 129 45 271 105 84 214 142 614 173 84 64
is_linear=0
shrinkage=0.05


Tree=62
num_leaves=64
num_cat=0
split_feature=28 1 28 1 1 1 1 28 12 12 30 13 28 1 13 0 43 28 31 1 29 13 27 19 28 13 11 65 5 30 61 40 26 33 0 12 32 12 0 41 10 52 3 62 35 41 1 0 0 0 27 69 8 51 32 7 69 66 2 53 4 28 13
split_gain=313.1 61.9123 41.7632 16.2197 9.02002 7.79345 7.65311 5.76848 5.03717 4.43747 4.04583 3.55298 3.5129 3.05445 3.0042 2.83778 2.78313 2.71762 2.70911 2.85588 2.6047 2.33757 2.29424 2.99097 2.27788 2.44107 2.03566 1.80885 1.79672 1.8196 1.79169 1.79195 1.68906 1.65736 2.09243 1.63165 1.84591 1.63041 1.62578 1.57092 1.79025 1.68189 1.563 1.54843 1.48905 1.45164 1.35604 1.3481 1.33621 2.30437 1.41308 1.32789 1.51332 1.32768 1.32592 1.3242 1.30134 1.27217 1.12173 1.11948 1.22008 1.08723 1.53628
threshold=13.879947916666652 6.3966145833333359 21.682031250000005 1.9557291666666652 25.660416666666702 18.700260416666655 14.357031250000002 10.084375000000001 4.1703125000000005 9.0976562500000018 3.2002604166666706 10.573697916666651 1.2453125 8.8783854166666725 17.092708333333352 -1.2845837499999997 1008.2402750000001 17.778385416666705 23.683333333333305 11.66171875 15.934895833333352 15.709895833333302 59.389290541666703 17.564583333333356 11.789583333333352 8.2739583333333364 0.00028349999999990004 8.7476290776727392 0.00019462499999990004 5.2835937500000005 49.814693850716402 1002.0487041666651 60.744341208333303 19.924739583333302 11.296995625000003 13.101302083333351 22.414843750000006 15.045052083333351 6.1408342083333407 1014.6785250000001 -5.9750000000017742e-05 0.00028756898158446934 1031.3588500000003 12.705694979565829 14.362239583333302 1018.0663416666652 3.0825520833333306 -4.5409283333333192 8.7472178333333428 -3.6189570416666497 57.759357458333305 1008.8391579188527 -0.00012554166666659997 -5.5369791666648453e-05 1.0000000180025095e-35 -0.00031845833333334994 1019.2261130092879 2.6097888669165186 85.790105291666663 -7.3464037698403888e-05 -0.00021449999999994997 5.7059895833333352 3.1424479166666655
decision_type=2 2 2 2 2 2 2 2 2 2 2 2 2 2 2 2 2 2 2 2 2 2 2 2 2 2 2 2 2 2 2 2 2 2 2 2 2 2 2 2 2 2 2 2 2 2 2 2 2 2 2 2 2 2 2 2 2 2 2 2 2 2 2
left_child=1 3 6 12 22 7 9 8 -3 -2 -10 24 54 -13 18 27 -6 21 19 20 -11 26 33 -24 25 47 44 39 29 -12 -19 -32 -22 34 -4 36 51 -28 43 46 45 -42 61 -26 -8 -41 -5 -9 49 -21 -51 -15 -53 -30 -1 -17 -35 -29 -31 -33 -61 62 -14
right_child=2 5 4 15 16 -7 17 11 10 14 28 13 42 35 -16 55 -18 30 -20 48 32 -23 23 -25 38 -27 37 57 53 58 31 59 -34 56 -36 -37 -38 -39 -40 40 41 -43 -44 -45 -46 -47 -48 -49 -50 50 -52 52 -54 -55 -56 -57 -58 -59 -60 60 -62 -63 -64
leaf_value=-0.037443598664111864 0.029785618631400591 0.018540122878478504 0.025121648959339521 -0.015855785852147097 0.057485987703023524 0.025190306137366416 0.018968343547394018 0.0018141734526373879 -0.02752209463671193 0.0056205943231253785 -0.019494519982408632 -0.018862464231484286 -0.019010103110328153 -0.0038595814619380633 -0.010216092297958439 -0.0083630885059450925 0.037589205930056761 0.028483398217156022 0.022321190293618971 0.0085508418640778665 -0.017915662971199727 0.0045314217491688588 0.026321431316712069 0.049407526833323959 0.0070685374843962052 -0.0018768006986545575 0.033867536484450476 -0.015349844106087194 0.0085268485810525065 -0.0071032895551969236 0.0063964275989835465 0.019480139396783391 0.00010023577947697787 0.023733433843681553 0.0035232549189872994 -0.015732272949135342 -0.014455090491710133 0.015718191511922268 0.0186685928738483 -0.019566935682549996 -0.014020485547199191 -0.032186762370639159 -0.031942343875989231 -0.0071299666223175037 0.0078890654797326553 -0.0049063344685977882 -0.0092361220782175291 0.016235784311179204 0.0042455472680414134 0.012594046936400476 0.030789539613705598 0.012119540167326737 6.3191482327635512e-05 -0.0041575266007935078 -0.026413897132225739 -0.016752988916709604 0.035033581051840651 -0.0047180356364018529 0.0049953633701537679 0.020059739799406506 0.011327685741123682 -0.0086516022364868383 -0.032160084570809634
leaf_weight=34 21 20 23 100 22 26 43 33 23 86 29 31 323 112 26 54 91 33 28 173 25 92 43 21 149 268 20 34 32 428 41 256 27 227 22 21 24 33 26 32 23 29 26 22 104 36 347 32 105 22 21 37 88 58 145 380 29 165 20 61 118 23 24
leaf_count=34 21 20 23 100 22 26 43 33 23 86 29 31 323 112 26 54 91 33 28 173 25 92 43 21 149 268 20 34 32 428 41 256 27 227 22 21 24 33 26 32 23 29 26 22 104 36 347 32 105 22 21 37 88 58 145 380 29 165 20 61 118 23 24
internal_value=-0.000214133 -0.00949163 0.0164369 -0.0157872 0.0291198 -0.00193569 0.0118953 -0.0024216 -0.00612512 0.00725669 -0.00696238 0.000257745 -0.0226931 -0.00396547 0.00633292 -0.0124776 0.0414721 0.0149869 0.00721765 0.00629475 0.000275806 0.0111361 0.0252932 0.0339109 0.00275281 0.000229999 0.0141714 -0.010645 -0.00612704 -0.00734965 0.0171947 0.0164105 -0.00855342 0.0234582 0.0145767 -0.00232548 -0.00124429 0.0225815 0.00701448 -0.0120856 -0.0171724 -0.0241655 -0.0200601 0.0052386 0.0111344 -0.0118147 -0.0107185 0.00892314 0.00888069 0.0111313 0.0214969 9.19537e-05 0.00363655 0.000347365 -0.0285137 -0.0157105 0.0250168 -0.00653772 -0.00656196 0.017353 0.0143072 -0.019223 -0.019922
internal_weight=5067 3254 1813 1775 478 1479 1335 1453 610 534 590 843 575 313 513 1200 113 801 487 459 138 292 365 64 530 333 200 766 567 477 509 476 52 301 45 282 261 53 197 567 120 52 396 171 147 68 447 65 321 216 43 237 125 90 179 434 256 199 448 435 179 370 347
internal_count=5067 3254 1813 1775 478 1479 1335 1453 610 534 590 843 575 313 513 1200 113 801 487 459 138 292 365 64 530 333 200 766 567 477 509 476 52 301 45 282 261 53 197 567 120 52 396 171 147 68 447 65 321 216 43 237 125 90 179 434 256 199 448 435 179 370 347
is_linear=0
shrinkage=0.05


Tree=63
num_leaves=64
num_cat=0
split_feature=28 1 28 1 1 1 1 28 12 30 13 27 1 13 14 28 0 24 51 70 1 69 32 5 66 27 32 70 17 69 7 31 2 41 28 5 30 69 1 12 49 32 28 13 1 4 33 4 20 14 0 42 65 63 51 32 14 52 15 28 62 32 15
split_gain=282.782 59.3954 35.428 14.789 8.14009 6.1775 6.1396 5.71263 4.53475 3.8591 3.71309 4.80929 3.24753 3.03433 2.80859 2.53075 2.45252 2.44354 2.3927 2.32947 2.24728 2.16398 2.15358 2.14795 2.41906 2.56036 2.13516 2.13159 2.12331 2.27008 1.89528 2.12587 1.7656 1.69443 1.98597 1.68846 1.69305 1.67891 1.66728 2.04314 1.66306 1.80508 1.5976 2.11469 2.69264 1.53085 1.50591 1.47237 1.79453 1.67402 1.46988 1.42653 1.60753 1.3687 1.30388 1.21716 1.65504 1.54313 1.59584 1.2824 1.21442 1.20182 1.18377
threshold=14.188020833333352 6.465885416666671 21.682031250000005 1.9557291666666652 25.660416666666702 18.700260416666655 15.50416666666665 10.084375000000001 4.3195312500000007 3.2002604166666706 11.244270833333301 64.118367416666658 -1.5242187499999997 17.092708333333352 8.3747395833333318 15.559375000000001 -1.2845837499999997 42.826638750000008 -0.0001057847222221948 4.113532791506219 10.652864583333303 1006.825886381743 0.67161458333333368 0.0010717083333333002 5.6666284948297596 51.329506208333306 20.607291666666654 10.858064777664694 26.460416666666703 1008.5625951705427 -0.00057137499999994985 16.288281250000004 80.085320166666662 1021.8537125000001 15.751041666666652 0.00019462499999990004 5.5565104166666659 1012.2624652303437 4.2330729166666705 4.6635416666666663 0.96230016621822489 12.30104166666665 11.512760416666652 10.834895833333352 8.9617187500000011 -0.00052312500000004992 19.780989583333355 0.00027899999999995002 48.317572166666658 14.684895833333352 7.1313039583333415 1014.1684125 19.712272522449325 24.693836805555552 -0.00015889906609192959 5.4880208333333362 8.4250000000000025 0.00030734435081285146 8.1919270833333364 4.3916666666666666 11.412283762495624 15.870833333333353 2.7091145833333354
decision_type=2 2 2 2 2 2 2 2 2 2 2 2 2 2 2 2 2 2 2 2 2 2 2 2 2 2 2 2 2 2 2 2 2 2 2 2 2 2 2 2 2 2 2 2 2 2 2 2 2 2 2 2 2 2 2 2 2 2 2 2 2 2 2
left_child=1 3 6 12 28 7 10 8 -3 -10 11 -2 22 15 17 20 19 -9 -19 -5 -12 -8 -1 24 51 -26 42 -14 29 -4 31 -23 -29 34 -32 36 -11 53 39 -21 46 -42 -16 -44 -45 -15 -31 49 -49 61 -51 52 -17 -6 -40 59 57 -57 -59 -18 -20 -36 -37
right_child=2 5 4 16 37 -7 21 14 9 35 13 -13 27 45 26 23 55 18 60 38 -22 30 -24 -25 25 -27 -28 32 -30 40 33 -33 -34 -35 47 62 -38 -39 54 -41 41 -43 43 44 -46 -47 -48 48 -50 50 -52 -53 -54 -55 -56 56 -58 58 -60 -61 -62 -63 -64
leaf_value=-0.040932850096676798 0.03729476482645825 0.016506047797656326 0.036103635320302765 7.54151036513411e-05 0.039612333258652856 0.021329666347837128 0.0051400709365787122 0.023065546040699377 -0.027152416145582187 -0.017586928622251998 -0.0092943705450138289 0.0040666836223144757 -0.017643883847024894 0.0040001508112693608 -0.00317360640551614 0.015208111603774105 -0.022762587928505721 0.018587418327894043 0.0040547072705922442 -0.012566367473731178 0.0058974585155924485 0.031689348672211591 -0.025151166536825892 -0.0045668084420855985 0.01072889401417771 0.036079605886231415 -0.008470764090986108 -0.03380550606953505 0.037555199971864593 0.010687787004865824 0.0033059489162687973 0.013291548136504482 -0.019716814699780816 0.024518946538294086 0.033570483722268681 0.010277610360727732 -0.0061406065230954444 0.030600889800763139 -0.019860579994846375 -0.029104905074898865 0.036220841248584636 0.017969215834942365 0.0056444403844646629 -0.017809096044365286 0.00047181126864693102 -0.014855726628281008 0.021529562147892988 0.018296815209726713 0.0046755819937406018 0.021792953132022563 0.013287439083720744 0.0057044164561090675 0.0011791709228079364 0.054985956487984489 -0.008064682999344007 -0.013567797182229028 -0.024856145581271638 0.0065840669349936098 -0.010497257049960107 -0.014533775518828243 -0.0097064872473302307 0.017938909350774742 -0.0028912135190926544
leaf_weight=27 24 22 30 52 56 29 50 21 22 35 28 20 346 21 224 140 77 23 59 293 185 38 112 21 20 20 77 42 27 38 39 27 48 43 23 23 428 37 25 20 36 22 213 22 237 22 212 39 64 66 225 106 24 20 388 157 24 22 36 125 22 27 66
leaf_count=27 24 22 30 52 56 29 50 21 22 35 28 20 346 21 224 140 77 23 59 293 185 38 112 21 20 20 77 42 27 38 39 27 48 43 23 23 428 37 25 20 36 22 213 22 237 22 212 39 64 66 225 106 24 20 388 157 24 22 36 125 22 27 66
internal_value=-0.000203361 -0.00878305 0.0160585 -0.0149478 0.0276644 -0.00152102 0.0116966 -0.00196505 -0.00576022 -0.00661477 0.00819346 0.0222068 -0.0215588 0.00714185 0.000553276 0.00815292 -0.0118288 0.00750686 0.00435848 -0.010138 0.00389772 0.015144 -0.028223 0.0108894 0.0119382 0.0234226 -0.000570607 -0.0194324 0.0240291 0.0229461 0.0159895 0.0240581 -0.0263001 0.014991 0.0141412 -0.00579486 -0.00700732 0.0393991 -0.0108702 -0.0136256 0.0216618 0.0293107 0.000302795 0.0019537 -0.0010797 -0.00563663 0.0198841 0.0150918 0.00983927 0.0166765 0.0152189 0.0102342 0.0131583 0.0436713 -0.00878039 -0.0148103 -0.0123872 -0.0109919 -0.0040095 -0.0176739 0.00031019 0.0251447 0.000507121
internal_weight=5067 3317 1750 1794 478 1523 1272 1494 596 574 631 44 575 587 898 544 1219 125 104 778 213 641 139 331 310 40 773 436 365 338 591 65 90 526 483 552 463 113 726 313 308 58 696 472 259 43 250 444 103 341 291 270 164 76 413 441 239 215 58 202 81 50 89
internal_count=5067 3317 1750 1794 478 1523 1272 1494 596 574 631 44 575 587 898 544 1219 125 104 778 213 641 139 331 310 40 773 436 365 338 591 65 90 526 483 552 463 113 726 313 308 58 696 472 259 43 250 444 103 341 291 270 164 76 413 441 239 215 58 202 81 50 89
is_linear=0
shrinkage=0.05


Tree=64
num_leaves=64
num_cat=0
split_feature=28 1 28 1 1 1 1 15 38 1 11 12 66 58 54 3 69 43 4 47 31 13 70 1 50 31 61 18 28 0 66 1 50 23 22 11 56 15 40 66 0 53 66 1 33 30 34 28 4 30 65 11 28 2 3 53 13 51 13 28 1 62 28
split_gain=255.238 50.5738 34.1498 10.791 8.03493 7.68855 5.56318 4.6448 5.26462 4.34983 3.98351 3.91814 2.52749 2.5846 3.41841 2.39451 2.23188 2.18316 2.82231 2.16545 2.16345 2.27139 2.16054 2.13086 2.26897 2.10157 2.08516 1.98294 1.87062 1.80965 2.03835 1.80333 1.80262 2.07846 1.79999 1.78371 1.76164 1.72822 1.63809 1.60577 1.80481 1.55897 1.74687 1.77541 1.53843 2.49711 1.54587 1.48651 1.43627 1.43047 1.59675 1.40765 1.52486 1.35595 1.31634 1.31351 1.30259 1.29582 1.25455 1.26768 1.3424 1.24949 1.22302
threshold=13.879947916666652 5.6364583333333309 20.563541666666655 1.1161458333333303 25.660416666666702 8.0195312500000018 18.700260416666655 0.45703125000000006 1025.2661750000004 13.790885416666702 -0.0014353749999999497 9.0976562500000018 2.0052920192665948 4.3932487949140517 0.0014093173857002695 1033.3474625000001 1008.2385547470395 1008.2402750000001 -0.00091249999999989983 0.91597561503675362 24.537500000000005 14.795572916666652 13.469222646846813 17.703906250000003 -0.8520459593969173 10.710937500000002 64.041359657467737 23.023177083333305 7.9270833333333357 -10.13073925 3.7658661085906453 9.4992187500000025 -0.78295110140207591 59.516854458333363 82.301384208333374 -0.00010079166666664999 8.0195753407916897 9.0710937500000011 1019.8072416666652 3.135461096351166 5.603835500000006 -0.00010478332550123861 4.0584449561288531 12.132812500000002 19.780989583333355 24.479687500000001 16.635156250000005 5.2835937500000005 -0.0005101666666665999 7.9283854166666652 8.3112227182539709 0.00027000000000000006 17.692968750000002 67.116494375000016 1009.1091666666701 -5.4079861111077026e-06 7.9283854166666705 -0.00010247222222220886 11.408072916666653 16.680989583333353 10.652864583333303 9.8187313381169172 18.484114583333355
decision_type=2 2 2 2 2 2 2 2 2 2 2 2 2 2 2 2 2 2 2 2 2 2 2 2 2 2 2 2 2 2 2 2 2 2 2 2 2 2 2 2 2 2 2 2 2 2 2 2 2 2 2 2 2 2 2 2 2 2 2 2 2 2 2
left_child=1 3 9 15 10 39 7 -7 12 11 -4 -2 16 14 28 29 -9 25 -19 23 21 31 36 24 -20 -11 44 38 -14 30 35 -13 33 -6 41 -1 47 -38 51 -3 49 -15 -43 -44 45 -12 -46 -5 -49 50 -41 52 -25 -45 -34 -23 -42 -26 -33 60 -60 -30 -29
right_child=2 5 4 22 32 6 -8 8 -10 17 26 20 13 34 -16 -17 -18 18 19 -21 -22 55 -24 27 57 -27 -28 62 61 -31 -32 58 54 -35 -36 -37 37 -39 -40 40 56 42 43 53 46 -47 -48 48 -50 -51 -52 -53 -54 -55 -56 -57 -58 -59 59 -61 -62 -63 -64
leaf_value=-0.020635764489481415 0.027178046304106657 -0.0095773731527383412 0.042056355579168911 -0.01444772339689576 0.035419897183040103 -0.019606258056070372 0.022865200973581704 0.023133387110907695 0.024225663863755475 -0.0075933951874268702 0.018324138621201226 -0.0080278026212231984 -0.016554136376132095 0.010868816516231027 -0.023696536452754744 -0.034579116497785771 0.0024828397411381657 0.02764714484184691 -0.0056610854037400698 0.023731809267044497 0.0211175799288362 0.001016663626709375 -0.020182211441182346 0.0030137426243347894 0.014525992351287551 0.0094951340475579321 0.032131732024717446 -0.002247164716971093 -0.0013399115295472449 -0.018936224241258678 -0.01596250071860943 0.01664917144344916 0.038725888975940828 0.055963812760267774 0.016197243909653398 -0.038876714889264932 0.0087331993632886133 -0.010807317609926316 0.031019731163233828 -0.011379914400795131 -0.002969648914127081 -0.01265720901418714 -0.00061263955431844325 0.016421007860023051 0.034819965407081037 -0.0016234823283383334 0.020444215086154127 -0.019671794469543952 -0.0098085306845853096 -0.00054432434149802615 0.002912654497946073 0.02775187728742784 0.017646265814900013 -0.00036105412053412519 0.024095308958368963 -0.012720935627138885 -0.018753017046108687 0.0076250362696485274 -0.0067415247354389325 0.014926955637316414 0.0059480924805716245 -0.012410796862143867 0.015007670729867457
leaf_weight=21 21 299 23 450 33 31 26 20 22 20 72 21 23 37 20 34 38 35 23 43 20 57 85 24 122 176 37 20 457 311 28 31 28 20 21 38 20 26 24 78 21 25 252 30 20 20 318 40 497 196 26 23 70 20 35 25 35 155 23 35 218 27 21
leaf_count=21 21 299 23 450 33 31 26 20 22 20 72 21 23 37 20 34 38 35 23 43 20 57 85 24 122 176 37 20 457 311 28 31 28 20 21 38 20 26 24 78 21 25 252 30 20 20 318 40 497 196 26 23 70 20 35 25 35 155 23 35 218 27 21
internal_value=-0.000193091 -0.00856959 0.0148409 -0.0151053 0.024526 -0.00262416 2.93097e-05 -0.000550804 4.43669e-05 0.00997766 0.0217213 0.00608905 -0.000503804 -0.00114798 -0.00342336 -0.0218184 0.0096151 0.0122967 0.0138875 0.0129687 0.00505735 0.00427221 -0.0125108 0.012007 0.00941306 0.00774856 0.0207178 0.0162792 -0.0026222 -0.0207262 -0.0271161 0.00613347 0.0363661 0.0431908 0.00196535 -0.0323972 -0.0118789 -0.00230052 0.0190953 -0.00687447 -0.00460273 0.00114249 4.01262e-05 0.00109327 0.0197338 0.0139826 0.0212973 -0.0123247 -0.0105445 -0.00306217 -0.00780203 0.0166426 0.0139163 0.00969946 0.0306108 -0.00316657 -0.0128448 0.0106667 0.00710402 0.00602954 0.00473475 -0.00195878 0.00657999
internal_weight=5067 3254 1813 1550 606 1704 1049 1023 992 1207 490 451 970 912 527 432 58 756 560 525 430 410 1118 482 300 196 467 182 507 398 87 328 116 53 385 59 1033 46 141 655 356 364 327 302 430 92 338 987 537 300 104 117 94 50 63 82 56 277 307 276 241 484 41
internal_count=5067 3254 1813 1550 606 1704 1049 1023 992 1207 490 451 970 912 527 432 58 756 560 525 430 410 1118 482 300 196 467 182 507 398 87 328 116 53 385 59 1033 46 141 655 356 364 327 302 430 92 338 987 537 300 104 117 94 50 63 82 56 277 307 276 241 484 41
is_linear=0
shrinkage=0.05


Tree=65
num_leaves=64
num_cat=0
split_feature=28 1 1 28 12 28 1 1 51 66 1 26 46 28 13 18 13 70 13 18 1 10 9 58 43 66 13 22 28 12 12 22 1 1 56 4 26 4 61 53 51 61 22 53 61 35 33 24 52 15 22 8 12 29 48 8 26 11 46 27 9 52 14
split_gain=222.906 41.9391 31.5306 14.0771 9.01732 7.87531 5.43294 5.15507 3.55815 3.45123 3.35095 3.16284 2.98087 4.55576 4.52223 2.93605 2.91878 2.90702 2.88938 2.67164 2.65834 2.48407 2.97588 3.20827 2.60854 2.39658 2.10492 2.08631 2.07087 2.3595 2.02035 1.97063 1.9471 1.86904 1.73988 1.73566 1.73702 1.66502 1.65459 1.61265 1.55262 1.53865 1.51476 1.4991 1.66283 1.41058 1.40141 1.38632 1.36037 1.8234 1.35993 1.34965 1.88583 1.3299 1.30738 1.75169 1.49008 1.28476 1.23694 1.09767 1.21773 1.3817 1.10309
threshold=13.879947916666652 3.5085937500000006 19.184352930791004 8.4968750000000011 4.3848958333333359 25.300260416666656 -1.9283854166666698 13.880729166666653 0.00017591319444444986 5.2521231355466282 8.8057291666666675 84.853102916666714 4.5000000000000009 4.5432565789473704 2.3971354166666656 18.025000000000002 10.908333333333301 4.6180030208092377 20.498437500000005 10.104687500000002 28.735156250000003 6.3874999999965015e-05 -0.00077862499999989995 7.333272970301457 1020.0548291666652 5.492513161419013 8.3325520833333382 62.278646583333355 17.001822916666654 24.004427083333354 10.459895833333352 40.633195250000007 6.0541666666666663 1.8289062500000002 5.9738814242696483 -0.00031887499999994995 53.808225041666653 -0.00025233333333334995 51.699408240772108 -0.00014867693839482556 -0.00011122222222220844 61.638400600198416 52.36584504166666 0.00048739038553640617 50.968667210663831 18.313541666666655 4.1473958333333361 60.955733625000008 0.00024706562026669275 11.139843750000002 62.469871708333358 -0.00071545833333334994 13.880729166666653 17.234635416666652 -0.78656609248549325 -0.0002386666666666 41.744737833333311 -8.3208333333336336e-05 7.5000000000000009 47.668887708333308 -0.00055466666666654986 0.0016421773317080964 7.5541666666666663
decision_type=2 2 2 2 2 2 2 2 2 2 2 2 2 2 2 2 2 2 2 2 2 2 2 2 2 2 2 2 2 2 2 2 2 2 2 2 2 2 2 2 2 2 2 2 2 2 2 2 2 2 2 2 2 2 2 2 2 2 2 2 2 2 2
left_child=1 4 7 12 6 17 11 15 20 18 16 -1 13 32 -14 21 39 28 38 -11 37 22 -2 31 -25 33 30 -17 -4 54 34 -24 -3 -8 -12 36 -21 -7 42 -5 -28 -23 -9 44 -37 50 -16 -39 -15 -50 -19 -42 -53 58 55 56 -30 -49 -40 -41 -61 62 -62
right_child=2 3 5 10 -6 8 25 9 -10 19 26 -13 14 48 46 27 -18 45 -20 35 -22 41 23 24 -26 -27 40 -29 29 -31 -32 -33 -34 -35 -36 43 -38 47 53 59 51 -43 -44 -45 -46 -47 -48 57 49 -51 -52 52 -54 -55 -56 -57 -58 -59 -60 60 61 -63 -64
leaf_value=-0.022443500121432317 -0.010600212443122066 -0.017555577853956807 0.0063460183907593452 0.010834898579649735 -0.047904343375355735 0.034580579320294978 -0.017457577331604003 -0.0058686792789808435 0.051276691338097917 0.034986116528615302 0.009237778884174614 -0.044247244480906098 0.017812776751420661 -0.012147531566851383 -0.013317099032442568 0.006965242143098029 -0.021666370457404719 0.029396487344880862 -0.0036699472641322228 0.03036301429105602 0.038831020820453116 0.002894185758555671 -0.0090479017340262795 0.0041202131675547923 0.027314481733235297 0.0024024053875623137 0.004588170636987068 0.029570159314084854 0.025355818051604109 0.036089672850518791 0.021226042094901497 0.0058431207532824827 -0.037070158277375288 -0.012478061269042186 -0.0083035726661513237 0.025621511608144493 0.013566558863080093 0.010803118785971257 0.016190966720904872 0.0075731489062663892 0.010184040153939061 -0.013841421993738903 0.012277866598416022 0.0019821912875949248 0.0099469714958606101 0.0090956596962661514 -0.0051547566579197394 0.034565320864204711 -0.0062173712003213387 -0.021854127458934822 0.011341723952901643 -0.0010541479564090829 -0.016754201241861517 0.013903889658494996 0.018513216224800098 0.020180166917207781 0.04332525966943114 0.018465805063855641 0.0062383914904424603 -0.013688915645747521 0.00021362172700316727 0.0079768844114177853 -0.0054992683734119098
leaf_weight=101 27 36 20 20 23 31 401 27 21 20 48 20 20 273 64 21 22 21 37 32 50 26 24 20 31 20 158 20 28 31 23 294 20 358 20 26 30 24 40 21 25 29 20 29 49 82 298 22 280 20 21 437 20 276 156 64 20 29 144 31 112 25 342
leaf_count=101 27 36 20 20 23 31 401 27 21 20 48 20 20 273 64 21 22 21 37 32 50 26 24 20 31 20 158 20 28 31 23 294 20 358 20 26 30 24 40 21 25 29 20 29 49 82 298 22 280 20 21 437 20 276 156 64 20 29 144 31 112 25 342
internal_value=-7.18907e-05 -0.00797159 0.0138145 -0.00437819 -0.0169836 0.0229989 -0.0161923 0.00915403 0.0319189 0.0118206 -0.000944632 -0.0260549 -0.00880628 -0.0109228 -0.00531966 0.00519629 -0.00380766 0.0194332 0.00980799 0.0177036 0.0293067 0.00403004 0.00541363 0.00658699 0.0182311 -0.0146595 0.00129891 0.0180087 0.0219609 0.0230035 0.00841405 0.00471745 -0.0245394 -0.0151097 0.00407074 0.0156164 0.0222473 0.0248062 0.0107926 -0.00309332 0.000286331 -0.00592187 0.00184359 0.0116568 0.0153902 0.0129251 -0.00659953 0.0207553 -0.0095908 -0.00726218 0.0203859 -0.00112284 -0.00174269 0.0117058 0.0214866 0.0256217 0.032861 0.0254259 0.00840547 -0.00361906 -0.00408103 -0.00345791 -0.00408885
internal_weight=5080 3238 1842 2315 923 620 900 1222 177 730 1304 121 1011 629 382 492 573 443 544 186 156 451 396 369 51 779 731 41 319 299 91 318 56 759 68 166 62 106 507 551 640 55 47 104 75 124 362 75 573 300 42 482 457 460 268 112 48 51 184 531 510 479 454
internal_count=5080 3238 1842 2315 923 620 900 1222 177 730 1304 121 1011 629 382 492 573 443 544 186 156 451 396 369 51 779 731 41 319 299 91 318 56 759 68 166 62 106 507 551 640 55 47 104 75 124 362 75 573 300 42 482 457 460 268 112 48 51 184 531 510 479 454
is_linear=0
shrinkage=0.05


Tree=66
num_leaves=64
num_cat=0
split_feature=28 1 1 28 13 28 28 3 1 14 51 26 28 54 53 30 10 13 66 1 46 13 29 32 43 1 30 53 66 28 1 13 41 52 1 7 13 33 70 22 9 12 16 1 28 12 28 13 23 5 29 52 9 41 65 60 41 27 13 66 22 64 54
split_gain=201.29 42.438 25.4766 10.2131 9.64396 7.61312 7.40167 4.2384 4.0336 3.30949 3.21067 2.85424 2.62222 2.5243 2.53531 3.22231 3.78981 2.5124 2.53994 2.39831 2.32649 4.72975 2.87717 2.29317 2.23774 2.05023 1.9147 2.70935 2.33131 1.92787 1.85547 2.9981 1.56015 1.41203 1.39773 1.39437 1.38301 1.36189 1.31804 1.30858 1.28182 1.27982 1.39319 1.2588 1.24651 1.21127 1.35498 1.1806 1.17902 1.17388 1.5594 1.17058 1.17044 1.82457 1.16144 1.15358 1.12666 1.10104 1.09504 1.07459 1.04789 1.04129 1.3159
threshold=11.408072916666653 19.056510416666654 2.6350603070175453 15.847395833333303 4.6635416666666663 25.300260416666656 8.0130208333333375 996.00829625000017 -1.9283854166666698 6.2890625000000009 0.00017591319444444986 84.853102916666714 5.7059895833333352 0.00081948466823272836 9.2159942073575057e-06 20.902604166666652 -0.00014008333333324997 20.498437500000005 6.2354408518724176 28.735156250000003 4.5000000000000009 1.1203125000000003 3.5359375000000006 15.017968750000003 1003.4600583333352 10.284895833333353 14.188020833333352 -3.0725011323702062e-05 4.8213518070331363 13.879947916666652 14.227604166666652 14.795572916666652 1011.9301083333352 0.00022470798571606732 7.6445312500000009 -6.8916666666692285e-05 9.5669270833333311 7.8562500000000011 12.363704801917207 71.813723416666662 -0.00044904166666664996 22.627083333333307 15.546354166666651 8.8783854166666725 9.5466145833333318 14.795572916666652 17.332031250000004 8.2174479166666661 82.961282666666719 -6.614367816086879e-05 11.928906250000002 0.00032518180103846501 -7.6000000000083135e-05 1017.2519416666652 15.428197854662699 8.9383918563189244 1021.8537125000001 45.304550416666657 6.5351562500000009 5.8871164675114258 60.673866750000009 4.8907665998261249 0.00020723844573703758
decision_type=2 2 2 2 2 2 2 2 2 2 2 2 2 2 2 2 2 2 2 2 2 2 2 2 2 2 2 2 2 2 2 2 2 2 2 2 2 2 2 2 2 2 2 2 2 2 2 2 2 2 2 2 2 2 2 2 2 2 2 2 2 2 2
left_child=2 3 4 24 8 13 20 -5 11 52 19 -1 38 41 15 16 -15 18 30 32 22 -22 34 -16 25 -2 29 43 -29 36 31 51 35 -24 48 57 49 -23 61 -31 60 42 -3 -28 -42 -32 -47 -46 -4 50 -26 -9 53 -8 -33 -19 58 -7 -35 -25 -11 62 -10
right_child=1 5 6 7 -6 10 9 17 12 40 -12 -13 -14 14 23 -17 -18 55 -20 -21 21 37 33 59 26 -27 27 28 -30 39 45 54 -34 56 -36 -37 -38 -39 -40 -41 44 -43 -44 -45 47 46 -48 -49 -50 -51 -52 -53 -54 -55 -56 -57 -58 -59 -60 -61 -62 -63 -64
leaf_value=-0.021321436066267876 -0.012568286430182414 0.017462575377251197 -0.0086761544066411862 0.031305989110435063 -0.050834236712128923 0.014128687811828354 0.0033659800875346876 0.018172913904086974 -0.022684278493145488 -0.015750055403365298 0.048714077014516834 -0.042035988192150792 -0.0014254304047028054 0.023308202676456429 0.02268058714780842 0.019909529350975088 0.050449092409999008 0.0086812837012975336 0.024106465506328226 0.036889857911594014 0.017393938291246355 -0.0094259598190529464 -0.012625167865134729 0.014001310646218066 0.025665052641817981 0.0012985030053519894 -0.0071216871646917722 -0.017263571907711175 -0.0003380413060158011 0.0076413262085120578 0.020282305287963168 -0.0067181926814293413 0.015246854259185112 -0.007658635308769657 -0.032181913444008128 0.036915760939980113 0.0025341341673310318 -0.0028534086207911988 -0.020959431628563178 0.019699597377658459 -0.0059924817214630942 0.0040835197759877245 0.0043119224360129672 0.0046327357795391344 0.0027734390626445731 0.0057813665124075726 0.012392072165073945 -0.0033084477561498241 -0.025162203497495844 0.0032721621077483869 0.0074810099203726403 0.0072792264244507287 -0.00099016563132260302 0.021748543507652249 0.005235897391426568 -0.0060091716305551842 0.0018052219027524991 0.030395856821667518 -0.017912256155742195 0.00040799441834867949 -0.0048956887331905053 -0.0032473363810735958 -0.013960257968876537
leaf_weight=101 41 129 24 24 21 21 38 40 49 41 21 20 35 28 77 82 24 22 34 50 20 274 281 54 20 76 25 32 56 58 38 45 37 263 20 27 268 111 94 37 297 30 24 252 107 99 363 313 20 39 29 65 42 21 37 34 28 21 29 20 49 20 383
leaf_count=101 41 129 24 24 21 21 38 40 49 41 21 20 35 28 77 82 24 22 34 50 20 274 281 54 20 76 25 32 56 58 38 45 37 263 20 27 268 111 94 37 297 30 24 252 107 99 363 313 20 39 29 65 42 21 37 34 28 21 29 20 49 20 383
internal_value=-6.81678e-05 0.0105368 -0.00940905 0.0064634 -0.0174414 0.0214866 -0.00647273 0.010605 -0.016441 -0.0031516 0.0303242 -0.0247527 -0.0147088 0.0181425 0.0210885 0.026102 0.0358517 0.00996457 0.0107569 0.0278425 -0.00929052 -0.00629987 -0.011111 0.0166347 0.00290712 -0.00355718 0.00383463 0.00114063 -0.00649972 0.00601374 0.0100952 0.00584041 0.023567 -0.0100359 -0.0211962 0.0280185 0.00432264 -0.00753244 -0.0155593 0.0123445 -0.00421986 0.0135507 0.0154034 0.00356984 -0.00351267 0.0116853 0.0109767 -0.0017578 -0.0161852 0.00976285 0.014917 0.0114353 0.00537849 0.00991998 -0.0013182 -0.000228475 -0.00776028 0.0222795 -0.00867927 0.0103347 -0.00984721 -0.0144348 -0.0149514
internal_weight=5080 2379 2701 1734 723 645 1978 801 702 908 177 121 581 468 285 134 52 777 721 156 1070 405 665 151 933 117 816 365 88 451 687 187 106 601 64 69 356 385 546 95 807 183 153 277 717 500 462 420 44 88 49 105 101 59 82 56 320 42 292 74 90 452 432
internal_count=5080 2379 2701 1734 723 645 1978 801 702 908 177 121 581 468 285 134 52 777 721 156 1070 405 665 151 933 117 816 365 88 451 687 187 106 601 64 69 356 385 546 95 807 183 153 277 717 500 462 420 44 88 49 105 101 59 82 56 320 42 292 74 90 452 432
is_linear=0
shrinkage=0.05


Tree=67
num_leaves=64
num_cat=0
split_feature=28 1 1 28 28 13 67 28 1 14 16 52 59 54 49 28 4 1 50 52 15 38 1 27 39 66 43 31 60 35 1 14 54 63 13 66 24 68 59 31 56 0 33 10 17 43 4 16 43 9 51 41 42 28 49 43 52 35 5 28 0 56 31
split_gain=181.675 38.3034 23.1331 9.21761 6.87117 6.82987 6.24839 5.11427 4.55938 3.10339 2.94766 2.90551 2.48151 2.27804 2.24174 2.86134 2.82394 2.12657 2.1077 2.22989 2.1036 2.58032 2.655 2.17993 2.06968 2.04964 2.01959 2.15789 2.59129 1.86851 1.85045 1.84482 2.32677 1.84365 2.35835 1.82104 1.7039 1.53783 1.46406 1.44408 1.35399 1.31758 1.22353 1.49931 1.2157 1.09834 1.08499 1.13714 1.37411 1.07619 1.15533 1.2426 1.33287 1.07499 1.07009 1.74834 1.33051 1.23896 1.04439 1.03632 1.10707 1.01394 1.41918
threshold=11.408072916666653 19.056510416666654 3.5085937500000006 15.847395833333303 25.300260416666656 5.2783854166666657 998.42954843211237 8.0130208333333375 0.18411458333333353 6.2890625000000009 -2.5283854166666644 0.0017368665911906341 49.752645232638898 0.00081948466823272836 -0.58429276287313725 4.5432565789473704 4.0166666666685453e-05 28.735156250000003 -0.86092912513210484 0.002590642667894692 7.5283854166666702 1010.3426625000001 21.869270833333356 49.263595333333356 1000.6632625000001 5.8653195963584777 1003.4600583333352 9.2109375000000018 9.8376738684884888 7.887760416666671 10.284895833333353 13.001302083333302 0.0013066919614874088 7.4812500000000002 5.7682291666666705 5.4240554244866397 58.045377708333312 2.5448769895522054 49.752645232638898 4.8838541666666666 5.8354174982313465 -4.2187401666666533 15.913281250000002 -0.00018591666666659999 19.429947916666702 1004.7426083333302 6.8000000000030818e-05 1.2177083333333301 1004.4761041666701 -0.00044904166666664996 8.2256944444468815e-06 1013.9240333333352 1006.3425666666651 10.354687500000002 0.51604327560882746 1007.7645875000002 0.00088315162631711329 5.4036458333333313 0.00015208333333330002 17.332031250000004 5.603835500000006 6.0940802284638611 11.990104166666702
decision_type=2 2 2 2 2 2 2 2 2 2 2 2 2 2 2 2 2 2 2 2 2 2 2 2 2 2 2 2 2 2 2 2 2 2 2 2 2 2 2 2 2 2 2 2 2 2 2 2 2 2 2 2 2 2 2 2 2 2 2 2 2 2 2
left_child=2 3 5 26 13 8 -5 14 10 39 -1 17 -10 44 29 16 -16 36 -8 24 23 -22 -23 -15 -20 42 30 28 -28 -4 -2 54 -33 -17 40 -24 -6 -18 -27 -9 -35 -14 43 -26 -3 -44 47 48 -12 -11 53 52 -52 58 56 -56 -29 -57 -51 -47 -61 62 -46
right_child=1 4 7 6 11 -7 18 9 12 49 46 -13 41 20 15 33 37 -19 19 -21 21 22 35 -25 25 38 27 31 -30 -31 -32 32 -34 34 -36 -37 -38 -39 -40 -41 -42 -43 45 -45 61 59 -48 -49 -50 50 51 -53 -54 -55 55 57 -58 -59 -60 60 -62 -63 -64
leaf_value=-0.038278610177379081 -0.011940025243321351 0.018059885873592439 0.011676085167260809 0.037673145028455805 0.011339904990667383 -0.0406317605880855 -0.00034896006794792148 0.017357291485639526 0.002963061779536957 -0.0092190758214312999 -0.017547847961550785 0.046794144026581372 -0.010338365686345392 0.02078018115708398 -0.004230004977230967 -0.010358380275988208 -0.036352662854907285 0.035045734263615382 -0.0034973059390269005 -0.0037612857892231535 0.016684286150835718 0.020536663019461502 0.047413357051237406 -0.0022612043326419927 0.0018985886077238048 0.028965016718550188 0.00088881371022121953 0.0050655079636807918 0.02106787740773557 -0.0048301748478813793 0.001233586394572034 0.0020150016226877379 -0.01021367753797468 -0.0031775963111958247 -0.011257941783658533 0.028083291668439054 0.026096518263643856 -0.017560944749914216 0.013829209441987442 0.0023275820802893259 0.010147435511413731 -0.015133855186900677 0.019660105826311683 0.01111767794524425 0.023144151566937887 0.0062862841214025205 -0.0098305057007334155 -0.017862294439035763 -0.034928618693590062 -0.0065106394830983828 0.00058632425509523036 -0.004207407549792778 0.01653343026802433 -0.0011004829969863221 -0.011961047955704469 -0.0037771575577427129 0.016413561906964812 0.0058525423444854494 0.0014689945566033352 0.015161517592048403 0.0090048505404023184 0.00051226482169236401 0.0084825321099679333
leaf_weight=20 41 70 21 20 26 26 52 20 26 88 22 20 279 21 21 436 21 50 25 28 123 69 20 20 85 25 28 340 37 93 76 146 53 142 96 32 81 23 45 80 22 297 39 92 22 95 33 196 24 370 35 51 21 192 22 47 28 115 46 158 137 24 67
leaf_count=20 41 70 21 20 26 26 52 20 26 88 22 20 279 21 21 436 21 50 25 28 123 69 20 20 85 25 28 340 37 93 76 146 53 142 96 32 81 23 45 80 22 297 39 92 22 95 33 196 24 370 35 51 21 192 22 47 28 115 46 158 137 24 67
internal_value=-6.46838e-05 0.0100103 -0.00893879 0.00614042 0.020413 -0.0153614 0.010075 -0.00560433 -0.0146279 -0.00296371 -0.0197231 0.0288092 -0.0121299 0.0172359 -0.00832882 -0.00930849 -0.0193465 0.0265121 0.00936718 0.0100609 0.0200347 0.0217973 0.0269889 0.00953048 0.0106138 0.0111364 0.00276186 0.00364302 0.0123845 -0.0017844 -0.00337916 0.00288561 -0.00123972 -0.00837005 -0.00503358 0.0355352 0.0225169 -0.0265473 0.0192454 0.00533996 -0.00138653 -0.0128121 0.0101986 0.00669361 0.0128736 0.0116434 -0.0183705 -0.0195325 -0.0266326 -0.00399847 -0.00335512 0.00143234 0.0065773 -0.00419848 0.00437373 0.00125686 0.00593073 0.00305559 -0.00562706 0.0108399 0.0123044 0.00965505 0.0121146
internal_weight=5080 2379 2701 1734 645 923 801 1778 897 903 295 177 602 468 875 761 65 157 781 729 285 244 121 41 701 676 933 816 65 114 117 751 199 696 260 52 107 44 70 100 164 576 606 177 183 429 275 242 46 803 715 107 56 608 552 184 368 162 416 390 295 113 89
internal_count=5080 2379 2701 1734 645 923 801 1778 897 903 295 177 602 468 875 761 65 157 781 729 285 244 121 41 701 676 933 816 65 114 117 751 199 696 260 52 107 44 70 100 164 576 606 177 183 429 275 242 46 803 715 107 56 608 552 184 368 162 416 390 295 113 89
is_linear=0
shrinkage=0.05


Tree=68
num_leaves=64
num_cat=0
split_feature=28 28 1 1 28 13 63 33 43 2 25 52 62 14 34 22 1 0 65 66 9 28 13 19 50 56 27 16 1 2 59 64 66 22 33 66 1 35 51 66 31 17 52 4 0 70 8 69 13 61 20 64 30 60 42 35 1 13 41 43 7 0 13
split_gain=164.415 31.1123 23.2536 8.27997 5.77813 5.63874 4.65084 4.27161 4.10337 3.60617 2.97183 2.83072 2.71855 2.70459 3.82137 2.47488 2.45509 2.32761 2.59568 2.16386 2.09861 2.03795 2.83231 2.0204 2.01504 1.9803 3.27941 1.98997 1.87064 1.82931 1.72682 1.67365 1.67345 2.01901 1.87329 1.62265 1.61031 1.50614 1.48353 1.38597 1.42546 1.99049 1.38114 1.3565 1.34268 1.33917 1.28923 1.28269 1.25558 1.25486 1.37146 1.24371 1.21302 1.78576 1.19594 1.18945 1.15274 1.13942 1.11063 1.05834 1.04704 1.03958 1.71618
threshold=13.879947916666652 5.8763020833333366 20.492708333333351 7.5541666666666663 17.455468750000005 9.2927083333333371 1.9367513020833336 24.124739583333355 1008.3178541666651 72.476358125000004 86.545702916666713 0.0024839926514785247 16.239260448522892 11.17864583333335 18.070312500000004 77.194690833333354 1.9557291666666652 10.389522250000001 20.193384011925264 2.164970980237082 -0.00023033333333324996 10.618229166666703 10.573697916666651 15.559635416666653 -0.38168922026665864 7.6251261074941512 46.108056208333359 7.9815104166666666 24.417187500000001 59.36575845833331 48.218102215277789 6.2015494049064319 4.3855376323264901 59.557169750000007 9.2057291666666661 3.8220098876843642 10.455208333333351 11.89609375 0.00033323243632015832 5.8506189401002144 20.425520833333305 19.429947916666702 0.00081874726792148089 -0.0008459166666665999 16.820440208333356 3.7229118373539003 -4.966666666662194e-05 1005.0676711330901 3.0825520833333306 61.599091531001989 67.502284416666669 5.3548615778222617 14.277864583333303 9.8376738684884888 1008.304611864405 12.340364583333303 14.944531250000002 3.1424479166666655 1013.0193 999.83260250000012 -6.614367816086879e-05 -2.0177338333333243 8.2739583333333364
decision_type=2 2 2 2 2 2 2 2 2 2 2 2 2 2 2 2 2 2 2 2 2 2 2 2 2 2 2 2 2 2 2 2 2 2 2 2 2 2 2 2 2 2 2 2 2 2 2 2 2 2 2 2 2 2 2 2 2 2 2 2 2 2 2
left_child=1 6 4 5 13 32 10 25 -9 11 15 17 21 14 23 -1 57 31 20 46 51 43 30 -2 58 27 -27 -4 42 44 -23 -6 33 -3 -35 -20 55 -21 49 40 41 52 54 -5 -10 -34 -18 -17 -39 50 -32 -19 53 -38 -29 -15 61 -8 -24 -26 -30 62 -45
right_child=2 3 7 12 9 -7 16 8 29 -11 -12 -13 -14 36 -16 47 19 18 35 37 -22 22 24 -25 59 26 -28 28 60 -31 38 -33 45 34 -36 -37 39 48 -40 -41 -42 -43 -44 56 -46 -47 -48 -49 -50 -51 -52 -53 -54 -55 -56 -57 -58 -59 -60 -61 -62 -63 -64
leaf_value=-0.034626362160351774 -0.00076578528443408452 -0.015731217576671067 0.0079028513372255919 0.0095014475988571354 0.014179256889571494 -0.026310672291565952 -0.01442822047615889 0.045350051192034668 0.02827270491336192 0.032321346518909402 -0.039581408898631432 -0.0027729371385153204 0.017973723313931763 0.0054976396556796585 0.033151850737687172 -0.0043776581095050322 0.0094502741513752403 0.0029006549325013837 0.0053103868958869031 -0.012062688308035786 0.009347131756107116 0.018325640113353133 -0.004966566953583453 0.018775654816170301 -0.01110242026051713 0.022261375959772886 -0.0045230814915259146 0.0051719769803749913 0.023165405336153678 0.012538153149289655 0.0047492015761164408 0.028003203096035024 -0.011244703377874936 -0.0079799571625955388 -0.0021496995745208069 0.016788138538229226 0.0071770605128755093 0.0013166368656701592 -0.0080349326480603448 0.017745414400727678 -0.0028327057616652196 -0.0088512803463897515 0.024071203213465436 0.003477791789907602 0.015790218254927258 -0.00029071755842709874 -0.0063776152089736809 -0.018399534563707621 -0.013952480027194264 0.0028090587677447737 0.021570354759104845 -0.011439679994667577 0.005075188580838436 0.023969300128841117 0.018571367536998829 -0.010032608251703304 -0.015535347990650704 -0.025460866552407813 -0.018791981426025572 0.00068505434736179194 0.038157582600760152 -0.0059427153838942613 -0.0053740904200304763
leaf_weight=21 31 61 33 20 261 35 402 26 133 21 20 34 20 20 20 20 20 44 42 455 103 20 35 23 21 21 25 27 27 29 31 24 33 455 198 117 57 41 27 21 57 23 55 111 26 181 36 91 20 273 20 23 400 22 44 32 20 25 25 203 21 190 108
leaf_count=21 31 61 33 20 261 35 402 26 133 21 20 34 20 20 20 20 20 44 42 455 103 20 35 23 21 21 25 27 27 29 31 24 33 455 198 117 57 41 27 21 57 23 55 111 26 181 36 91 20 273 20 23 400 22 44 32 20 25 25 203 21 190 108
internal_value=-6.13738e-05 -0.00684593 0.0118647 -0.00320581 0.00859 -0.00660827 -0.0134457 0.021505 0.0267092 0.0119203 -0.0215983 0.0112579 -0.000290239 0.00543341 0.0144798 -0.018867 -0.0122045 0.0120357 0.00916613 -0.01006 0.00486606 -0.000621721 0.00115634 0.0075501 -0.00260046 0.0171002 0.00769592 0.0191872 0.0213239 0.0241263 0.0040335 0.0153461 -0.00586437 -0.00702705 -0.00621296 0.0137599 0.00437317 -0.0110731 0.00321721 0.00512927 0.00465411 0.00550524 0.0181111 -0.00321663 0.0262358 -0.00198267 -0.000715193 -0.0158782 -0.0036829 0.00415665 0.0113585 -0.00201566 0.00619581 0.0118622 0.0134843 -0.00404991 -0.00381092 -0.0150759 -0.0107377 -0.000418236 0.0297415 -0.00323601 -0.000885283
internal_weight=5080 3238 1842 2087 1375 963 1151 467 214 669 152 648 1124 706 74 132 999 614 329 572 170 1104 655 54 284 253 46 207 174 188 371 285 928 714 653 159 632 516 351 580 559 502 126 449 159 214 56 111 61 324 51 67 479 79 71 52 429 427 60 224 48 409 219
internal_count=5080 3238 1842 2087 1375 963 1151 467 214 669 152 648 1124 706 74 132 999 614 329 572 170 1104 655 54 284 253 46 207 174 188 371 285 928 714 653 159 632 516 351 580 559 502 126 449 159 214 56 111 61 324 51 67 479 79 71 52 429 427 60 224 48 409 219
is_linear=0
shrinkage=0.05


Tree=69
num_leaves=64
num_cat=0
split_feature=12 33 29 12 29 34 63 43 9 31 25 29 30 43 22 0 14 26 15 64 5 62 29 4 35 36 34 5 11 2 27 0 29 25 8 51 51 48 60 4 64 59 68 0 56 4 15 29 14 50 19 56 32 29 12 54 56 43 69 19 69 43 52
split_gain=138.035 26.066 17.5975 6.32626 5.51913 5.39836 5.1561 3.32035 3.19369 2.88093 2.65129 2.53141 2.69979 2.45424 2.33761 2.05155 2.01033 1.98413 2.04686 3.08896 1.91769 2.08796 1.88963 1.82799 1.80747 2.85292 1.79901 1.57772 1.56 1.48634 1.44602 1.41447 1.39744 1.3568 1.68758 1.34481 1.3119 1.37337 1.41677 1.25054 1.24869 1.23684 1.24658 1.21885 1.20864 1.20264 1.19317 1.18446 1.18012 2.47549 1.16306 1.18875 1.15843 1.12083 1.10146 1.89442 1.09861 1.09731 1.09208 1.03374 1.12931 1.01944 1.02781
threshold=9.9687500000000018 20.725520833333352 6.0854166666666716 23.504166666666702 17.332031250000004 19.195312500000004 1.9367513020833336 1019.9087500000002 -0.0018661666666666499 2.6333333333333355 86.545702916666713 10.618229166666703 11.001822916666653 1007.8572125000002 76.124886958333306 -4.908849666666649 10.294531250000002 79.822935833333361 17.211718750000003 5.026570693372153 8.8750000000044915e-05 14.097810692257907 16.363541666666652 0.00022404166666665002 20.980468750000004 1009.9665125000001 9.5661458333333371 -0.00025270833333324993 -0.00088808333333329989 66.427241750000022 54.989815666666658 10.389522250000001 3.9044270833333306 62.080146416666658 -0.00091249999999989983 -3.8119181713739269e-05 0.00061936979166666043 -0.12940952255126037 7.9425066301935354 -0.00018466666666664997 5.6266961744788988 51.805335407986121 1.4142432570472963 5.603835500000006 5.906276786579415 -0.00012379166666659998 18.804687500000004 13.603906250000001 11.835416666666701 -0.37370587188196386 14.310677083333351 4.6437944449090951 11.916927083333352 25.309375000000006 12.458333333333302 0.00076258401338535886 2.3206006519794031 1014.293629166665 1005.0676711330901 20.174218750000005 1012.3183973958334 1006.9026375000002 0.00039347030615704637
decision_type=2 2 2 2 2 2 2 2 2 2 2 2 2 2 2 2 2 2 2 2 2 2 2 2 2 2 2 2 2 2 2 2 2 2 2 2 2 2 2 2 2 2 2 2 2 2 2 2 2 2 2 2 2 2 2 2 2 2 2 2 2 2 2
left_child=2 4 6 7 8 11 10 22 -2 -10 14 12 26 -5 -1 39 -13 18 19 41 21 32 -3 -22 33 -26 40 46 -24 30 -21 -28 44 34 -17 -25 37 -36 -39 -6 61 42 -11 -18 -8 -34 -15 50 49 -49 51 -43 -52 56 55 -50 -30 -51 -16 -29 -61 62 -4
right_child=1 3 5 13 15 -7 20 -9 9 17 -12 16 -14 27 58 24 43 -19 -20 29 23 -23 28 35 25 -27 31 59 53 -31 -32 -33 45 -35 36 -37 -38 38 -40 -41 -42 47 -44 -45 -46 -47 -48 48 54 57 52 -53 -54 -55 -56 -57 -58 -59 -60 60 -62 -63 -64
leaf_value=-0.033392940777247998 0.020105074959113983 0.0022298816789610956 -0.0064284859065507046 0.040559395981296043 0.013201113031273224 0.020000897240183474 -0.013826873953505998 0.031629841654679261 -0.011250093797325042 0.019090734464893934 -0.037603327130776888 0.0016224893479286743 -0.01883715057201529 0.021724652765280628 -0.0048734558922531659 -0.0080330536036884604 -0.003014270086218285 -0.0041353950578603103 -0.0019626513307287982 0.021749982928139518 -0.009060194798575217 0.003327187477081662 0.025616783097799318 0.01115190307992675 0.0058792987940939397 0.021348772203005986 -0.0010617515168647683 0.026910671397440286 0.0057553147415901063 0.02617607993864525 0.0055690816053518546 -0.010020341145170832 -0.015025505632686507 0.011682410801167144 0.0086278380859090877 -0.0056361758964217175 0.015698544785228859 0.0070343653541274937 -0.0046050466410183866 0.028385059696501177 0.0054958945780776191 0.0017565334926627795 0.0038686785060100012 -0.014226375031264452 -0.024698234778941633 -0.0091695668033748411 0.037593727529325556 0.024125485054866218 0.002923584507342189 0.0098420219207934236 -0.010015386970230966 0.014156981923874266 0.0016701871251212385 0.002624869962562457 0.0057146933090500805 -0.014214492579275135 0.01520699302392416 -0.0044276614550097116 -0.017547977626778784 0.022119502576767886 0.010645047247153041 -0.0085955362225308193 -8.6056892586454134e-05
leaf_weight=21 29 36 259 23 39 23 313 26 33 27 20 260 37 21 21 22 85 74 113 20 161 22 28 22 56 64 325 40 35 20 45 51 115 116 122 26 33 49 56 21 21 160 27 34 28 375 28 24 83 41 40 22 45 23 257 20 265 20 92 50 38 393 85
leaf_count=21 29 36 259 23 39 23 313 26 33 27 20 260 37 21 21 22 85 74 113 20 161 22 28 22 56 64 325 40 35 20 45 51 115 116 122 26 33 49 56 21 21 160 27 34 28 375 28 24 83 41 40 22 45 23 257 20 265 20 92 50 38 393 85
internal_value=-5.82502e-05 0.0090354 -0.00752834 0.0178596 0.00581139 -0.00403583 -0.0120457 0.0143215 0.00373197 0.00328798 -0.0205994 -0.00439295 -0.00554257 0.0251623 -0.0180551 0.00976777 -0.000839605 0.00375075 0.00435668 0.00519639 -0.0108047 -0.0118572 0.0131566 -0.00650651 0.0087518 0.0141349 -0.00510819 0.0231566 0.0142757 0.0142414 0.0105581 -0.00227844 -0.0122598 0.00712717 0.00525127 0.00204867 0.00637751 0.00501964 0.00082207 0.0185277 -0.00651116 0.00419187 0.0114911 -0.00622286 -0.0147217 -0.0105452 0.0308087 0.00363742 0.00521733 0.0105197 0.00100228 0.00325893 -0.00382356 0.0132903 0.00396375 -0.0004004 0.0141062 0.00515528 -0.0151976 0.0202212 0.0171721 -0.00685403 -0.00486282
internal_weight=5080 2291 2789 613 1678 1573 1216 413 1100 1071 154 1550 1171 200 134 578 379 1038 964 851 1062 853 387 209 518 120 1134 177 351 85 65 376 831 398 282 48 260 227 105 60 758 766 54 119 341 490 49 712 445 85 267 182 85 323 360 103 300 61 113 128 88 737 344
internal_count=5080 2291 2789 613 1678 1573 1216 413 1100 1071 154 1550 1171 200 134 578 379 1038 964 851 1062 853 387 209 518 120 1134 177 351 85 65 376 831 398 282 48 260 227 105 60 758 766 54 119 341 490 49 712 445 85 267 182 85 323 360 103 300 61 113 128 88 737 344
is_linear=0
shrinkage=0.05


Tree=70
num_leaves=64
num_cat=0
split_feature=29 33 29 33 12 30 44 37 25 61 26 59 29 6 8 66 50 50 51 66 12 22 48 66 61 64 18 48 12 58 46 56 41 26 16 4 48 29 29 56 34 47 32 58 60 69 60 65 55 2 27 21 21 10 42 29 68 65 32 64 60 33 13
split_gain=126.159 22.5507 20.6352 5.16878 4.8532 4.50404 4.05542 4.22444 3.59674 3.467 9.00384 3.06022 2.87669 2.49967 2.40849 2.21565 2.19593 2.18934 2.18527 2.00548 1.90966 2.12565 1.88732 1.88621 1.80751 1.7754 1.98974 1.62942 2.32893 2.36877 2.54976 2.12951 1.6156 1.60033 1.87335 1.52753 1.50371 1.50281 1.43157 1.42626 2.38553 1.41267 1.37658 1.30934 1.44866 1.29071 1.34577 1.28903 1.28798 1.25951 1.24793 1.18141 1.17758 1.13851 1.12267 1.1988 1.07829 1.05478 1.05387 1.04665 1.15258 0.979092 0.973558
threshold=12.930989583333302 20.308333333333305 7.4151041666666657 29.591666666666651 15.373958333333352 3.2002604166666706 15.500000000000002 987.21813375000011 46.729386833333358 51.081186786586628 54.706701916666653 44.178372479166669 16.363541666666652 0.00084483333333325013 -0.0012618749999999499 5.6666284948297596 0.80898702767051955 0.998148560797531 -0.00011122222222220844 5.5857046759785653 24.004427083333354 57.821390833333304 -0.37940952255126015 2.164970980237082 62.823126168650795 4.7495427159346582 14.953385416666702 -0.78656609248549325 9.9687500000000018 6.6675146988936964 7.5000000000000009 2.7522773749118001 1013.8226583333351 85.155806458333359 0.93229166666666707 -0.00029249999999994997 -0.70710678118654757 17.877343750000005 21.575260416666655 6.2987647144577226 16.153645833333304 0.60355339059327384 12.069791666666651 4.1341284624037966 7.055979884391216 1018.9846511211632 5.7812751941855511 15.908868117559527 15.393500434027777 71.251764750000021 57.995799666666706 62.293525708333355 76.129466416666659 0.00015945833333330003 1014.3155625000001 16.686197916666703 2.3880021141770471 8.480334256098276 12.905729166666651 5.3548615778222617 11.89017182037213 9.0463541666666671 22.441406250000004
decision_type=2 2 2 2 2 2 2 2 2 2 2 2 2 2 2 2 2 2 2 2 2 2 2 2 2 2 2 2 2 2 2 2 2 2 2 2 2 2 2 2 2 2 2 2 2 2 2 2 2 2 2 2 2 2 2 2 2 2 2 2 2 2 2
left_child=2 4 5 9 13 16 18 -8 -5 10 32 -7 -11 27 -6 24 36 22 25 39 21 42 23 -13 43 26 -4 31 47 30 51 -2 48 52 -35 -9 -1 -15 -26 40 -20 -42 -14 44 -16 46 57 -29 -3 -21 -31 -30 -18 -22 55 -32 -44 -25 -17 60 -24 -38 -45
right_child=1 3 6 8 14 11 7 35 -10 12 -12 17 20 37 15 58 33 -19 19 49 53 -23 59 45 38 -27 -28 28 29 50 54 -33 -34 34 -36 -37 61 -39 -40 -41 41 -43 56 62 -46 -47 -48 -49 -50 -51 -52 -53 -54 -55 -56 -57 -58 -59 -60 -61 -62 -63 -64
leaf_value=-0.00068300000366588131 0.0061372000851729882 0.0066537915953769934 0.004982504174853214 0.045905949641279767 -0.0074659179153292263 0.007925852540582529 -0.025898159322131877 -0.0092040019964288247 0.020540458169606916 -0.00021044845266921525 0.053498168032744833 0.0063166812388893616 0.020423025638795923 -0.013295679397484515 0.0063435286593576451 0.028629631276948571 -0.025289294498040606 -0.025500087001766342 -0.0022177658331690307 0.0022344736623087476 0.016622987400998365 0.016671099409112464 -0.010024032122135778 -0.0081791782613869594 0.011951580327614718 0.018640073166526241 -0.011132554984941883 -4.4703136692566868e-05 -0.0094060243164814164 0.0084949730960320168 0.0049093566260466417 0.025207736569692732 0.026466692748611572 -0.037133858358218856 -0.017157214069556236 -0.0028876993015161767 -0.014070311124162363 0.0039587572696844469 0.026555260091737056 -0.0084236828280584552 0.0017695284596026565 0.019620678976721789 0.0088887672367044361 0.0094592792275568927 -0.010521260914818637 -0.012411975484632111 0.0028214024319844211 -0.013352458496563902 0.018349114682593256 0.01755504083225335 0.024659965416674375 0.002513795392988656 -0.014217561853342621 0.028487165121077369 0.0013921055139487445 0.011942827811746527 -0.0023325345043049076 0.003978169065570158 0.014152416030351762 0.0011588567964684242 -0.020200175662023864 -0.0027042535974431286 -0.00064021294699499851
leaf_weight=32 55 35 147 25 20 27 25 137 32 35 20 30 20 34 35 21 28 20 598 41 51 168 755 161 107 20 22 56 49 30 234 20 39 21 27 319 142 20 20 81 25 20 90 278 20 77 45 27 73 20 20 36 176 34 143 82 28 20 32 20 29 22 26
leaf_count=32 55 35 147 25 20 27 25 137 32 35 20 30 20 34 35 21 28 20 598 41 51 168 755 161 107 20 22 56 49 30 234 20 39 21 27 319 142 20 20 81 25 20 90 278 20 77 45 27 73 20 20 36 176 34 143 82 28 20 32 20 29 22 26
internal_value=-0.00010671 0.00962487 -0.00645905 0.0172904 0.00597415 -0.010319 -0.00212912 -0.00588545 0.0316805 0.0159058 0.0220171 -0.00870209 0.0135085 0.00349023 0.00955461 0.0101872 -0.014591 -0.00909062 -0.000273542 -0.00143612 0.0147377 0.0128911 -0.00880131 -0.00563232 0.00912633 0.00455234 0.00288119 0.00423682 0.00346097 0.00455761 0.00359899 0.011232 0.0177273 -0.0176814 -0.0259133 -0.00478662 -0.0106143 -0.00689634 0.0142572 -0.00217025 -0.0013816 0.00971708 0.00828497 0.00730949 0.000200991 -0.0068172 -0.00490834 -0.00438084 0.0145646 0.00726786 0.0149746 -0.00435205 -0.0157408 0.0213773 0.00507256 0.0067364 0.00622188 -0.00683292 0.0199024 -0.0101131 -0.0104013 -0.0125489 0.00859387
internal_weight=5102 2015 3087 650 1365 1632 1455 481 57 593 167 1184 426 806 559 539 448 1157 974 785 391 306 1137 333 486 189 169 752 677 594 544 75 147 252 48 456 196 54 127 724 643 45 138 359 55 303 226 83 108 61 50 85 204 85 459 316 118 181 53 804 784 164 304
internal_count=5102 2015 3087 650 1365 1632 1455 481 57 593 167 1184 426 806 559 539 448 1157 974 785 391 306 1137 333 486 189 169 752 677 594 544 75 147 252 48 456 196 54 127 724 643 45 138 359 55 303 226 83 108 61 50 85 204 85 459 316 118 181 53 804 784 164 304
is_linear=0
shrinkage=0.05


Tree=71
num_leaves=64
num_cat=0
split_feature=28 1 1 1 12 57 1 48 0 70 1 7 30 12 33 13 34 0 61 61 36 1 28 54 30 61 50 12 41 64 1 13 27 13 2 4 19 0 70 0 12 52 4 35 54 13 13 52 40 28 58 41 7 39 30 27 54 53 30 57 13 39 26
split_gain=127.628 27.7811 15.416 6.61497 6.24678 4.48344 4.22824 4.04908 3.81611 3.18067 2.64463 3.24292 3.48297 2.83668 2.34918 2.25421 2.11882 2.56757 1.99943 3.0538 2.2081 1.98435 1.97365 1.79102 1.78978 1.70856 1.87074 1.64577 1.64525 1.63364 1.62146 2.12829 1.60664 2.16082 1.60244 1.54908 1.48534 1.47567 1.40272 1.42712 1.36874 1.34777 1.32497 1.29334 1.21567 1.20062 1.18004 1.2505 1.16925 1.20981 1.46142 1.13679 1.30306 1.12594 1.39572 1.70913 1.08582 1.00327 0.976689 0.975513 0.954942 0.949529 0.940488
threshold=11.237500000000002 19.056510416666654 4.3195312500000007 12.350260416666652 5.0351562500000009 19.154393171116507 0.18411458333333353 -0.70710678118654757 16.582849041666652 11.347840818037769 6.6835937500000009 -0.00067308333333329997 3.5359375000000006 5.6364583333333309 8.4127604166666661 8.5161458333333382 22.924218750000005 7.1313039583333415 51.300024703813143 51.699408240772108 1016.0366083333352 -4.7526041666666643 15.090885416666652 0.0017663774692125898 16.553906250000001 68.685546917426024 0.1500498401600889 19.812500000000004 1020.3865208333351 5.4845454930087385 9.4992187500000025 11.244270833333301 45.815069125000001 14.585416666666651 86.44427829166672 -0.0002402916666666 14.635416666666652 -1.0127832916666646 17.998691401468722 -4.2187401666666533 12.544791666666653 0.00049421849959086059 -0.00027291666666664994 11.833333333333352 0.00021098218184294093 6.1750000000000007 8.4250000000000025 0.00018614530925056591 1024.3365875000002 9.1401041666666725 5.7942858367770986 1014.3945416666651 -3.9958333333286245e-05 1018.4642333333351 16.775520833333303 54.502139416666658 0.00075737513375784672 -7.1074900793640205e-05 4.7268229166666709 13.207748945932542 15.373958333333352 1010.9667250000001 59.344666750000009
decision_type=2 2 2 2 2 2 2 2 2 2 2 2 2 2 2 2 2 2 2 2 2 2 2 2 2 2 2 2 2 2 2 2 2 2 2 2 2 2 2 2 2 2 2 2 2 2 2 2 2 2 2 2 2 2 2 2 2 2 2 2 2 2 2
left_child=2 3 4 16 6 23 21 8 42 18 46 15 14 -14 -13 -12 17 32 20 -20 36 -1 25 24 28 40 -27 59 41 38 -19 -32 -2 53 37 -23 60 45 39 44 -21 -3 -7 -26 -8 -15 47 58 49 50 -49 52 -9 54 55 -34 -42 -57 -4 -24 -5 -44 -55
right_child=1 5 10 9 -6 7 29 51 -10 -11 11 12 13 34 -16 -17 -18 30 19 22 -22 35 27 -25 43 26 -28 -29 -30 -31 31 -33 33 -35 -36 -37 -38 -39 -40 -41 56 -43 61 -45 -46 -47 -48 48 -50 -51 -52 -53 -54 62 -56 57 -58 -59 -60 -61 -62 -63 -64
leaf_value=-0.031885076355540949 0.013729211346670534 0.0085550975233765116 -0.017592803670811129 0.012062356437555282 -0.039728958878679194 0.033232578859881332 -0.016757496713751728 0.011472686523481594 0.045203189313987702 0.0264450748052883 0.023262380765586243 -0.028450587934821588 0.01527940013290623 0.0068183040032934392 -0.0050365697207733432 -0.00044967343128737305 0.01750625513981784 -0.017227537638917791 -0.0091656905564400544 0.013304807152831864 0.027382629229263822 -0.027184508552847115 0.010846626420125148 0.02220902301369718 0.026568757477741706 -0.017684879019876931 0.0023204536017453412 -0.0056887307783667672 0.016886264065357103 0.0019642572010803412 0.011705038288359074 -0.0058761132097052294 -0.01025929436194109 -0.014280360559190528 0.01102589008839115 -0.014333609733176184 0.014386989685036431 -0.006205056169086255 -0.02091113702310278 -0.011781411855702159 -0.0028530249749327665 -0.0058342599245452837 0.026631333405288799 0.01352646000612513 -0.0065439296931282869 -0.0023512371795808896 -0.017109152356356738 -0.0055426775006767529 0.0061866254039254316 0.0043205644864741785 -0.018217381642590659 0.028548321622362857 0.021300286523422945 -0.011049258278418577 0.011588690538664561 0.0062301771980665483 0.0091297973687824146 0.0011308215299660638 -0.0080326875061335727 0.0068378734257480136 -0.00060090682803782343 0.011815265927429637 0.0010961442110618096
leaf_weight=20 30 37 35 24 20 24 32 78 30 22 20 22 22 39 21 20 20 23 31 36 21 26 263 54 21 20 28 21 27 29 21 95 25 20 20 250 84 275 29 394 51 29 20 211 334 418 26 446 22 29 24 20 60 26 46 163 30 237 115 362 39 24 41
leaf_count=20 30 37 35 24 20 24 32 78 30 22 20 22 22 39 21 20 20 23 31 36 21 26 263 54 21 20 28 21 27 29 21 95 25 20 20 250 84 275 29 394 51 29 20 211 334 418 26 446 22 29 24 20 60 26 46 163 30 237 115 362 39 24 41
internal_value=-0.000101298 0.00824344 -0.00759561 0.00503838 -0.0120285 0.0172216 -0.0115303 0.022337 0.0303289 0.00763246 -0.00436044 -0.00249929 -0.00318038 -0.00241003 -0.0170313 0.0113967 0.00145388 0.00101135 0.00722193 0.00622686 0.0122054 -0.0166536 0.00681596 0.0137646 0.0123593 0.00193128 -0.00600663 0.00806277 0.00648823 -0.00967566 -0.00509871 -0.00268827 0.00245665 0.00184946 -0.0029284 -0.015547 0.0100322 -0.00331049 -0.0101041 -0.00969085 0.00519236 0.002225 0.0237537 0.0147103 -0.00743872 -0.00156749 -0.00664805 -0.0062417 -0.00508144 -0.00557935 -0.00619133 0.0173753 0.0157504 0.00245027 0.00331353 0.00241644 0.00157946 0.00321016 -0.0102677 0.0085257 0.00421641 0.0185657 -0.00361048
internal_weight=5102 2414 2688 1779 1134 635 1114 256 98 1032 1554 857 817 774 43 40 747 727 1010 842 168 296 811 379 325 165 48 646 93 818 139 116 588 558 752 276 147 732 789 760 117 66 68 232 366 457 697 671 521 499 470 158 138 538 471 425 81 400 150 625 63 44 67
internal_count=5102 2414 2688 1779 1134 635 1114 256 98 1032 1554 857 817 774 43 40 747 727 1010 842 168 296 811 379 325 165 48 646 93 818 139 116 588 558 752 276 147 732 789 760 117 66 68 232 366 457 697 671 521 499 470 158 138 538 471 425 81 400 150 625 63 44 67
is_linear=0
shrinkage=0.05


Tree=72
num_leaves=64
num_cat=0
split_feature=28 1 1 14 1 1 57 48 0 7 30 12 12 1 12 63 13 0 31 14 28 13 49 54 30 0 12 58 70 9 9 55 31 26 60 44 2 56 32 0 14 51 1 13 4 46 31 43 49 1 10 4 11 26 0 49 4 0 50 70 17 31 13
split_gain=115.19 25.0744 14.1636 6.34197 6.0355 4.97556 4.0466 3.65437 3.44329 2.92665 3.14379 2.56024 2.53992 2.43607 2.18534 2.07363 2.03475 1.99406 1.99113 1.76711 1.88279 1.9151 1.69709 1.61612 1.61508 1.58132 1.7497 1.56959 1.55865 2.00076 1.53464 1.5298 1.52446 1.51324 2.28998 1.46888 1.44632 1.40217 1.37372 1.34409 1.343 1.31238 1.23899 2.47612 1.19528 1.15446 1.4154 1.12214 1.09259 1.07644 1.06684 1.35228 1.05167 1.12894 1.02774 1.02159 1.13541 0.992249 0.963252 0.95453 1.10239 0.951522 0.913333
threshold=11.237500000000002 19.056510416666654 1.9557291666666652 5.9450520833333362 13.555468750000001 6.6835937500000009 19.154393171116507 -0.70710678118654757 16.582849041666652 -0.00067308333333329997 3.5359375000000006 5.6364583333333309 14.795572916666652 -4.7526041666666643 19.463541666666654 23.858672463512239 8.5161458333333382 8.7472178333333428 23.290625000000002 9.4317708333333368 6.6132812500000009 5.3739583333333352 -0.99839843822521279 0.0017663774692125898 16.553906250000001 10.730082541666652 13.101302083333351 7.333272970301457 13.732222521756876 -0.00024229166666659999 -1.3083333333341149e-05 16.105457899305559 11.713020833333351 70.895917875000023 13.63563448878558 3.5000000000000004 86.44427829166672 6.0940802284638611 -0.40651041666666649 -0.40203179166666497 11.255729166666702 -9.3444444444429415e-05 11.570572916666652 13.790885416666702 -0.00027291666666664994 4.5000000000000009 1.2453125 1013.8935500000001 -0.58429276287313725 10.905989583333303 2.8874999999987553e-05 5.295833333332711e-05 6.0958333333260653e-05 62.853362333333308 -10.966172249999998 0.92591620288614507 -0.00026279166666664996 4.4896899583333409 -0.33346877891818688 4.5103578187918085 9.1098958333333364 16.378906250000004 18.698437500000001
decision_type=2 2 2 2 2 2 2 2 2 2 2 2 2 2 2 2 2 2 2 2 2 2 2 2 2 2 2 2 2 2 2 2 2 2 2 2 2 2 2 2 2 2 2 2 2 2 2 2 2 2 2 2 2 2 2 2 2 2 2 2 2 2 2
left_child=2 4 3 13 12 19 23 8 44 16 30 -12 17 -1 15 25 -7 18 22 20 38 -22 -2 24 31 33 -27 54 42 -30 -11 37 -28 34 41 -17 39 -3 -4 48 -19 -6 43 59 -8 -40 -47 -16 -13 -42 51 -9 55 -54 -15 -50 -57 -26 -44 -24 61 -61 -43
right_child=1 6 5 -5 14 9 7 50 -10 10 11 36 -14 27 47 35 -18 40 -20 -21 21 -23 28 -25 57 26 32 -29 29 -31 -32 -33 -34 -35 -36 -37 -38 -39 45 -41 49 62 58 -45 -46 46 -48 -49 52 -51 -52 -53 53 -55 -56 56 -58 -59 -60 60 -62 -63 -64
leaf_value=-0.030291619063585414 0.016826139955016792 0.016359373613773279 -0.020321334549991951 -0.041800851852580458 0.013429109911901764 0.022099842691513851 0.031571642137204342 0.016869117007147546 0.042943782906672709 -0.007337276543652892 0.014515777436617775 0.0023487914990638643 -0.014352656520744451 -0.022101680776032955 -0.0088574436513500221 0.0077851934096944842 -0.00042720099688618854 0.0095069871026377747 0.01751559034246104 -0.01911849030628392 0.0028861996919720048 -0.0059013241052396038 0.0048748348282761471 0.021098777474833793 0.018718008107273931 0.019561681409051332 -0.0090422078743688707 -0.00024848256546144531 0.0002846544728644432 0.020793872225781856 -0.026316891155247091 -0.0060701381892658427 0.0052304810716227185 0.0010450703226185455 0.026624227108866291 0.024849427529016872 0.010474871132319895 0.0024801334807940476 -0.0097237093203698683 -0.0063311838858150782 -0.0089247374819076304 0.0085668953758357685 0.01586904706631688 -0.014976370572634214 0.01763844274262073 0.0071485795034118924 -0.0066282608540805229 0.0060391419079447771 -0.002985320409915523 -0.00059682057119142507 0.024092241154631388 0.0035972493554545766 0.011882411409960665 -0.0013005100438927214 -0.012539942880551477 -0.0015895775918449676 -0.01537061297073793 0.011704915489757772 0.0042424898491884014 0.00041722041412409552 -0.0036628029074799399 0.0093930853137321989 -0.0015076725466928085
leaf_weight=20 22 37 24 20 152 20 24 98 30 23 22 125 23 30 28 21 20 22 25 31 74 380 142 54 75 20 20 25 22 26 20 20 283 43 22 32 20 36 454 228 61 163 20 24 44 20 267 23 209 107 36 24 20 86 486 24 40 157 166 122 125 39 26
leaf_count=20 22 37 24 20 152 20 24 98 30 23 22 125 23 30 28 21 20 22 25 31 74 380 142 54 75 20 20 25 22 26 20 20 283 43 22 32 20 36 454 228 61 163 20 24 44 20 267 23 209 107 36 24 20 86 486 24 40 157 166 122 125 39 26
internal_value=-9.61849e-05 0.00783151 -0.00721596 -0.0141281 0.00478656 -0.00530965 0.0163612 0.0212211 0.0288139 -0.00237432 -0.00302136 -0.00228944 0.00205296 -0.01314 0.00789032 0.00854446 0.0108265 0.00246246 0.00364592 -0.00732167 -0.00702111 -0.00446786 0.00315522 0.0130766 0.0117416 0.0078488 0.00523443 -0.0125044 0.00271583 0.0114062 -0.0161807 0.00616392 0.00428647 0.0099273 0.010978 0.0181003 -0.00278194 0.00952294 -0.00853563 -0.00314497 -0.0021005 0.00996638 0.00206105 0.000646302 0.0225673 -0.00815297 -0.00566624 -0.00212971 -0.00170249 -0.00362397 0.016507 0.0142629 -0.00304001 0.001183 -0.0130972 -0.00468153 -0.0102116 0.0139749 0.00549613 0.00152384 -0.000138309 0.00259505 0.00717832
internal_weight=5102 2414 2688 581 1779 2107 635 256 98 857 817 774 946 561 833 782 40 923 733 1250 1219 454 708 379 325 729 323 541 686 48 43 93 303 406 363 53 752 73 765 732 190 341 638 452 68 741 287 51 504 168 158 122 379 106 516 273 64 232 186 428 286 161 189
internal_count=5102 2414 2688 581 1779 2107 635 256 98 857 817 774 946 561 833 782 40 923 733 1250 1219 454 708 379 325 729 323 541 686 48 43 93 303 406 363 53 752 73 765 732 190 341 638 452 68 741 287 51 504 168 158 122 379 106 516 273 64 232 186 428 286 161 189
is_linear=0
shrinkage=0.05


Tree=73
num_leaves=64
num_cat=0
split_feature=28 1 1 13 12 1 28 33 10 70 6 1 28 1 1 2 34 1 61 61 36 12 28 68 33 14 12 12 19 49 7 9 1 10 5 13 11 0 25 13 66 0 48 65 69 19 31 49 62 1 2 68 51 28 28 13 70 12 28 55 14 20 0
split_gain=103.965 22.6309 12.8429 8.40531 6.00425 5.46447 3.82415 3.54762 3.00619 2.82299 2.6325 2.59744 2.18765 2.00862 1.96107 1.89355 1.82172 1.81755 1.76163 2.73419 1.90123 1.73411 1.63128 1.59827 1.66965 1.58988 1.58884 1.58692 1.55524 1.45719 1.44295 1.42684 1.40045 1.38691 1.54324 1.6612 1.43463 1.37101 1.36607 1.36213 1.35654 1.35738 1.30407 1.29851 1.21073 1.18359 1.13488 1.12587 1.05746 1.05147 1.04556 1.04071 0.997959 0.990358 0.989474 0.981634 0.970667 0.96885 0.988786 0.956797 0.93692 0.932438 1.14432
threshold=11.237500000000002 19.056510416666654 3.0825520833333306 5.1567708333333355 1.9596354166666652 12.544791666666653 5.4161458333333359 30.603906250000005 -0.0018661666666666499 11.347840818037769 0.0010717083333333002 -0.71718749999999987 22.984895833333304 25.055468750000006 6.6835937500000009 86.44427829166672 22.924218750000005 7.0169270833333366 51.300024703813143 51.699408240772108 1016.0366083333352 20.009375000000002 15.090885416666652 2.7968192199783117 14.832291666666652 9.4317708333333368 14.684895833333352 13.101302083333351 20.035937500000003 0.96230016621822489 -0.00021808333333329997 -0.00010087499999994998 -4.7526041666666643 -0.00073795833333329991 -0.00074441666666659999 13.880729166666653 -0.00031470833333324997 8.2553322500000021 64.940736791666666 22.148958333333351 5.4549298547404836 -1.0127832916666646 -0.5 17.666148719724962 1012.1987832101805 9.9830729166666661 24.247135416666655 -0.61188073503922691 13.020473487321118 11.66171875 38.123462708333356 1.4565914213609996 -0.0001517013888888676 14.188020833333352 9.7341145833333371 4.5984375000000011 11.347840818037769 18.133072916666652 18.088802083333352 13.988650173611118 17.696875000000002 75.420049541666714 -10.208761749999999
decision_type=2 2 2 2 2 2 2 2 2 2 2 2 2 2 2 2 2 2 2 2 2 2 2 2 2 2 2 2 2 2 2 2 2 2 2 2 2 2 2 2 2 2 2 2 2 2 2 2 2 2 2 2 2 2 2 2 2 2 2 2 2 2 2
left_child=2 5 3 11 -4 10 17 8 -3 18 16 32 23 37 25 26 28 -6 20 -20 30 22 27 24 -10 54 40 -21 33 47 42 -15 -1 36 59 43 -2 50 51 57 41 45 -7 48 -44 56 -32 -13 52 -37 -14 -39 -36 -29 55 -8 -16 -26 -59 -35 -60 -49 -63
right_child=1 7 4 -5 6 9 14 -9 12 -11 -12 29 13 31 15 -17 -18 -19 19 21 -22 -23 -24 -25 39 -27 -28 53 -30 -31 46 -33 -34 34 35 49 -38 38 -40 -41 -42 -43 44 -45 -46 -47 -48 61 -50 -51 -52 -53 -54 -55 -56 -57 -58 58 60 -61 -62 62 -64
leaf_value=-0.028777795129719525 -0.01345928071192275 0.033209517563044709 0.020290939074811814 -0.044052978466892767 -0.0093467391768062846 0.024530591825196169 -0.0015043608849665223 0.030580180996545293 -0.0014630067801249139 0.02560969072057568 -0.012389418653682807 -0.007080027519186672 0.01420673836826794 0.031688428775935945 -0.0039848520558814814 0.01218170116476542 0.016210652051196484 -0.024433084667873133 -0.0088906289847740082 0.0074356646494622486 0.025393775087922656 -0.0079153517104227841 0.0077597281939262384 0.0012595033111199179 0.024179748863410778 -0.0170853272199591 -0.01659674945043987 -0.011267996065375187 0.015356658874959246 -0.0029274890388646252 -0.00097432465220406792 0.017808229025701474 -0.014793069457205705 0.0035863107195992523 0.0061233276100625426 -0.015176435926621133 0.0036982529144594513 0.013030183401329316 0.023202606029938844 0.0041166226910544969 0.0071511671209841844 -0.005548390672822848 0.018259474157551411 -0.0087535267415305967 0.0036482303322345633 0.0029828221790443258 0.012774284626407851 -0.017547354071696854 0.0098179662647901959 0.00011861246628425252 0.027258863975751682 0.0023663283602849841 0.00065919709729143927 0.0008709322637586236 0.0050946037966067455 -0.0064827949706131515 0.0027656521564476868 0.004369438259003283 0.021382040049566703 0.01908928685966341 0.012987603108541565 -0.0053651263068499062 -0.012580968991563536
leaf_weight=20 31 21 24 20 221 21 119 37 20 20 33 166 32 35 274 22 22 22 31 67 21 21 613 36 25 30 20 25 20 72 43 40 179 20 106 24 20 58 20 34 36 278 25 27 33 127 23 64 45 21 30 38 396 51 22 598 66 25 44 20 140 72 236
leaf_count=20 31 21 24 20 221 21 119 37 20 20 33 166 32 35 274 22 22 22 31 67 21 21 613 36 25 30 20 25 20 72 43 40 179 20 106 24 20 58 20 34 36 278 25 27 33 127 23 64 45 21 30 38 396 51 22 598 66 25 44 20 140 72 236
internal_value=-9.13028e-05 0.00744021 -0.00685528 -0.0120311 -0.00454687 0.00454742 -0.0048721 0.0155436 0.0146119 0.00701015 0.00142831 -0.0112383 0.0139336 0.0174215 -0.00397979 -0.00228242 0.0020355 -0.0107156 0.00662746 0.00566227 0.0113218 0.00624364 0.0066377 0.011208 0.0124498 -0.00579564 -0.00268046 0.00182419 0.0016074 -0.00961779 0.00927878 0.0242957 -0.0162025 0.00121918 0.00183457 0.0012185 -0.00672163 0.0145211 0.0113017 0.0134899 -0.00232324 -0.00278183 0.0138398 0.00194449 0.00995686 -0.00113377 0.00381049 -0.0105121 0.00247361 -0.0080292 0.0205337 0.00881497 0.00181407 -0.00311652 -0.00533643 -0.00565726 -0.00267295 0.0148495 0.01373 0.0113531 0.0149987 -0.0120421 -0.010896
internal_weight=5102 2414 2688 829 1859 1779 1835 635 598 994 785 809 577 253 1592 823 752 243 974 808 166 777 756 324 288 769 801 143 730 610 145 75 199 710 659 619 51 178 116 268 781 745 79 574 58 467 66 538 547 45 62 96 502 76 739 717 340 234 209 40 184 372 308
internal_count=5102 2414 2688 829 1859 1779 1835 635 598 994 785 809 577 253 1592 823 752 243 974 808 166 777 756 324 288 769 801 143 730 610 145 75 199 710 659 619 51 178 116 268 781 745 79 574 58 467 66 538 547 45 62 96 502 76 739 717 340 234 209 40 184 372 308
is_linear=0
shrinkage=0.05


Tree=74
num_leaves=64
num_cat=0
split_feature=1 1 1 1 14 63 65 31 41 1 33 51 12 61 1 12 61 2 18 63 13 8 14 7 61 56 34 16 1 68 63 68 58 62 14 34 1 62 2 51 53 39 15 52 44 44 66 44 29 13 56 52 39 26 15 52 55 47 51 56 41 59 22
split_gain=90.3333 16.0691 14.1645 5.30941 4.59176 4.22222 3.51557 3.46362 3.12021 3.10066 2.98239 2.47266 2.43914 2.36646 2.35026 2.02982 2.02069 4.3483 2.03273 2.01924 1.88356 1.97213 1.91033 1.85364 2.38737 1.84619 1.64194 1.70027 1.61442 1.57352 1.4741 1.68135 1.41165 1.359 1.34461 1.30461 1.28364 1.48941 1.51591 1.22677 1.17115 1.54937 1.26207 1.357 1.15473 1.07766 1.07765 1.2906 1.04729 1.04103 1.01797 1.01439 1.0136 1.47219 1.00806 0.982611 0.978404 0.921434 0.910823 0.8973 0.896359 1.04288 0.855279
threshold=10.566145833333351 19.056510416666654 4.9671875000000005 -0.29869791666666645 2.0463541666666658 12.244390190972224 16.470722461830782 2.6333333333333355 1026.0049750000001 13.555468750000001 30.603906250000005 -0.00029923263888885124 14.585416666666651 64.17578297384064 6.6835937500000009 11.094531250000001 51.270234305435828 70.328823125000014 7.520572916666671 23.858672463512239 19.326562500000005 -0.00016487499999994997 5.2265625000000009 -0.00023174999999999997 50.346164446916866 7.74767810884659 9.5661458333333371 18.807552083333302 -4.7526041666666643 2.7968192199783117 1.4302191840277783 2.7968192199783117 5.7405882864601443 3.3698788897117171 6.2335937500000007 15.458593750000002 25.055468750000006 11.79738213664783 47.194609541666708 -7.0509898088016876e-05 -7.4734374999984684e-05 1003.9887375000002 8.9257812500000018 0.00037412061912472737 12.500000000000002 3.5000000000000004 5.2521231355466282 9.5000000000000018 18.708333333333353 8.4250000000000025 8.2279665240840263 0.0002679815811521663 1029.9326625000001 80.218247375000018 15.645052083333303 0.000211569750445282 13.927061631944442 -0.78656609248549303 -0.0001339097222221998 6.9026627434964043 1018.203766666665 64.249539666666678 82.469457500000019
decision_type=2 2 2 2 2 2 2 2 2 2 2 2 2 2 2 2 2 2 2 2 2 2 2 2 2 2 2 2 2 2 2 2 2 2 2 2 2 2 2 2 2 2 2 2 2 2 2 2 2 2 2 2 2 2 2 2 2 2 2 2 2 2 2
left_child=2 7 3 4 28 -3 30 -2 9 12 11 -7 25 29 49 16 17 18 -16 20 22 32 -11 24 -24 40 33 57 -1 36 52 50 -22 -18 -33 44 37 -13 -39 -17 51 -42 43 -43 -26 -21 -38 -48 60 55 -32 -9 53 -5 -37 -4 -20 -28 -35 -50 61 -25 -57
right_child=1 5 14 6 -6 10 -8 8 -10 19 -12 13 -14 -15 15 39 26 -19 56 45 21 -23 23 48 35 -27 27 -29 -30 -31 31 34 -34 58 -36 54 46 38 -40 -41 41 42 -44 -45 -46 -47 47 -49 59 -51 -52 -53 -54 -55 -56 62 -58 -59 -60 -61 -62 -63 -64
leaf_value=-0.027339623948146798 -0.01526215382271412 -0.0025642366566043804 -0.0082435082518464795 -0.03034628161090961 -0.035396791234085782 0.031685956293853866 0.011226426782624805 0.0012663676656945642 0.024314806009263779 -0.0076802372186844095 0.029051584852882024 0.010918344966427282 -0.013124827568421885 0.027956075720576803 0.0092427468586840332 -0.019177647686405563 0.0077751579122846484 0.02615451486883193 -0.01422091526796416 0.0074267839528021212 -0.016085068578026981 0.0064155819325938408 0.026658186533211892 0.0004393294477954308 -0.002059079046208299 0.015346106771778374 -0.0031201266889289737 -0.0081511083598071014 -0.012371729232932492 0.0038382663958205984 -0.0067751272439991687 -0.0097169828967586039 0.0010436127813527518 0.0032232074089844735 -0.022411991296584013 0.018511596211830343 0.02540565703882602 0.014639406339893947 0.030512667159507536 -0.00409421401037704 0.0057638326019253663 -0.0018042143584651755 0.00028933491830803268 -0.017257730421012439 0.010594286116428977 0.021404076191859779 0.0046494402824282677 0.019993386786245793 0.007798967938846219 -0.014409449603439609 0.0020235483668440244 0.0083101444539986757 -0.0069076771821839737 -0.011101385863262347 0.0091221657264391291 -0.0046217268251603494 0.001035360865544403 0.0027554276939876781 -0.0048483180819813921 0.019415912272753952 0.010885488162512565 0.0066406600728326302 0.0014702357772570969
leaf_weight=20 21 35 148 20 28 20 23 93 21 21 37 306 25 28 36 24 25 21 22 23 24 54 23 153 36 28 83 50 188 43 519 426 24 38 22 47 39 62 20 31 96 35 186 24 36 35 21 40 101 30 35 114 20 20 74 286 20 339 425 20 44 122 72
leaf_count=20 21 35 148 20 28 20 23 93 21 21 37 306 25 28 36 24 25 21 22 23 24 54 23 153 36 28 83 50 188 43 519 426 24 38 22 47 39 62 20 31 96 35 186 24 36 35 21 40 101 30 35 114 20 20 74 286 20 339 425 20 44 122 72
internal_value=-8.66432e-05 0.00776891 -0.00572135 -0.0095799 -0.0163787 0.0143158 -0.00810048 0.00488873 0.00517921 0.00489925 0.0152758 0.0143941 0.00215803 0.013774 -0.00263182 -0.00132225 -0.000835291 0.00596458 0.000519761 0.00686691 0.00619559 -0.00013371 0.00714991 0.00762553 0.0114213 0.00282243 -0.0015371 0.000564562 -0.0138146 0.0130247 -0.00851962 -0.00806263 -0.00751188 -0.00357085 -0.010342 0.00960165 0.013833 0.0125267 0.0185203 -0.0106875 0.00218136 0.000378819 -0.00172934 -0.00810072 0.00426125 0.0158722 0.0188951 0.0147209 0.00576079 -0.00535258 -0.00621833 0.00514818 -0.0161405 -0.0207415 0.0127747 -0.00481435 -0.0069456 0.00159858 -0.00418473 0.0097247 0.00425541 0.00319242 -0.00339512
internal_weight=5102 2131 2971 1321 236 651 1085 1480 1459 1438 616 579 601 559 1650 1114 1059 99 78 837 779 102 677 656 216 576 960 472 208 531 1062 1002 48 488 448 193 488 388 82 55 548 341 245 59 72 58 100 61 440 536 554 207 60 40 121 506 42 422 463 121 319 275 358
internal_count=5102 2131 2971 1321 236 651 1085 1480 1459 1438 616 579 601 559 1650 1114 1059 99 78 837 779 102 677 656 216 576 960 472 208 531 1062 1002 48 488 448 193 488 388 82 55 548 341 245 59 72 58 100 61 440 536 554 207 60 40 121 506 42 422 463 121 319 275 358
is_linear=0
shrinkage=0.05


Tree=75
num_leaves=64
num_cat=0
split_feature=1 1 28 51 28 49 1 42 51 1 12 28 14 1 32 61 14 13 1 13 67 58 49 68 14 31 44 49 49 17 13 17 4 53 65 55 4 49 13 1 32 26 4 31 25 64 17 17 30 59 9 52 56 13 28 65 41 28 51 63 25 42 4
split_gain=86.4518 13.8791 11.7616 3.29097 2.72488 2.6252 5.06521 2.86702 2.56127 2.44891 2.29386 2.24343 2.55347 2.23576 1.82323 3.43539 1.81476 1.74671 2.09768 1.60077 1.52038 1.51634 1.47176 1.77251 1.78504 2.26159 1.47781 1.43124 1.69512 1.3537 1.48898 1.26022 1.64577 1.22567 1.60945 1.21769 1.20621 1.17547 1.14011 1.25481 1.12097 1.26274 1.11827 1.7908 1.11343 1.0844 1.06969 1.04532 1.03738 1.03253 1.01409 1.00784 1.00237 0.988668 1.10368 1.12988 0.983212 1.04406 0.949934 1.23223 0.889859 0.883916 0.867953
threshold=10.455208333333351 19.184352930791004 5.9273437500000012 -0.00036714236111108357 27.519791666666702 -0.98370018436603723 2.2130208333333354 1006.1564666666701 7.5029359791594624e-06 -1.5242187499999997 11.171354166666701 17.692968750000002 2.4835937500000003 7.0169270833333366 7.4182291666666655 64.17578297384064 5.5114583333333362 18.698437500000001 16.402864583333354 4.5984375000000011 1021.1330465277773 4.1480007877466631 -0.83827194252655735 2.4634453468744906 11.835416666666701 18.507812500000004 10.500000000000002 -0.59817537509284324 -0.69016699705532225 15.246875000000001 21.294791666666654 20.279687500000005 -0.0014264166666666498 -8.3127359420762161e-05 16.084365699404767 15.920638020833339 -0.00052312500000004992 0.94417876540878176 17.296614583333355 12.544791666666653 1.9119791666666701 80.105821458333324 4.0166666666685453e-05 10.998958333333352 39.488907625000003 5.0590504418217472 13.520052083333303 23.145572916666655 23.063541666666655 72.578461045138894 -0.00081420833333324986 0.00088315162631711329 6.1838046684480679 15.709895833333302 19.489322916666655 15.236894541759151 1014.2190875000001 9.8315104166666671 6.3749999999991478e-06 17.745648871527774 84.899379958333313 1018.3541875000002 -4.3500000000040597e-05
decision_type=2 2 2 2 2 2 2 2 2 2 2 2 2 2 2 2 2 2 2 2 2 2 2 2 2 2 2 2 2 2 2 2 2 2 2 2 2 2 2 2 2 2 2 2 2 2 2 2 2 2 2 2 2 2 2 2 2 2 2 2 2 2 2
left_child=2 11 9 -3 14 7 -7 -4 -6 40 13 12 -2 19 -5 20 -14 44 -19 -8 22 37 35 24 -24 26 -26 28 -11 -20 48 32 -18 34 -34 52 -21 -15 39 46 41 -1 50 -44 -13 49 -35 -37 -31 -41 -23 -47 -16 -46 55 -55 57 -38 -52 -60 -29 62 -58
right_child=1 3 5 4 8 6 10 -9 -10 27 -12 17 16 21 15 -17 31 18 29 36 -22 42 23 -25 25 -27 -28 60 -30 30 -32 -33 33 38 -36 47 56 -39 -40 45 -42 -43 43 -45 53 51 -48 -49 -50 -51 58 -53 -54 54 -56 -57 61 -59 59 -61 -62 -63 -64
leaf_value=-0.013353826720506903 0.020537485833703351 0.033742282050347579 0.022556699908662891 0.0013578937082176362 0.016686897504846598 -0.028281023434183185 0.0026703512650526531 0.00027473356462947039 0.036948934240617612 -0.0067338842493351843 -0.014661564115572052 0.019002622326428145 -0.0078623955606781405 -0.0021681618515630714 0.013737289638654582 0.030673892798720716 0.015758725732914213 -0.0087383250373235105 0.01704816515202549 -0.011348042138933659 0.021554337771724774 -0.010351631160415905 -6.0158568402944655e-05 0.001338469681096669 0.030040209412124382 0.011613427445499654 0.016765424363054376 -0.0087503835230738573 0.0054637112687543603 0.0034713323399215464 -0.0074119813150941988 -0.0071204892938662298 0.010025162569619496 0.0015241095305616949 0.0030652956817319743 -0.0053633271987132206 -0.0037545803456264619 -0.012716202753882286 -0.0084627010870022053 0.0021263257088936709 -0.012520997469011155 -0.030564327077641375 0.0015031510756869837 0.019918793182576198 0.014692805469136242 0.0049692824549229502 -0.0079428560585462684 0.0088831599668067786 0.014486016875324706 0.011562867314836463 -0.00078535387361913008 0.02032197883271961 0.00096185791072591264 -0.0023082894091307001 0.011940772107270797 0.0075709351144006469 -0.015126424731879494 0.0079336404775747337 0.0090884310337913648 -0.0042119158504035073 -0.013403238821828154 -0.0045707478640925813 -0.0055170542548103121
leaf_weight=21 22 20 20 39 72 20 69 52 20 206 41 31 35 471 58 25 29 28 24 74 36 21 21 31 32 170 62 671 33 75 23 26 144 243 197 31 412 28 24 170 102 22 39 20 61 22 34 22 30 35 213 21 21 40 88 104 54 20 63 24 122 128 42
leaf_count=21 22 20 20 39 72 20 69 52 20 206 41 31 35 471 58 25 29 28 24 74 36 21 21 31 32 170 62 671 33 75 23 26 144 243 197 31 412 28 24 170 102 22 39 20 61 22 34 22 30 35 213 21 21 40 88 104 54 20 63 24 122 128 42
internal_value=0.000104584 0.00771048 -0.00540876 0.0137568 0.0131309 -0.00287937 -0.00326693 0.00647339 0.0211007 -0.00930015 -0.00297544 0.00506029 0.00369062 -0.00268952 0.0117917 0.0125901 0.00331171 0.00778221 0.00382827 -0.00460396 0.0116544 -0.000948722 0.0108573 0.0127112 0.0139463 0.0150623 0.0212925 -0.00844402 -0.00504745 0.00614688 0.00409781 0.00372618 0.00403366 0.00365088 0.00600603 0.00641474 -0.00529225 -0.00276128 0.00218703 0.00267497 -0.015389 -0.0221759 0.00143015 0.00775653 0.00997712 0.00525846 0.00036005 0.000541437 0.00662423 0.00374037 0.000265593 0.0124817 0.0103482 0.00901988 0.00752556 0.00482326 -0.0046082 -0.00321213 0.00101079 0.00541356 -0.009467 -0.00729812 -0.0109285
internal_weight=5154 2166 2988 660 640 1811 1739 72 92 1177 1719 1506 1002 1678 548 509 980 504 180 799 484 879 448 316 285 264 94 1032 239 152 128 945 919 890 341 132 730 499 549 525 145 43 380 59 324 248 277 53 105 205 321 43 79 293 232 144 656 432 300 87 793 224 96
internal_count=5154 2166 2988 660 640 1811 1739 72 92 1177 1719 1506 1002 1678 548 509 980 504 180 799 484 879 448 316 285 264 94 1032 239 152 128 945 919 890 341 132 730 499 549 525 145 43 380 59 324 248 277 53 105 205 321 43 79 293 232 144 656 432 300 87 793 224 96
is_linear=0
shrinkage=0.05


Tree=76
num_leaves=64
num_cat=0
split_feature=1 1 1 13 28 65 28 32 16 15 30 1 13 12 52 66 6 1 13 8 1 32 61 15 8 32 1 0 12 11 39 40 70 32 64 63 1 13 51 43 3 11 13 16 61 1 42 43 23 51 54 16 65 8 61 48 64 35 23 49 13 28 28
split_gain=78.0277 12.5268 10.6719 5.66945 4.77865 3.00753 2.81843 2.33703 2.32926 2.21485 3.87433 2.44302 2.15317 2.04423 1.85477 2.25952 1.81995 1.61743 2.21675 1.57102 1.56966 1.47467 1.89311 2.38026 2.29775 1.40476 1.32931 1.32347 1.66364 1.30826 1.26904 1.77908 1.92994 1.3139 1.25753 1.24332 1.23511 1.17541 1.17449 1.14203 1.11875 1.10052 1.36495 1.0486 1.0687 1.03914 1.02186 1.00498 0.989179 1.0512 0.984674 0.95137 1.36683 0.937856 0.934101 2.13643 1.14736 0.991863 1.19248 0.848782 0.84842 0.843864 0.819184
threshold=10.455208333333351 19.184352930791004 2.9075520833333308 4.6635416666666663 6.3609375000000012 20.787024456942586 7.4664062500000012 22.634114583333353 19.563802083333353 0.59713541666666659 5.7486979166666652 12.544791666666653 6.1750000000000007 2.0398437500000006 0.002590642667894692 5.7207251600385538 0.00084483333333325013 7.5541666666666663 13.695833333333303 -0.00014624999999994997 -1.9283854166666698 7.4182291666666655 62.441013585317471 10.250260416666652 -0.00015104166666664998 27.670312500000005 7.8635416666666709 10.730082541666652 19.463541666666654 -9.5000000000045094e-05 1011.3024000000001 1015.3351458333301 4.1612588016022363 13.06796875 1.322887072764275 23.858672463512239 17.867708333333354 -2.2979166666666644 -0.00012886458333330556 1003.4600583333352 1006.2450541666651 0.00041808333333330006 16.105468750000004 10.323437500000002 51.852260529790016 24.417187500000001 1022.0803625000002 1023.9524500000001 64.591691833333371 0.00019806250000000143 0.00023503012123584759 1.0937500000000002 5.1004204684757619 -0.00071545833333334994 51.270234305435828 0.60355339059327384 3.6582210677241291 9.3528645833333375 70.60550516666666 -0.92591620288614485 7.8635416666666709 0.31562500000000004 4.4539062500000002
decision_type=2 2 2 2 2 2 2 2 2 2 2 2 2 2 2 2 2 2 2 2 2 2 2 2 2 2 2 2 2 2 2 2 2 2 2 2 2 2 2 2 2 2 2 2 2 2 2 2 2 2 2 2 2 2 2 2 2 2 2 2 2 2 2
left_child=2 9 3 4 20 21 13 8 29 -2 -11 16 -8 -4 15 27 -12 34 39 -17 51 -3 24 -24 30 -21 62 36 35 45 40 32 -32 -33 -14 41 38 -22 -13 60 -23 43 -43 -29 -45 -7 53 -40 49 -26 -39 52 -1 -36 55 -41 57 58 -56 -50 -19 -52 -15
right_child=1 5 6 -5 -6 7 12 -9 -10 10 11 14 17 26 -16 19 -18 18 -20 25 37 22 23 -25 48 -27 -28 28 -30 -31 31 33 -34 -35 46 -37 -38 50 47 54 -42 42 -44 44 -46 -47 -48 -49 59 -51 61 -53 -54 -55 56 -57 -58 -59 -60 -61 -62 -63 -64
leaf_value=-0.012385340031238104 -0.011709389652775742 0.0012900162450978771 0.0094808261965091314 -0.033497258522113958 0.014806369063944773 0.014648278203856259 0.0056354266564427567 0.011539448120708251 0.032939847581161967 0.02635442517442484 0.0023819864164583591 0.0099310851726219767 -0.00067405061903282504 -0.010460160389855982 -0.0055759033726252372 0.0080576420781848981 -0.012054652664632331 0.0042477992359631371 -0.016676682427437511 0.029760227292295424 0.0023935866350479856 0.018039782624552095 0.033897803527959756 0.01211988481270438 0.0053840586859813097 0.0113892308740259 -0.015949476006598223 -0.0062230230278886023 -0.007878608037504153 0.012143017760060999 0.014568461891250068 0.018118867563587604 0.033232044517315033 0.0043943547494220024 -0.017008174235289428 0.013666475753846746 0.014301276574764508 -0.013260065466105159 0.0029054099446670246 0.016797308836191596 0.003945449011164069 0.016631004126543298 0.00074095036000699794 -0.0046943278192103305 0.0046437083643710957 0.02895197496238517 -0.00039071198879569438 0.011247533249062075 0.007462542531491409 0.018271681657508691 -0.018146651486614838 -0.011866824773072236 -0.030281493069159879 -0.0068156708996717323 -0.008421727558705289 -0.0014867450680007878 -0.0051506154617000774 0.0032193869035445862 0.00036287392542096864 -0.0052925386113166746 -0.0062019947154501797 -0.007881745902515027 -0.0050296333268402185
leaf_weight=22 20 39 22 25 20 21 89 94 35 21 423 157 132 77 33 53 23 23 22 22 22 20 20 34 65 20 32 31 29 50 30 35 26 35 25 34 59 128 203 27 48 33 23 35 243 33 57 44 22 21 21 79 21 240 49 39 100 215 182 32 123 468 728
leaf_count=22 20 39 22 25 20 21 89 94 35 21 423 157 132 77 33 53 23 23 22 22 22 20 20 34 65 20 32 31 29 50 30 35 26 35 25 34 59 128 203 27 48 33 23 35 243 33 57 44 22 21 21 79 21 240 49 39 100 215 182 32 123 468 728
internal_value=9.94197e-05 0.00732525 -0.00513842 -0.0100553 -0.00930382 0.0130695 -0.00332194 0.0176421 0.0217643 0.00480745 0.00503017 0.00472398 -0.00187337 -0.00555236 0.00607496 0.00646546 0.00163612 -0.00241537 -0.0010335 0.0137991 -0.0099383 0.0105728 0.0115046 0.0201998 0.0100967 0.0210288 -0.0059482 0.00568282 0.00367613 0.0179957 0.0136212 0.0165959 0.023247 0.0112654 -0.00478835 0.00451738 0.00753662 -0.00894389 0.00654714 -0.000578598 0.00810024 0.00366341 0.010115 0.00249229 0.00346613 0.0234024 -0.00647333 0.00439388 0.0052085 0.00853861 -0.00934899 -0.0151415 -0.021142 -0.00777972 0.000368593 0.00598693 -0.000309729 0.000774642 -0.00149865 -8.6347e-05 -0.00455219 -0.00832395 -0.00554982
internal_weight=5154 2166 2988 806 781 660 2182 233 139 1506 1486 1465 1323 859 1019 986 446 1234 780 95 761 427 388 54 334 42 837 891 428 104 194 126 56 70 454 399 463 639 404 758 68 365 56 309 278 54 322 247 140 86 617 122 43 265 612 66 546 446 231 54 146 489 805
internal_count=5154 2166 2988 806 781 660 2182 233 139 1506 1486 1465 1323 859 1019 986 446 1234 780 95 761 427 388 54 334 42 837 891 428 104 194 126 56 70 454 399 463 639 404 758 68 365 56 309 278 54 322 247 140 86 617 122 43 265 612 66 546 446 231 54 146 489 805
is_linear=0
shrinkage=0.05


Tree=77
num_leaves=64
num_cat=0
split_feature=12 33 29 4 63 54 49 64 58 48 50 48 12 48 65 69 46 61 20 0 3 64 70 9 70 27 8 4 63 11 68 12 64 30 51 56 20 0 52 69 64 58 8 65 4 0 29 58 61 14 30 3 52 70 20 4 3 9 40 45 41 34 14
split_gain=60.9844 9.27111 7.78766 2.84738 5.33663 2.45645 2.26605 2.35573 3.46703 2.63378 2.26527 3.27141 7.84943 1.97934 2.95333 2.0186 1.97752 1.76908 1.95283 1.61653 3.70609 1.56702 2.1017 1.51851 1.64331 1.93692 1.48037 1.82681 1.39972 2.00688 1.44544 1.36507 1.36448 1.3229 1.31161 1.28201 1.35224 1.27102 1.2469 1.23471 1.19936 1.18285 1.16574 1.12782 1.12126 1.10925 1.1009 1.0772 1.06152 1.04265 1.0144 0.972956 1.16019 1.00455 0.950078 1.21504 0.926549 0.924444 0.896188 0.858982 0.855047 0.847355 0.845661
threshold=10.284895833333353 20.308333333333305 5.8763020833333366 3.7083333333321059e-05 15.519542100694444 0.00087520695717975235 0.99817629101047833 4.0213202407981621 3.9831151209308966 -0.12940952255126037 0.7987497853924842 -0.5 2.4648437500000004 -0.60355339059327384 20.092996619088414 1010.8568314484129 7.5000000000000009 58.712456994047621 70.758319791666722 -10.13073925 1011.3984708333301 2.4138200017693667 12.659333086198236 0.00042049999999995005 3.8887476385155133 50.181045583333358 -0.00010079166666664999 -0.00032445833333329994 18.455056423611115 -0.00037091666666659996 1.5717654375803767 7.5541666666666663 5.1771166800541977 16.686197916666703 0.00065510243055556382 2.889888441100029 40.161200688218358 -2.0177338333333243 0.002590642667894692 1008.2943474868163 5.5569286089922114 6.1237958012109734 0.0002819999999999501 15.041631697479486 -0.00012379166666659998 -9.472112916666628 16.914322916666652 3.931365722992008 69.965307185848573 16.940364583333352 14.277864583333303 1015.6143815870588 0.001233115949690691 5.0187548466744234 69.757388958333365 0.00010454166666660002 1009.9075291666651 -0.00039216666666664994 1012.298866666665 2.5000000000000004 1013.4331000000001 22.539843750000006 8.2739583333333364
decision_type=2 2 2 2 2 2 2 2 2 2 2 2 2 2 2 2 2 2 2 2 2 2 2 2 2 2 2 2 2 2 2 2 2 2 2 2 2 2 2 2 2 2 2 2 2 2 2 2 2 2 2 2 2 2 2 2 2 2 2 2 2 2 2
left_child=2 6 10 19 37 46 7 16 -9 17 11 12 -1 14 38 -16 23 34 39 20 -4 -12 47 24 -2 50 27 -27 29 60 -31 45 44 54 57 -15 61 48 58 -19 42 -32 -30 59 -13 -21 -3 -23 -5 -48 -26 53 -53 -33 55 -18 -56 -10 -7 -35 -11 -37 -50
right_child=1 5 3 4 -6 13 -8 8 9 28 21 32 -14 35 15 -17 33 18 -20 31 -22 22 -24 -25 25 26 -28 -29 40 30 41 51 -34 43 -36 36 -38 -39 -40 -41 -42 -43 -44 -45 -46 -47 49 -49 62 -51 -52 52 -54 -55 56 -57 -58 -59 -60 -61 -62 -63 -64
leaf_value=0.029602542741561946 -0.015064316235486078 -0.0037086567329052411 -0.0052651258915192185 0.0071276697880575434 0.025162538419943516 0.0087744941228640252 -0.0081437085378993704 0.026585308780241207 0.023565619630060281 -0.0024062456848491548 -0.0086043261677816139 -0.011681773582115411 -0.0042673706873638381 -5.573418676875247e-06 0.035550137464148777 0.018809580188390181 0.0024910186534063327 -0.0075491054535567429 0.01998065055332323 0.00085106547723593049 -0.026752984997488946 -0.015729281526613119 -0.025337815954238476 0.0073052412866111598 0.016641266366977919 -0.018068230218666468 0.00088871509456647693 -0.00219528467350487 0.0059293674887804489 -0.0035073120139438121 0.0037402464293359947 0.0033668853127148523 0.0041643942723741936 0.0045666063486015434 0.0026415747076064451 -0.0036248071415297535 0.013500332541753547 -0.0051635280035379249 0.00072662607300793863 0.0059453650989196635 0.0022397936718885386 0.018424632456311877 0.021470013560252479 0.0052170033643217069 -0.0063357865922662173 -0.0053419039992194184 0.018082185984240672 -0.0050998137317341498 0.0012234686737438627 0.0067142952966205184 0.0020826490522697148 -0.0022296626272953436 -0.012244342672629544 -0.0017862264344384927 0.0034674683257663111 -0.00667785474736848 0.012305529576582069 0.013274357635220274 0.017876271655603026 0.01603740382215434 -0.01566718512128509 0.010740971327133324 -0.0074047720608523548
leaf_weight=21 22 22 158 65 22 45 36 22 33 26 440 145 92 27 27 55 146 20 22 83 23 54 35 53 20 30 95 46 27 43 44 154 24 24 20 21 171 95 20 110 57 20 22 192 306 554 23 43 172 168 30 148 36 245 151 48 37 66 69 52 23 20 34
leaf_count=21 22 22 158 65 22 45 36 22 33 26 440 145 92 27 27 55 146 20 22 83 23 54 35 53 20 30 95 46 27 43 44 154 24 24 20 21 171 95 20 110 57 20 22 192 306 554 23 43 172 168 30 148 36 245 151 48 37 66 69 52 23 20 34
internal_value=9.4522e-05 0.00638445 -0.00460836 -0.00253893 0.00125054 0.0113028 0.0042465 0.00454405 0.00713078 0.00632636 -0.00779945 -0.00561809 0.00202468 0.0133785 0.0168513 0.0243315 0.00302587 0.00978291 0.006202 -0.00358876 -0.00799972 -0.0100408 -0.0148243 -0.000360186 -0.00203436 -0.000734373 -0.00326762 -0.00846905 0.00274892 -0.000260578 0.00357383 -0.00293388 -0.00743732 0.00456859 0.0143517 0.0102373 0.0115441 -0.000186073 0.0122686 0.00386503 0.00718232 0.00833909 0.01292 0.00726266 -0.00805589 -0.00453419 0.00686593 -0.0110234 0.00155707 0.0080867 0.00791826 -0.00118444 -0.00419233 0.000201475 0.00267705 0.000219627 0.0052101 0.0167119 0.0142889 0.0124227 -0.0086429 0.00337161 -0.000198473
internal_weight=5154 2205 2949 1789 388 668 1537 1501 555 533 1160 588 113 455 216 82 946 271 152 1401 181 572 132 296 243 221 171 76 262 156 107 1220 475 650 119 239 212 366 134 130 106 64 49 268 451 637 213 97 271 191 50 583 184 399 382 194 188 99 114 76 49 41 206
internal_count=5154 2205 2949 1789 388 668 1537 1501 555 533 1160 588 113 455 216 82 946 271 152 1401 181 572 132 296 243 221 171 76 262 156 107 1220 475 650 119 239 212 366 134 130 106 64 49 268 451 637 213 97 271 191 50 583 184 399 382 194 188 99 114 76 49 41 206
is_linear=0
shrinkage=0.05


Tree=78
num_leaves=64
num_cat=0
split_feature=1 1 1 13 28 51 49 66 0 28 51 15 14 1 27 28 1 52 66 5 22 33 70 31 61 35 58 8 70 4 0 15 13 53 49 26 51 60 30 47 60 20 4 1 22 33 70 38 30 4 13 6 1 61 62 20 36 0 33 26 9 0 52
split_gain=63.9923 10.3867 8.94429 5.17077 3.93911 2.75199 2.30703 2.67241 2.45533 2.06704 2.18571 1.91919 4.21755 2.10537 1.77788 2.75584 1.8049 1.58848 1.89487 1.49445 1.48105 1.43041 1.39641 1.39081 2.32182 1.544 2.39899 1.34726 1.34057 1.90929 1.33644 1.97393 1.27728 1.21935 1.2131 1.2099 1.18565 1.126 1.0223 0.993451 0.992262 0.977018 0.957578 1.27843 1.16564 0.983316 1.01308 0.939024 1.1575 0.9134 0.895824 0.881417 1.02984 1.02107 0.848534 0.815839 0.808124 0.797911 0.791925 0.771686 0.766751 1.26261 0.761273
threshold=10.455208333333351 19.184352930791004 2.9075520833333308 4.8859375000000007 6.3609375000000012 -0.00036714236111108357 -0.58429276287313725 4.3559476490039168 -1.7213659166666448 27.519791666666702 7.5029359791594624e-06 0.59713541666666659 3.2515625000000008 12.232031250000002 64.492975416666667 15.014583333333352 23.193489583333356 0.002590642667894692 5.7207251600385538 -0.0014264166666666498 57.517766958333361 9.2057291666666661 12.363704801917207 15.455989583333352 48.900293937864284 11.683333333333353 7.6653125375544873 -0.00014624999999994997 4.3661956233918273 2.0333333333274001e-05 10.730082541666652 9.1929687500000021 20.303645833333352 -0.00011613562091501249 0.94417876540878176 85.155806458333359 -9.9105902777752111e-05 9.56049503026947 21.723437500000006 0.91597561503675362 9.2091449988273162 63.862210958333357 -0.00012870833333329998 0.95468750000000013 83.432032333333368 7.1867187500000007 5.040152722816698 1016.4664833333351 15.840364583333303 -0.00020183333333329996 14.585416666666651 0.00018575000000000002 16.646354166666654 63.532372203621044 11.013347895844086 79.308583166666665 1000.5539625000001 13.506126208333351 14.535677083333352 82.619369583333309 -0.00084874999999994991 -0.63656433333332985 0.00054356034380058317
decision_type=2 2 2 2 2 2 2 2 2 2 2 2 2 2 2 2 2 2 2 2 2 2 2 2 2 2 2 2 2 2 2 2 2 2 2 2 2 2 2 2 2 2 2 2 2 2 2 2 2 2 2 2 2 2 2 2 2 2 2 2 2 2 2
left_child=2 11 3 4 22 -3 8 20 28 14 -11 -2 -13 50 15 -7 33 18 30 -17 54 59 42 25 -25 -9 -27 49 29 -4 36 -32 38 -16 40 55 51 -29 39 56 -23 -30 43 45 -44 46 -1 48 -26 -20 -14 52 53 58 -8 -24 -33 -41 -15 -22 -38 -62 -55
right_child=1 5 6 -5 -6 9 7 23 -10 10 -12 12 13 17 16 19 -18 -19 27 -21 21 34 35 24 47 26 -28 37 41 -31 31 32 -34 -35 -36 -37 60 -39 -40 57 -42 -43 44 -45 -46 -47 -48 -49 -50 -51 -52 -53 -54 62 -56 -57 -58 -59 -60 -61 61 -63 -64
leaf_value=-0.0050309745200532614 -0.011033711294415056 0.030140257165346043 0.0029213638152029986 -0.033064878191663524 0.012866041251502112 -0.006205714951538318 -0.0060203874842014076 -0.00042130475109218818 -0.0074763447834755321 0.014156462007948964 0.032873737570764061 0.027352905199155099 0.0017569334528215064 0.02226240897047585 0.020760918260812163 0.022988066434424047 0.027654924112662085 -0.0054203700699686323 0.012593411032317758 0.0093072822080952581 -0.004632262983913042 -0.0014266379625568334 -0.015724759317130702 -0.017478190408933388 -0.0030090583169458283 0.016450813197776949 -0.0031405360313144582 0.010697947351544487 -0.0069464412167340745 0.019784061812880872 -0.0098307362412159375 0.012250898642952311 -0.0057049962155746696 0.0044419986761689897 -0.011016288704112137 -0.024944649299402821 -0.0039252348770265283 0.026401076550356256 0.012254748218249409 0.0026521295421166827 0.0090707193736116534 0.00064843862959559158 -0.0047524184891487749 -0.006437866714665421 -0.010315309421252906 -0.022404252136012517 -0.016339241795069577 -0.0079818846829799138 0.011068166381918172 -0.00062932368758086376 -0.0073762820162629004 0.0022957804737733126 0.017875633133523996 0.0029436703465704778 -0.016884319928549909 -0.0075882537723599265 0.0018193581231425551 0.014518272655646822 0.0097414336497401981 -0.0078273929668374129 0.0038326050129685709 0.013229344642949132 0.013161784248640302
leaf_weight=34 20 20 105 22 21 28 33 174 99 72 20 20 358 20 20 21 27 33 30 425 615 225 62 27 35 39 26 23 49 20 28 20 32 27 30 20 24 23 40 24 25 311 274 90 144 29 48 30 25 23 29 36 41 68 40 62 262 35 35 274 214 43 25
leaf_count=34 20 20 105 22 21 28 33 174 99 72 20 20 358 20 20 21 27 33 30 425 615 225 62 27 35 39 26 23 49 20 28 20 32 27 30 20 24 23 40 24 25 311 274 90 144 29 48 30 25 23 29 36 41 68 40 62 262 35 35 274 214 43 25
internal_value=8.98577e-05 0.00663362 -0.00465355 -0.00915487 -0.00848287 0.0118643 -0.00299057 -0.00397344 -0.000300261 0.0112919 0.018234 0.00434092 0.00454826 0.00423662 0.0101252 0.00899737 0.0173404 0.00537151 0.0057125 0.00995307 -0.00506815 -0.00463591 -0.00907127 -0.000152819 -0.00462058 0.00203234 0.0086073 0.0122977 0.00116364 0.00562476 0.00502343 0.0030093 0.00388123 0.0113998 -0.0015169 -0.0135114 0.00677775 0.0185644 0.00468782 0.0037984 -0.000374581 -0.000384084 -0.00803733 -0.0108774 -0.00667022 -0.0144716 -0.0116577 -0.000756234 0.00284899 0.00684677 0.00107107 0.00948466 0.0108511 0.00890071 -0.0119816 -0.0116615 0.00256136 0.00970111 0.0143068 -0.00561768 0.00460825 0.00540722 0.00569697
internal_weight=5154 2166 2988 806 784 660 2182 1598 584 640 92 1506 1486 1466 548 474 74 1079 1046 446 1242 1169 763 356 117 239 65 99 485 125 947 441 413 47 280 144 506 46 381 341 250 360 619 201 418 111 82 90 60 53 387 225 189 148 73 124 282 59 55 889 281 257 93
internal_count=5154 2166 2988 806 784 660 2182 1598 584 640 92 1506 1486 1466 548 474 74 1079 1046 446 1242 1169 763 356 117 239 65 99 485 125 947 441 413 47 280 144 506 46 381 341 250 360 619 201 418 111 82 90 60 53 387 225 189 148 73 124 282 59 55 889 281 257 93
is_linear=0
shrinkage=0.05


Tree=79
num_leaves=64
num_cat=0
split_feature=1 1 1 33 33 28 51 18 54 1 12 27 28 51 70 51 51 13 28 14 14 17 49 22 46 13 12 13 52 1 30 30 11 13 32 13 67 26 27 2 69 62 1 48 18 12 28 4 62 56 36 68 56 2 54 34 12 17 11 28 43 59 52
split_gain=57.7576 9.37421 8.20043 4.49181 5.7163 3.05981 2.48358 2.0534 1.9091 1.84224 2.39573 1.82175 1.86484 1.89034 1.66454 1.59834 2.1603 1.57454 1.57773 1.51714 1.51117 1.66767 1.49583 1.44406 1.41748 2.33331 1.3485 1.34599 1.34275 1.29905 1.77454 1.20058 1.17611 1.17172 1.13649 1.09032 1.06268 1.09107 0.955518 1.01198 0.936341 1.01979 0.918263 0.910873 0.911991 0.910832 1.51982 1.06619 0.961231 0.954111 0.880887 1.08911 1.01859 0.817416 0.797112 0.795464 0.951173 0.944221 0.793917 0.790552 0.75724 0.751724 0.816786
threshold=10.455208333333351 19.184352930791004 1.8289062500000002 10.922916666666652 9.5213541666666668 6.6132812500000009 -0.00036714236111108357 0.93750000000000011 0.00072819365097726463 13.695833333333303 14.585416666666651 64.492975416666667 27.519791666666702 7.5029359791594624e-06 10.858064777664694 -2.0345486111097243e-05 -4.0798611111097271e-05 5.5114583333333362 8.0679687500000004 19.646614583333303 5.5114583333333362 20.857291666666654 -0.94417876540878154 71.078680500000019 4.5000000000000009 0.61822916666666661 10.657552083333302 6.5351562500000009 0.00034906431402689846 8.8057291666666675 14.808593750000002 19.792447916666703 -0.00035470833333324997 9.0976562500000018 17.151041666666654 10.908333333333301 1016.3437807291668 61.664704041666702 47.295190458333302 71.854764625000016 1017.1584218005952 8.9659376285744372 7.5541666666666663 -0.78656609248549325 17.281770833333301 19.056510416666654 21.209635416666703 -0.0014264166666666498 6.3184545969056041 7.74767810884659 1015.2098291666701 1.4565914213609996 5.217718228280809 80.349288666666652 0.00029275329649986338 14.375520833333352 13.555468750000001 15.569010416666702 4.2416666666689255e-05 20.725520833333352 1016.0955291666702 58.064954895833345 0.00027537473718985153
decision_type=2 2 2 2 2 2 2 2 2 2 2 2 2 2 2 2 2 2 2 2 2 2 2 2 2 2 2 2 2 2 2 2 2 2 2 2 2 2 2 2 2 2 2 2 2 2 2 2 2 2 2 2 2 2 2 2 2 2 2 2 2 2 2
left_child=2 7 3 4 14 24 -3 -2 22 10 31 12 23 -14 -1 16 53 -7 27 -13 -11 45 58 43 42 -26 29 -19 -29 35 33 36 -28 54 -23 38 37 -9 -20 -40 41 -38 -4 44 -10 46 47 -22 -49 55 51 -45 -53 -16 -31 57 -57 -50 -8 -47 -46 -24 -63
right_child=1 6 5 -5 -6 17 8 9 11 20 -12 19 13 -15 15 -17 -18 18 26 -21 21 34 61 -25 25 -27 32 28 -30 30 -32 -33 -34 -35 -36 -37 40 -39 39 -41 -42 -43 -44 50 60 59 -48 48 49 -51 -52 52 -54 -55 -56 56 -58 -59 -60 -61 -62 62 -64
leaf_value=-0.0080012161090898676 0.02004069510906905 0.02863399803406675 -0.0068317406897308378 0.012768520809078802 -0.035179074280860888 0.0033066070327773932 0.014160094116537889 -0.0026580306959871737 0.022776689422824806 -0.0057464912858366602 -0.010812451258744388 0.030733053039748066 0.0137381526823648 0.031230872522468034 -0.020111172238664873 -0.0088883485698347878 -0.033697982870604562 -0.0032411159622048481 0.0076596301053090251 0.013047448480383611 0.016044350383787955 -0.009068092707977796 -0.0075975372834128467 -0.00090456171521730163 0.013062518877622232 -0.0041511146885299397 -0.017364281281806213 -0.0068884339975999733 -0.020190364376758897 -0.0022748990099436895 0.012801551263898332 0.014383485569582737 -0.0039182267045604537 -0.0016333095545059536 0.0049303375859337546 -0.012562001605437356 0.0035539926687119857 0.0026656124076116765 -0.0040387730289859645 -0.00013875552931956554 0.0027437355018717071 0.018280021408752092 -0.017777772955801237 0.010074919996570033 0.014679152877672226 -0.0053733094069030795 0.016796970374586238 0.012126137403503927 0.0037334701675610475 0.015159934081419564 0.015498778245911128 0.0071794798560451192 -0.0057400382855567105 -0.0069672643886993339 0.0076739003783323854 0.015982572057214393 0.0054878212184402263 -0.0066961572168312868 0.0033585887014155481 0.0051933079528018265 0.005927710209552163 0.0094550706080675836 -0.0038614962915644404
leaf_weight=379 20 20 490 21 23 134 50 134 23 29 35 23 69 20 26 65 20 194 25 26 28 30 21 30 21 310 23 71 26 28 31 21 56 234 28 25 21 341 371 302 69 27 20 95 76 28 38 59 110 24 35 35 27 22 71 23 366 27 26 48 37 27 20
leaf_count=379 20 20 490 21 23 134 50 134 23 29 35 23 69 20 26 65 20 194 25 26 28 30 21 30 21 310 23 71 26 28 31 21 56 234 28 25 21 341 371 302 69 27 20 95 76 28 38 59 110 24 35 35 27 22 71 23 366 27 26 48 37 27 20
internal_value=8.53844e-05 0.00630221 -0.00442103 -0.00989967 -0.0107906 -0.00316827 0.0112714 0.00412409 0.0107276 0.0039094 0.00190616 0.0121999 0.0111938 0.0176778 -0.00969339 -0.0145107 -0.0198756 -0.00187835 -0.00235557 0.0213636 0.00545782 0.00586014 0.00565233 0.00958001 -0.0056079 -0.00305714 -0.00153299 -0.00564966 -0.0104608 -0.00107402 0.00136114 0.00263332 -0.00784093 0.000294264 -0.00230193 -0.00230071 0.00221543 0.00116271 -0.0019323 -0.00228946 0.00648456 0.0118499 -0.00726232 0.0105405 0.0136772 0.00649119 0.00707563 0.00649467 0.00605452 0.00540209 0.00831543 0.00670998 0.00154516 -0.0141 0.0048551 0.00495563 0.00611001 0.00167401 0.0104723 0.00129357 0.0118188 0.000257148 0.00377819
internal_weight=5154 2166 2988 556 535 2432 660 1506 640 1486 648 496 447 89 512 133 68 1591 1457 49 838 809 144 358 841 331 1166 291 97 1087 364 613 79 333 58 723 592 475 698 673 117 48 510 328 136 751 675 637 609 550 192 157 62 48 99 526 389 137 76 76 113 68 47
internal_count=5154 2166 2988 556 535 2432 660 1506 640 1486 648 496 447 89 512 133 68 1591 1457 49 838 809 144 358 841 331 1166 291 97 1087 364 613 79 333 58 723 592 475 698 673 117 48 510 328 136 751 675 637 609 550 192 157 62 48 99 526 389 137 76 76 113 68 47
is_linear=0
shrinkage=0.05


Tree=80
num_leaves=64
num_cat=0
split_feature=28 1 1 13 33 28 59 13 32 43 33 13 1 67 40 13 29 28 1 13 1 14 58 49 54 64 62 3 1 1 41 13 28 13 14 14 53 17 51 0 11 55 14 61 33 51 31 29 3 54 48 51 48 17 68 24 39 1 20 52 2 58 14
split_gain=53.2651 10.5924 8.02509 6.02614 3.52987 3.01036 3.36445 2.42646 2.92418 2.01399 2.10451 1.9427 1.79361 1.78488 2.02748 5.33072 3.18552 2.74474 1.80264 1.77576 1.77173 1.73931 1.69453 1.69036 1.53891 1.44751 1.31494 1.26198 1.26041 1.21582 1.20474 1.19865 1.17824 1.15889 1.14401 1.00782 1.0043 1.60235 0.973154 1.80198 1.15295 0.941855 0.902677 0.868566 0.853563 0.828078 1.25649 0.810209 0.794861 1.0032 0.799547 1.18801 0.959352 0.786502 0.783498 0.820465 0.759795 0.741969 0.721057 0.856296 0.735047 0.699731 1.41519
threshold=11.408072916666653 16.819791666666656 0.47226412835249071 2.1398437500000003 30.603906250000005 7.5304687500000007 45.204630119791673 8.4250000000000025 20.339062500000001 1020.1630125 20.017187500000002 19.326562500000005 -4.7526041666666643 1021.1330465277773 1015.4255250000001 13.880729166666653 14.704687500000002 17.778385416666705 24.417187500000001 17.296614583333355 10.210677083333351 7.5072916666666663 4.6779536980239778 -0.97692944606901233 0.00087520695717975235 5.5247944996215184 11.583335631165395 1008.1280166666651 6.3966145833333359 8.6476562500000025 1020.5022375000002 11.098437500000001 8.8924479166666703 10.573697916666651 25.104427083333352 9.4317708333333368 -2.3439614372287372e-05 9.5864583333333382 -0.00013577005507660233 11.667319166666653 0.00083254166666660008 14.034114583333329 14.585416666666651 61.855519396329363 20.407552083333304 4.1444444444446014e-05 24.247135416666655 9.2096354166666732 1023.477033333335 0.00021098218184294093 -0.12940952255126037 -1.7784722222227113e-05 -0.78656609248549325 18.362239583333302 1.380049375040564 65.119817375000011 1013.0887916666651 12.623177083333301 84.304714833333364 0.00033087222686307706 85.963671750000017 5.3643922206976624 23.221875000000004
decision_type=2 2 2 2 2 2 2 2 2 2 2 2 2 2 2 2 2 2 2 2 2 2 2 2 2 2 2 2 2 2 2 2 2 2 2 2 2 2 2 2 2 2 2 2 2 2 2 2 2 2 2 2 2 2 2 2 2 2 2 2 2 2 2
left_child=2 7 3 12 13 6 -4 8 -2 11 29 20 -1 14 15 -3 -16 -17 19 44 23 32 -20 -9 -15 26 48 -24 35 -11 38 -25 -7 -30 -29 47 -31 -38 39 54 53 -18 -42 -32 -19 61 56 -23 49 -8 51 52 -50 -40 55 -22 -47 -41 59 -14 -60 62 -21
right_child=1 4 5 -5 -6 21 25 9 -10 10 -12 -13 58 24 16 17 41 18 22 45 30 28 27 31 -26 -27 -28 34 33 36 43 -33 -34 -35 -36 -37 37 -39 40 57 42 -43 -44 -45 -46 46 -48 -49 50 -51 -52 -53 -54 -55 -56 -57 -58 -59 60 -61 -62 -63 -64
leaf_value=-0.023566674572560953 0.02775283582829496 0.033270297603910773 0.014520889488463315 -0.036580772804454945 0.024462613435861501 -0.0011954708696802368 -0.0080859771272600404 0.0077384009362767431 0.0010145119833073455 -0.0057355099162981343 0.022076950112412657 -0.011489290392218488 -0.00515280351198193 0.010695768515389087 -0.010913770402004112 -0.0027257613662744389 0.011896826557739229 0.010980202982696773 0.027733126926725193 0.006198188826565516 0.0048182390323769997 -0.011533710449126419 0.0014003634452819822 -0.00038421856132522705 0.027483224326737388 0.0076911382991513393 -0.01228028713922797 0.0081688084648560439 -0.0016111542392864095 0.0042943886932946601 0.015532134889610428 -0.0086558468516717679 0.0044282307165246426 -0.0095237117673682495 0.022332113127025432 -0.018341516691824603 0.023044161292999587 0.0050085918696070268 0.00080173751645658872 -0.0094551132195731143 0.013036808902077363 0.0037391779080119718 0.00035058481297589551 0.0042535454521765272 0.024666061639779288 0.0059265733421147724 0.019454352097758622 -0.0019904551607358516 -0.024733168113691247 -0.0041041264148803996 -0.004510903264838332 -0.0061194050611071129 -0.011164842853341248 -0.0082853777528476454 0.0042294453555120261 0.01448670530306537 0.016205099556329573 0.0013912502506567817 -0.018307542603214315 -0.011616010742578084 -0.0088043647522940329 0.0096180216248605566 -0.0051634455787501511
leaf_weight=23 21 23 21 23 38 257 197 35 20 23 20 28 138 34 31 48 55 23 23 189 36 38 20 93 23 20 75 26 503 147 30 83 146 51 32 20 21 30 495 21 34 100 24 40 23 84 32 54 21 811 80 60 35 25 92 57 23 63 37 82 46 99 32
leaf_count=23 21 23 21 23 38 257 197 35 20 23 20 28 138 34 31 48 55 23 23 189 36 38 20 93 23 20 75 26 503 147 30 83 146 51 32 20 21 30 495 21 34 100 24 40 23 84 32 54 21 811 80 60 35 25 92 57 23 63 37 82 46 99 32
internal_value=5.14028e-06 0.00544946 -0.00475896 -0.0118418 0.00952271 -0.003724 -0.00532143 0.00273546 0.0147254 0.00238311 0.00654151 0.00151569 -0.0100938 0.00890482 0.00833753 0.00960829 0.00370928 0.00877488 0.00968668 0.00846467 0.00183905 -0.00175099 0.0157903 -0.00229059 0.0174821 -0.0056427 -0.00585165 0.0122592 -0.00331999 0.00513239 0.00278984 -0.00428815 0.000840719 -0.00234063 0.0159942 -0.00815922 0.00639757 0.0124479 0.00226798 0.00475281 0.00111062 0.00663763 0.00779692 0.0090959 0.0178379 0.00752385 0.0107511 -0.00593849 -0.00545068 -0.00488289 -0.00836778 -0.0110228 -0.0162654 0.000363745 0.00751064 0.0107504 0.00814196 -0.00131519 -0.00906874 -0.00756451 -0.0130484 0.00612018 0.00455064
internal_weight=5134 2396 2738 349 958 2389 1320 1438 41 1397 241 1156 326 920 863 677 186 654 606 505 1128 1069 101 211 57 1299 1279 78 666 221 917 176 403 554 58 112 198 51 847 269 578 155 58 70 46 459 139 92 1204 1008 196 116 56 520 185 93 107 84 303 220 83 320 221
internal_count=5134 2396 2738 349 958 2389 1320 1438 41 1397 241 1156 326 920 863 677 186 654 606 505 1128 1069 101 211 57 1299 1279 78 666 221 917 176 403 554 58 112 198 51 847 269 578 155 58 70 46 459 139 92 1204 1008 196 116 56 520 185 93 107 84 303 220 83 320 221
is_linear=0
shrinkage=0.05


Tree=81
num_leaves=64
num_cat=0
split_feature=28 1 1 15 28 24 57 28 2 30 67 29 11 57 17 13 28 1 25 7 13 24 64 54 27 60 9 13 4 57 2 50 16 1 12 51 2 63 28 13 50 9 2 5 12 51 5 1 18 60 69 17 17 12 29 70 31 69 29 1 0 1 45
split_gain=48.0766 9.68618 7.26047 5.19851 2.86507 3.23166 2.61069 2.51601 2.30137 2.10673 2.03007 2.29148 1.65174 2.09363 1.63573 1.58413 1.55517 1.5362 1.43974 1.60038 1.39087 1.32924 1.31875 1.31765 1.28211 1.23002 1.21121 3.21417 1.16472 1.12124 1.11218 1.08782 1.45517 1.35804 1.50232 1.34988 1.2266 1.04494 1.01859 1.04986 0.984453 1.87745 0.982363 0.937352 0.929525 0.883709 0.868307 0.897952 0.842079 0.836187 0.829093 0.778502 0.767421 0.765709 0.760367 0.756152 0.968813 0.812606 0.824323 0.738712 1.24263 0.723414 0.793098
threshold=11.408072916666653 20.000000000000004 0.18411458333333353 6.6617187500000012 7.5304687500000007 34.294309291666657 19.154393171116507 17.455468750000005 71.966767958333364 19.792447916666703 1021.250876388889 14.277864583333303 0.0017312083333333001 12.231546909680187 19.768229166666654 6.2335937500000007 31.970572916666651 -4.7526041666666643 38.489637875000007 0.0014142083333333001 17.851562500000004 77.799297083333371 5.5247944996215184 0.0017663774692125898 59.389290541666703 14.27880806143971 0.00026937500000000003 10.573697916666651 6.8000000000030818e-05 8.3036064928845139 86.107934750000013 -0.51235243343851777 15.114583333333302 10.905989583333303 11.171354166666701 -0.00017784374999998419 60.176637875000004 10.038802083333335 8.6130208333333318 7.0864583333333355 -0.86092912513210484 -0.00020758333333329996 53.247339500000002 -0.00026287499999994994 7.5541666666666663 -2.6696820175378036e-06 0.00050233333333335017 25.055468750000006 23.229427083333352 6.6496458602987802 1017.3539866815474 13.520052083333303 14.665625 25.686197916666703 11.788281250000002 11.050592616275011 7.1125000000000007 1002.6771102499193 2.0191649011299453 15.50416666666665 1.1095351666666702 22.617187500000004 3.5000000000000004
decision_type=2 2 2 2 2 2 2 2 2 2 2 2 2 2 2 2 2 2 2 2 2 2 2 2 2 2 2 2 2 2 2 2 2 2 2 2 2 2 2 2 2 2 2 2 2 2 2 2 2 2 2 2 2 2 2 2 2 2 2 2 2 2 2
left_child=2 7 3 17 5 -4 10 12 18 -8 11 -3 14 -14 26 -6 24 -1 19 -9 -13 40 23 44 46 30 31 -28 -19 -29 38 32 -2 34 -33 -35 -34 -37 39 -17 41 -20 -31 50 55 -38 47 -11 59 -49 51 -42 -39 61 -40 -7 57 -57 -59 60 -45 -22 -63
right_child=1 6 4 -5 15 22 9 8 -10 16 -12 20 13 -15 -16 25 -18 28 21 -21 53 -23 -24 -25 -26 -27 27 29 -30 42 -32 33 36 35 -36 37 45 52 54 -41 43 -43 -44 48 -46 -47 -48 49 -50 -51 -52 -53 -54 -55 -56 56 -58 58 -60 -61 -62 62 -64
leaf_value=-0.022388852703510931 -0.015224405623849545 -0.0076839663024272312 0.014814535352675573 -0.035751287739321423 0.0035767142339543203 -0.004558123310640933 0.02871953541876935 0.020126986990027389 0.022687258452888222 0.0080201623644185847 0.021909647475290381 0.019378671094459423 0.0005344925534335837 0.019241720229852495 -0.011495163725257593 -0.0024629860365326019 0.025975723737264318 -0.0099924064135018444 -0.0085717232787845665 0.0024407331306471364 0.005918329672758905 -0.0057072150403160507 0.0073067735417046463 -0.018360022557755071 0.021075477801954044 -0.013096292405802812 0.025109460365971076 -0.0075070194850002285 0.0011312429850111095 0.014338319119339608 0.0093010667996966008 0.00099446180622844954 -0.011451731788713497 0.010613166638183664 -0.0083399726569368011 0.010003652028035737 -0.00067769799396393557 0.00304663433417333 -0.0010298093929480734 -0.0098759063571386158 0.019436192752324444 0.010546326239117693 0.0015220482512993249 0.0050016941842545822 -0.013982128932404157 0.01123200650496789 0.0027026661877106949 0.0091363805951880303 -0.0054940378656894761 0.021237799756785497 0.00027544254538073312 0.0089585718287335907 -0.0022888651921240569 -0.0012987059034237332 -0.0082171127301471549 -0.0014183759162467713 -0.015172364603199422 -0.016703737491135892 -0.0067392444328805944 0.0063458312050534513 -0.010025544670493767 0.017431726991721682 0.0061040389307989735
leaf_weight=23 20 25 20 21 127 988 25 33 20 69 24 25 29 31 23 117 22 240 33 21 137 29 20 20 32 26 20 20 26 23 21 312 21 62 50 45 70 339 658 81 21 21 43 44 31 20 32 24 20 36 23 118 84 25 39 62 36 24 158 242 20 35 28
leaf_count=23 20 25 20 21 127 988 25 33 20 69 24 25 29 31 23 117 22 240 33 21 137 29 20 20 32 26 20 20 26 23 21 312 21 62 50 45 70 339 658 81 21 21 43 44 31 20 32 24 20 36 23 118 84 25 39 62 36 24 158 242 20 35 28
internal_value=4.9328e-06 0.0051773 -0.00452118 -0.0117275 -0.00360084 -0.00512434 0.0110785 0.00346414 0.00598739 0.014965 0.00795687 0.0067366 0.00212086 0.0102098 0.00169904 -0.00166355 0.013362 -0.00997897 0.00545184 0.01326 0.00818091 0.00471233 -0.00542264 -0.00561609 0.0119204 -0.00237061 0.00196838 0.007057 -0.00890325 0.00285051 -0.00206548 0.00144056 -0.00281226 0.00206572 -0.000293638 0.00367812 -0.000570165 0.0027581 -0.00233284 -0.00549842 0.00527085 -0.00112709 0.00599739 0.00597985 -0.00541935 0.0019643 0.0100964 0.0119263 0.00443187 0.0164079 0.00909137 0.0105464 0.00198589 0.00693369 -0.0014328 -0.00520951 -0.00750593 -0.00637219 -0.00805684 0.00508241 0.000297038 0.00796525 0.0124069
internal_weight=5134 2396 2738 310 2428 1359 539 1857 645 240 299 275 1212 60 1152 1069 215 289 625 54 250 571 1339 1319 193 942 1129 106 266 86 916 1023 131 892 362 530 111 468 895 198 542 54 66 488 1299 90 161 129 326 60 162 139 423 225 697 1268 280 244 182 306 64 200 63
internal_count=5134 2396 2738 310 2428 1359 539 1857 645 240 299 275 1212 60 1152 1069 215 289 625 54 250 571 1339 1319 193 942 1129 106 266 86 916 1023 131 892 362 530 111 468 895 198 542 54 66 488 1299 90 161 129 326 60 162 139 423 225 697 1268 280 244 182 306 64 200 63
is_linear=0
shrinkage=0.05


Tree=82
num_leaves=64
num_cat=0
split_feature=1 1 1 12 65 15 12 1 43 18 33 29 21 1 0 1 12 2 29 13 69 13 33 12 1 14 40 25 4 33 0 64 1 13 68 1 43 51 52 29 51 0 50 35 12 13 61 0 26 12 0 23 42 67 4 15 18 68 33 50 2 38 36
split_gain=42.5475 7.11731 6.99908 5.85683 2.85777 2.76823 2.91217 3.01289 2.54773 3.08707 2.487 2.24251 1.8367 1.83372 1.82422 1.82255 1.57394 1.8823 1.58889 1.47838 1.34243 1.39483 1.23333 1.2399 1.27895 1.88185 1.14725 1.13001 1.08201 1.07409 1.00554 0.996653 0.954646 1.07248 0.866844 0.883417 1.22472 0.848195 0.824621 0.805362 0.802326 1.88324 0.878884 0.86701 1.0651 0.847839 1.07326 0.802044 0.79446 0.794066 0.788423 0.780743 0.959788 1.38526 0.900265 0.829083 0.778566 0.961846 0.766206 0.703611 0.906874 0.671639 0.677892
threshold=10.566145833333351 20.000000000000004 3.5085937500000006 4.4718750000000007 15.808248813517286 6.7817708333333355 18.548177083333353 31.308854166666652 1020.1630125 4.4625000000000012 19.076562500000005 10.264583333333302 75.924488416666719 -4.7526041666666643 17.544098625000004 16.105468750000004 16.496875000000006 58.090106958333308 16.686197916666703 19.056510416666654 1018.2218740836023 21.903645833333353 7.3098958333333357 11.171354166666701 7.5072916666666663 10.913541666666701 1021.6313250000002 44.588322166666707 9.237499999998132e-05 20.159635416666653 -4.750093166666649 6.4934823839318367 -0.71718749999999987 1.0000000180025095e-35 0.73328012309038171 24.417187500000001 1009.519075 3.7770833333337183e-05 0.0016923342103113876 23.477864583333304 -0.00012886458333330556 11.818902541666702 -0.34155811708470757 22.301041666666652 14.46640625 10.834895833333352 50.549870271507935 -0.16758170833333347 61.664704041666702 -0.52499999999999991 9.4234631666666768 48.745524083333358 1006.9431125000001 1014.723076115231 -0.00027804166666664992 1.0000000180025095e-35 12.655729166666701 0.96490769815230515 24.404714439655155 -0.15855351192338588 77.224591083333323 1005.4465458333351 1007.8428791666701
decision_type=2 2 2 2 2 2 2 2 2 2 2 2 2 2 2 2 2 2 2 2 2 2 2 2 2 2 2 2 2 2 2 2 2 2 2 2 2 2 2 2 2 2 2 2 2 2 2 2 2 2 2 2 2 2 2 2 2 2 2 2 2 2 2
left_child=2 8 3 4 13 27 -7 14 11 -10 22 12 28 -1 26 19 17 -17 -18 40 21 39 51 24 25 38 31 -3 -2 30 -11 34 33 -15 -8 37 -37 61 47 -20 41 42 -13 45 -45 -42 -47 59 -43 -34 -51 54 53 -53 -4 -54 -26 -58 -39 -24 -61 -36 -63
right_child=1 5 10 -5 -6 6 7 -9 9 29 -12 15 -14 32 -16 16 18 -19 20 -21 -22 -23 23 -25 56 -27 -28 -29 -30 -31 -32 -33 49 -35 35 36 -38 58 -40 -41 43 48 -44 44 -46 46 -48 -49 -50 50 -52 52 55 -55 -56 -57 57 -59 -60 60 -62 62 -64
leaf_value=-0.021269896809094267 -0.01978396471016031 0.0085974509867537668 -0.0045816217495830069 -0.0342016168787651 0.0094787837730513688 0.030203116473009706 0.0041877182981891158 0.02837007692434227 0.02672575137966704 0.01347759546626978 0.014122500510255716 0.014127279628723483 0.0048431225785586715 -0.0085383295076178548 0.023532661397183321 0.023491188768055383 -0.0070373947089775908 0.0060073640714018517 0.0047821765309401694 -0.011181576063467286 0.01585017147146826 -0.0078347267427866032 0.0044833823402999186 -0.0097293770200144389 0.0012540511922574421 -0.017885322308959974 0.019696074596038712 -0.0048560796181392717 -0.0043986494982245069 0.017410586092746091 0.0039068008308905571 -0.0014362505342313296 0.00072273262469174789 -0.019191591160472313 -0.002089238337342111 0.025178954122901737 0.011312266844297411 0.01866910714383788 0.0052664170261709073 0.014932044200077902 0.00602756903001995 -0.008621450210801079 0.0055089428406148843 0.016401819390864266 6.0638365731842209e-05 -0.01045143197568716 0.00041674475776412454 -0.0080509809309779572 0.0018951292569245534 -0.0061890041109447062 -0.015629483519954974 -0.0030146212410119976 -0.01491721965945684 0.0097812511959396095 0.0097112436304084698 -0.0051777947377711431 -0.013419973170305641 -0.0010545421392103053 0.0063301684078660714 -0.0047203420262791132 0.00010740504680405719 0.014198487317829276 0.0057162532780625636
leaf_weight=23 22 26 22 20 26 20 74 23 21 33 23 37 26 155 23 26 27 38 292 21 29 21 38 43 517 20 24 39 24 21 165 24 40 28 20 20 80 32 34 21 63 29 150 20 20 24 421 63 47 626 23 260 23 23 22 460 20 74 21 225 171 31 100
leaf_count=23 22 26 22 20 26 20 74 23 21 33 23 37 26 155 23 26 27 38 292 21 29 21 38 43 517 20 24 39 24 21 165 24 40 28 20 20 80 32 34 21 63 29 150 20 20 24 421 63 47 626 23 260 23 23 22 460 20 74 21 225 171 31 100
internal_value=4.73396e-06 0.0053565 -0.00386656 -0.00743343 -0.00685124 0.010224 0.0115052 0.0107113 0.00365951 0.00840949 -0.00221936 0.00281963 -0.0057643 -0.00732629 0.00980497 0.00330065 0.00584929 0.0131205 0.00465447 0.00190927 0.00552566 0.00462728 -0.00240621 -0.00139135 -0.00108229 -0.00282919 0.0090621 0.000518136 -0.0117704 0.00664971 0.00550506 0.00842551 -0.00695769 -0.010172 0.009053 0.0102355 0.0140928 0.00834159 -0.00226083 0.00546521 0.00224899 0.00451971 0.00721751 0.00115824 0.00824578 0.000599027 -0.000168502 -0.00277688 -0.0021118 -0.0061031 -0.00652457 -0.00391532 -0.0042876 -0.0019726 0.00255403 -0.00564291 0.000492261 -0.00369195 0.0137916 -0.00200996 -0.00263442 0.00642455 0.00772825
internal_weight=5134 2155 2979 941 921 557 492 472 1598 240 2038 1358 72 895 449 1286 454 64 390 832 363 334 2015 1205 1162 551 426 65 46 219 198 402 872 183 378 304 100 204 531 313 811 263 187 548 40 508 445 497 76 689 649 810 766 283 44 483 611 94 53 434 396 151 131
internal_count=5134 2155 2979 941 921 557 492 472 1598 240 2038 1358 72 895 449 1286 454 64 390 832 363 334 2015 1205 1162 551 426 65 46 219 198 402 872 183 378 304 100 204 531 313 811 263 187 548 40 508 445 497 76 689 649 810 766 283 44 483 611 94 53 434 396 151 131
is_linear=0
shrinkage=0.05


Tree=83
num_leaves=64
num_cat=0
split_feature=28 1 1 14 33 28 23 70 33 49 14 40 32 68 29 14 20 30 66 30 0 70 27 33 62 47 9 43 28 2 1 31 51 34 25 15 69 1 17 48 27 48 34 1 1 25 55 5 62 1 9 51 9 29 19 66 31 69 70 4 54 60 19
split_gain=39.2986 7.92263 6.13152 3.86943 2.82094 2.21601 2.69323 1.86425 3.02775 1.52067 1.47343 1.41669 1.66111 1.41258 1.65727 3.22596 3.57876 1.51526 1.30646 1.75959 1.18611 1.65185 1.84737 2.37884 1.55612 1.5178 1.19949 1.06042 1.01455 0.996442 0.990042 0.973229 1.18227 0.905088 0.899579 1.18422 0.874875 0.849752 0.818675 0.918847 0.797062 0.796423 0.795009 0.953695 0.840263 1.54238 0.911137 0.790541 0.771811 0.769487 1.32843 0.834615 1.05687 0.999468 0.741771 0.891149 0.724245 0.763129 0.816886 0.722849 0.747156 1.11306 0.826307
threshold=11.408072916666653 16.819791666666656 0.47226412835249071 3.5942708333333306 30.603906250000005 7.5304687500000007 41.558632208333307 11.050592616275011 20.017187500000002 -0.99166813670569331 7.5072916666666663 1033.3474625000001 2.2406250000000005 2.7968192199783117 12.659895833333302 12.350260416666652 65.604936500000022 16.443489583333353 3.6090149994325533 16.443489583333353 5.0738091250000057 5.040152722816698 42.430970875000007 18.923958333333356 12.671276326122827 0.98296291314453421 -0.0014919999999999497 1000.3986591666702 8.8924479166666703 54.228926000000008 6.3966145833333359 24.537500000000005 -0.00012886458333330556 5.9414062500000009 76.353421000000012 9.6075520833333368 1008.9485811143904 5.4533854166666709 15.017968750000001 0.25881904510252057 52.533486208333358 -0.60355339059327384 8.6539062500000021 8.2739583333333364 6.3507812500000007 70.23125908333337 7.3923828125000011 0.0043898750000000005 13.020473487321118 24.417187500000001 -7.7791666666608339e-05 0.000457862847222221 0.0022664166666666002 26.129687500000003 3.0187500000000003 3.2999361647700991 6.8197916666666663 1002.5331856113384 12.659333086198236 6.8000000000030818e-05 0.00023675951093635005 3.9746966488688171 10.619184027777802
decision_type=2 2 2 2 2 2 2 2 2 2 2 2 2 2 2 2 2 2 2 2 2 2 2 2 2 2 2 2 2 2 2 2 2 2 2 2 2 2 2 2 2 2 2 2 2 2 2 2 2 2 2 2 2 2 2 2 2 2 2 2 2 2 2
left_child=2 7 3 11 9 6 -4 20 41 -3 28 59 -13 14 -11 16 -16 -15 19 -17 21 22 23 -2 27 26 -22 -23 -7 -8 33 32 -24 -12 35 -28 -37 -35 39 -20 -21 -9 43 54 46 -46 -44 49 -34 51 -51 53 -53 -40 55 -31 57 -56 -59 60 61 -1 -62
right_child=1 4 5 -5 -6 10 29 8 -10 13 30 12 -14 17 15 18 -18 -19 38 40 25 24 31 -25 -26 -27 34 -29 -30 42 -32 -33 48 37 -36 36 -38 -39 47 -41 -42 -43 44 -45 45 -47 -48 -49 -50 50 -52 52 -54 -55 56 -57 -58 58 -60 -61 62 -63 -64
leaf_value=-0.0070211962039698986 0.025207925275563942 -0.0047546356422256452 0.011067457860218474 -0.031637070976432292 0.02155983824816049 -0.00099389726915227717 -0.015962000331584958 0.009772409855054032 0.025601494671359679 -0.0042872203459675398 0.00019160920268552172 -0.027999649119788202 -0.0080451549504752841 -0.0093918342497038981 0.0078806248841633182 -0.010095970594751901 0.037831444034854632 0.0057535092198650979 0.022380724711741622 -0.00032122606417282534 0.011210927128538616 -0.0065481641720402661 0.0058991424709114388 0.0029206682297974046 -0.012246558520342283 0.01332798742282873 -0.01200330838830352 0.0022216804613496024 0.0042243883865348691 -0.0043351000479302584 -0.0020659542570109625 0.014336000305592927 -0.00035367574042646918 -0.015701881276691369 0.0078801490904361927 0.0017099498172592114 -0.0032069655244516904 -0.0054204837226694905 0.0077734131865689494 0.0078155532699899343 0.009456391444840213 -0.0024753829280189654 -0.0019521732260422955 -0.015079909942594351 -0.0046972535485770702 0.012911629216216898 -0.0085725192547827823 -0.00037838214484635564 0.007242649376013645 0.018540573785975054 0.0080580074273478974 0.018589242714056372 0.007427077967228979 -0.0020572605350323127 -0.0026920040563047152 0.0031079878727407299 -0.0087931686074888982 -0.0053032585276623903 -0.011743218452329581 -0.00021679451414960204 -0.0061328662151357528 -0.02248340612924787 -0.015831205945779258
leaf_weight=25 24 24 27 20 38 257 20 26 22 24 30 20 22 22 20 20 20 66 24 31 20 39 230 24 23 20 27 295 146 204 554 21 203 36 25 155 217 46 325 20 63 27 203 25 27 23 70 23 40 53 71 39 47 28 202 50 177 229 63 29 186 22 25
leaf_count=25 24 24 27 20 38 257 20 26 22 24 30 20 22 22 20 20 20 66 24 31 20 39 230 24 23 20 27 295 146 204 554 21 203 36 25 155 217 46 325 20 63 27 203 25 27 23 70 23 40 53 71 39 47 28 202 50 177 229 63 29 186 22 25
internal_value=4.56654e-06 0.00468097 -0.00408753 -0.0102787 0.00820371 -0.00318284 -0.00455343 0.00233372 0.0100095 0.00765127 -0.00148995 -0.00897787 -0.0175636 0.00798418 0.00863954 0.00903594 0.0228742 0.00196086 0.00829098 0.00335818 0.00191092 0.00297059 0.00471007 0.0140776 0.000328228 -0.000141134 -0.000749263 0.00119599 0.000895416 -0.00488009 -0.00293409 0.00379859 0.0033294 -0.0072232 -0.00131485 -0.00189242 -0.00115692 -0.00994173 0.00918272 0.0157748 0.00622685 0.00352425 -0.00470546 -0.00543452 -0.00255952 0.0033938 -0.00365178 0.00868663 0.000894937 0.00905785 0.0125436 0.00807186 0.0124964 0.00699219 -0.00517314 -0.00286789 -0.00604496 -0.00505911 -0.00669477 -0.00771911 -0.00856042 -0.0142727 -0.00728502
internal_weight=5134 2396 2738 349 958 2389 1320 1438 75 920 1069 329 42 896 808 784 40 88 744 114 1363 899 542 48 357 464 444 334 403 1293 666 494 473 112 424 399 372 82 630 44 94 53 1273 950 323 50 273 586 243 563 124 439 86 353 925 254 671 494 292 287 258 47 211
internal_count=5134 2396 2738 349 958 2389 1320 1438 75 920 1069 329 42 896 808 784 40 88 744 114 1363 899 542 48 357 464 444 334 403 1293 666 494 473 112 424 399 372 82 630 44 94 53 1273 950 323 50 273 586 243 563 124 439 86 353 925 254 671 494 292 287 258 47 211
is_linear=0
shrinkage=0.05


Tree=84
num_leaves=64
num_cat=0
split_feature=28 1 1 12 12 57 15 1 28 67 14 28 1 67 11 13 1 13 58 11 57 17 42 14 66 13 67 1 1 44 12 61 0 41 60 42 15 52 22 31 54 13 28 48 58 64 59 1 41 24 41 60 7 63 65 12 1 15 9 5 6 56 24
split_gain=35.4698 7.18592 5.64618 5.10676 3.22247 2.15891 1.90985 2.58294 1.83418 1.70672 2.06429 1.66237 1.61942 1.58182 2.33831 1.50568 1.83007 1.75638 1.4937 1.40409 1.76779 1.42041 1.25509 1.3944 1.17041 1.13854 3.07257 1.31856 1.07649 1.06194 1.05535 1.04095 1.03958 1.03999 1.32586 0.954435 0.898689 1.62311 1.15017 0.887956 1.01444 0.879355 0.8729 0.867383 1.29507 1.41025 0.830107 0.829263 1.09026 0.963515 0.822184 1.00046 1.13333 0.81009 1.9362 0.807844 0.774719 0.779011 0.754525 0.734456 0.825456 0.688203 0.686879
threshold=11.408072916666653 20.000000000000004 3.5085937500000006 4.4718750000000007 2.0398437500000006 19.154393171116507 13.836197916666652 31.308854166666652 17.455468750000005 1021.250876388889 11.771354166666653 4.7757812500000005 -4.7526041666666643 1009.3373265684858 -9.5000000000045094e-05 16.105468750000004 16.646354166666654 19.326562500000005 7.333272970301457 0.0017312083333333001 12.231546909680187 19.768229166666654 1012.9665291666651 21.516927083333353 5.6051380946285692 9.0976562500000018 1010.3405368055552 8.8783854166666725 5.5709949712643709 10.500000000000002 14.684895833333352 63.893867875992079 -2.0177338333333243 1019.553854166665 12.201862519451078 1017.5733000000001 14.738020833333302 0.0007512513511850192 80.725750666666656 24.247135416666655 0.0016729431884015332 10.908333333333301 22.095833333333353 -0.60355339059327384 4.09311049633172 2.8647758440366222 53.338386456597227 11.483333333333352 1015.3567250000001 63.865761041666708 1020.5022375000002 8.0388876638595281 -0.00060258333333329994 11.51114366319444 14.044655257936508 25.686197916666703 0.18411458333333353 6.2630208333333313 -0.00055466666666654986 0.00031837500000000003 -0.00012379166666659998 5.9738814242696483 59.759173250000011
decision_type=2 2 2 2 2 2 2 2 2 2 2 2 2 2 2 2 2 2 2 2 2 2 2 2 2 2 2 2 2 2 2 2 2 2 2 2 2 2 2 2 2 2 2 2 2 2 2 2 2 2 2 2 2 2 2 2 2 2 2 2 2 2 2
left_child=2 8 3 12 -4 9 -7 13 19 10 -3 28 -1 14 -8 18 17 39 -10 21 -21 25 23 31 56 26 -2 41 -6 62 32 -18 33 34 43 50 37 -34 58 40 -17 -27 -24 -13 45 -45 -35 49 -49 -37 51 52 -29 -53 -55 -31 57 -14 -39 60 -15 -60 -12
right_child=1 5 4 -5 11 6 7 -9 15 -11 29 30 24 59 -16 16 22 -19 -20 20 -22 -23 42 -25 -26 27 -28 35 -30 55 -32 -33 36 46 -36 47 -38 38 -40 -41 -42 -43 -44 44 -46 -47 -48 48 -50 -51 -52 53 -54 54 -56 -57 -58 -59 61 -61 -62 -63 -64
leaf_value=-0.019591237028906111 0.023863853749662624 -0.0084253780991816497 0.017706424966342803 -0.0320239561273419 -0.0060594715497935738 0.025874973413624339 0.025329902557324948 0.027741303731235036 0.0075164806256676478 0.019484259950300398 0.019153274809429618 0.0012605451243414524 -0.007862272754961654 0.0040873981484663251 0.0064805177452030866 0.0019269655610721472 0.0036733274869463956 -0.013910152743624143 0.021863164919606669 0.00039046138559680935 0.017581662188005692 -0.010859711185868332 0.0073890397137358179 -0.0061012488075798824 0.0055040574553238677 -0.0012127526064103261 0.0011315477726416153 0.0097105549448439146 -0.018926114601387631 0.0064291223980400148 -0.01352590764223457 0.014692856581574057 -0.0042183321423277112 0.00907162441424424 -0.012986397050747105 0.0073302334887294998 -0.010617749512711551 -0.0087541777987552739 0.010579726439795182 0.0099270559609600881 -0.009962214500910312 -0.013554495334243164 0.016586248226128621 -0.0030904465835512058 0.0016818749948691468 -0.015366235397449258 0.0007348237348431308 0.014292273144788207 0.0039563515949760869 -0.003439526446714733 0.0089280739163523984 0.0037166957534155959 0.0011498244290302538 -0.01497733683557693 -0.0013072683459025099 -0.0039068441247582606 -0.0054018833997284714 -0.018124844306341741 0.0043802311661650271 -0.001121479949438769 0.013220956888057129 -0.0063221667957925488 0.0067749153398189588
leaf_weight=23 21 24 20 20 73 26 33 22 105 24 26 233 260 54 33 97 152 21 22 29 31 23 109 32 21 39 51 42 21 184 20 25 531 39 25 36 41 22 30 26 22 23 34 369 143 25 128 40 71 49 31 48 489 31 158 21 594 20 60 26 46 20 20
leaf_count=23 21 24 20 20 73 26 33 22 105 24 26 233 260 54 33 97 152 21 22 29 31 23 109 32 21 39 51 42 21 184 20 25 531 39 25 36 41 22 30 26 22 23 34 369 143 25 128 40 71 49 31 48 489 31 158 21 594 20 60 26 46 20 20
internal_value=4.30814e-06 0.00444707 -0.00388334 -0.0070289 -0.00224384 0.00952997 0.0130642 0.0115043 0.00297143 0.0066911 0.00557212 -0.00246838 -0.00648345 0.00963986 0.0159152 0.0051259 0.003928 -0.000396862 0.0100072 0.00182443 0.00928236 0.00143548 0.00596894 0.00349529 -0.00614583 0.0016865 0.00777114 0.00127148 -0.00894096 0.0069128 -0.00210717 0.00523332 -0.00196971 -0.000900522 -0.00165439 0.00171272 -0.00342998 -0.00298458 0.00197462 0.00155761 -0.000267485 -0.00580065 0.00958029 -0.00128566 -0.00239137 -0.00387101 0.00268516 0.00483988 0.00768646 0.00111623 0.000944926 0.000621927 0.00182806 -0.00207827 -0.00355277 0.00536774 -0.00642638 -0.00859772 -0.000552184 0.0063478 0.00829474 0.00169793 0.0137849
internal_weight=5134 2396 2738 938 1800 539 240 214 1857 299 275 1780 918 192 66 645 518 166 127 1212 60 1152 352 209 895 1129 72 1057 94 251 1686 177 1666 962 795 995 704 663 132 145 119 62 143 770 537 394 167 196 111 85 799 768 531 237 189 205 874 280 102 126 100 80 46
internal_count=5134 2396 2738 938 1800 539 240 214 1857 299 275 1780 918 192 66 645 518 166 127 1212 60 1152 352 209 895 1129 72 1057 94 251 1686 177 1666 962 795 995 704 663 132 145 119 62 143 770 537 394 167 196 111 85 799 768 531 237 189 205 874 280 102 126 100 80 46
is_linear=0
shrinkage=0.05


Tree=85
num_leaves=64
num_cat=0
split_feature=28 1 1 12 2 10 28 26 53 1 28 5 70 27 12 22 13 28 66 27 4 10 70 21 14 52 51 43 52 66 36 20 64 68 56 60 7 66 27 39 70 1 64 24 15 52 15 13 51 27 53 24 24 23 70 12 70 27 24 5 15 13 44
split_gain=31.6739 7.09809 4.51537 5.54286 2.75596 1.9739 2.17609 1.83973 1.79639 1.72747 1.58418 1.38622 1.3627 1.64564 1.28544 1.62635 1.17595 1.18164 1.06157 1.61625 1.03165 1.22133 1.31129 1.00089 1.0391 1.13101 1.14628 1.11456 1.09776 1.07887 1.03067 0.970848 0.934695 0.932217 0.98024 1.8796 1.31206 1.41838 0.969326 0.968427 0.854564 0.850163 0.834896 1.03782 0.818932 0.812254 0.78723 0.725961 0.723531 0.922316 1.21334 0.897557 0.826698 0.825782 0.679801 0.788639 0.793427 0.815024 0.678886 0.659235 0.648286 0.645752 0.630976
threshold=10.865885416666652 18.137500000000003 1.1161458333333303 1.6020833333333353 41.120675833333358 -0.0018661666666666499 26.731250000000003 43.86752125000001 -0.00023162174158453529 12.132812500000002 6.6132812500000009 0.0010717083333333002 6.517892853297929 70.497197041666666 18.908333333333356 80.067763166666666 6.2335937500000007 7.8466145833333307 2.164970980237082 86.009923875000013 -0.00012379166666659998 -3.8166666666642843e-05 12.659333086198236 36.504523166666658 9.4317708333333368 0.002142130374564372 0.00033323243632015832 999.0525558333336 0.00082917796617260737 5.4240554244866397 1015.7804083333351 44.879667875000003 4.9986390691418823 2.7968192199783117 6.1838046684480679 10.724666441743588 -0.00023995833333329998 5.6616113066087577 55.839624000000008 1005.1975541666701 4.6405968578979815 5.2265625000000009 6.2548388911613264 79.888769583333371 2.7861979166666706 0.00035028279780188607 9.9984375000000032 9.4992187500000025 -0.00010753472222219732 47.668887708333308 7.9785007393429642e-05 66.879780208333372 58.580252041666704 50.263916500000008 12.767100731605163 6.3966145833333359 4.6180030208092377 74.80207270833337 43.296187833333356 0.00084483333333325013 4.8567708333333313 13.790885416666702 16.500000000000004
decision_type=2 2 2 2 2 2 2 2 2 2 2 2 2 2 2 2 2 2 2 2 2 2 2 2 2 2 2 2 2 2 2 2 2 2 2 2 2 2 2 2 2 2 2 2 2 2 2 2 2 2 2 2 2 2 2 2 2 2 2 2 2 2 2
left_child=2 8 3 20 -4 -3 12 31 -2 11 18 23 13 33 15 42 44 45 19 -6 -1 -22 -23 -10 29 26 27 -26 -29 -25 -28 -8 54 34 35 39 -36 -38 -37 -7 -30 -19 43 48 -12 -18 -41 -43 51 -50 52 61 53 -51 55 56 57 60 -48 -60 -20 -11 -54
right_child=1 5 4 -5 10 6 7 -9 9 14 16 -13 -14 -15 -16 -17 17 41 32 -21 21 22 -24 24 25 -27 30 28 40 -31 -32 -33 -34 -35 36 38 37 -39 -40 46 -42 47 -44 -45 -46 -47 58 -49 49 50 -52 -53 62 -55 -56 -57 -58 -59 59 -61 -62 -63 -64
leaf_value=-0.010978287043956141 0.013401956724919024 0.021196992714017874 0.013967380822224637 -0.034264990168510527 -0.0028043145465548105 -0.0026822206083813062 0.015086237702346711 0.0088413273380307644 0.010039275515025236 0.0073621684117662406 0.010261598243415783 -0.011438988804233816 -0.0051075039346892854 0.020459390292261501 -0.005941482646469114 0.017386445997689921 -0.0048197259610011905 -0.010455779365550564 0.0024041533789094351 0.013103070521707656 -0.0016413003217090787 -0.0058622578958655719 -0.016964086469702298 0.0073509652972255386 -0.010705486611634642 -0.010265852220360454 0.015435221647654998 0.00077556753246214253 -0.00098151211775795522 -0.0030627271839875105 -2.5460691940835518e-05 0.030562904667945159 0.0041120900481840016 -0.00014540084925381447 -0.0028097757717399142 0.010023716693955367 0.0024103155843245481 0.014652975135568853 0.024990516608392434 0.016456721590288947 -0.012793698305645158 -0.0011854078120773445 0.010766672453408791 -0.0052721553105862058 6.1431570937057684e-05 -0.014195187080180924 0.015644910158771431 -0.0067019274898219494 0.0067131311799833587 -0.0018552623158172518 -0.0087702856877248797 0.0089167585696472724 -0.0015465776948872139 0.0082427362683665066 -0.009102991929866848 -0.013059404031870642 -0.0038539621305361442 -0.012356189654081928 0.0073576777172376087 -0.00061289039689255186 -0.0097316558341602535 0.0013948478766148431 0.003928885049037309
leaf_weight=127 36 28 24 20 79 23 21 59 28 69 21 24 24 22 34 22 78 29 23 20 116 112 35 92 26 28 22 445 34 34 21 20 27 48 51 20 63 38 24 25 28 624 39 34 312 33 22 66 97 27 28 119 150 80 105 28 650 60 237 29 21 133 81
leaf_count=127 36 28 24 20 79 23 21 59 28 69 21 24 24 22 34 22 78 29 23 20 116 112 35 92 26 28 22 445 34 34 21 20 27 48 51 20 63 38 24 25 28 624 39 34 312 33 22 66 97 27 28 119 150 80 105 28 650 60 237 29 21 133 81
internal_value=7.22801e-05 0.0041126 -0.00377434 -0.00859234 -0.00287618 0.00816177 0.00765806 0.0145111 0.00234851 0.00211337 -0.00306225 0.00038791 0.00656232 0.00702847 0.00359069 0.00396003 -0.00180242 -0.0028096 -0.00450811 0.000405247 -0.00727367 -0.0054825 -0.00850993 0.000763182 0.000406569 -0.000454296 2.19565e-05 -0.000610771 -9.19063e-05 0.00453693 0.00787478 0.0226536 -0.00504085 0.00651781 0.00711993 0.00847838 0.0037202 0.00702241 0.0182026 0.00720298 -0.00632531 -0.00206732 0.00361458 0.00327285 0.000706476 -0.00761256 0.00793103 -0.00171389 0.00364412 0.00237738 0.00122677 0.00546953 0.00205665 0.00569004 -0.00532006 -0.00481138 -0.00450425 -0.008563 0.00718867 0.00648684 -0.00337747 0.00343593 0.000371312
internal_weight=5095 2485 2610 410 2200 754 726 100 1731 1695 2176 782 626 602 913 879 1163 830 1013 99 390 263 147 758 730 604 576 533 507 126 43 41 914 580 532 380 152 101 44 336 62 719 857 818 333 111 313 690 784 463 366 321 338 107 887 782 754 104 288 266 44 202 231
internal_count=5095 2485 2610 410 2200 754 726 100 1731 1695 2176 782 626 602 913 879 1163 830 1013 99 390 263 147 758 730 604 576 533 507 126 43 41 914 580 532 380 152 101 44 336 62 719 857 818 333 111 313 690 784 463 366 321 338 107 887 782 754 104 288 266 44 202 231
is_linear=0
shrinkage=0.05


Tree=86
num_leaves=64
num_cat=0
split_feature=1 1 1 12 24 33 10 0 33 31 27 65 30 68 52 66 29 20 5 12 1 62 14 60 10 1 1 17 69 53 6 12 66 38 64 5 1 0 14 1 60 64 58 18 66 70 68 70 62 41 25 29 34 5 6 51 11 10 9 51 20 13 29
split_gain=28.2018 4.8202 4.42221 2.86798 2.47306 2.31668 2.42891 1.81878 1.49682 1.46896 1.63785 1.23622 1.21347 1.35469 1.2047 1.92813 1.33805 1.53265 1.24661 1.18579 1.13833 1.13622 1.27275 1.03111 0.989838 0.942293 0.931146 1.15339 1.10522 1.04662 0.897536 0.877229 0.867376 1.02317 0.93773 1.10699 1.00424 0.810486 0.798707 1.391 1.02665 1.34626 0.962415 0.861572 0.854038 0.812465 0.941943 0.724865 0.895842 0.717178 0.705098 0.69929 0.67306 0.747461 0.642664 0.617615 1.07404 1.2663 0.941064 0.748435 1.55677 0.873188 0.646917
threshold=10.566145833333351 5.7682291666666705 18.261197916666656 6.6135416666666655 36.550125208333306 30.603906250000005 -0.0018661666666666499 -10.934077041666649 19.076562500000005 6.8197916666666663 70.497197041666666 16.710224454365086 7.3713541666666655 1.3095744132258587 0.0027033324935620104 5.7207251600385538 19.489322916666655 51.80121362500001 -0.00049974999999994989 18.908333333333356 -3.7072916666666695 3.3447654352670262 4.1791666666666716 4.4860820055275026 9.7083333333359472e-06 7.5541666666666663 15.373958333333352 14.31796875 1006.4675083010912 -8.4162698412687043e-05 -0.00048566666666664994 5.5114583333333362 2.0052920192665948 1004.9003500000001 5.5247944996215184 -0.00043629166666659991 2.2841145833333356 10.830411583333353 11.012500000000001 24.417187500000001 12.780231896970962 6.3260977522141388 4.7810224339548233 23.023177083333305 3.3347947067479526 3.1906611855543856 1.1564579827715882 11.050592616275011 11.454970192547714 993.22483541666656 68.501121916666662 19.105729166666652 13.982552083333351 -0.00035562499999994995 -0.00029262499999999997 6.3749999999991478e-06 -0.00012983333333329997 -0.00024145833333329996 -0.00065391666666654981 -0.00013183800287354662 61.207860625000009 8.5872395833333375 12.240364583333351
decision_type=2 2 2 2 2 2 2 2 2 2 2 2 2 2 2 2 2 2 2 2 2 2 2 2 2 2 2 2 2 2 2 2 2 2 2 2 2 2 2 2 2 2 2 2 2 2 2 2 2 2 2 2 2 2 2 2 2 2 2 2 2 2 2
left_child=1 3 4 7 -2 6 -4 24 21 -8 23 20 13 -6 15 19 18 -18 -17 26 -9 -3 25 -11 -1 -23 27 29 -29 37 -28 -24 33 -22 36 -36 49 50 -25 40 41 43 -41 44 -40 46 -44 48 -31 -34 -14 52 -30 -54 -45 59 58 -58 -57 60 62 -62 -33
right_child=2 8 5 -5 12 -7 9 11 -10 10 -12 -13 14 -15 -16 16 17 -19 -20 -21 32 22 31 38 -26 -27 30 28 51 47 -32 55 34 -35 35 -37 -38 -39 39 42 -42 -43 45 54 -46 -47 -48 -49 -50 -51 -52 -53 53 -55 -56 56 57 -59 -60 -61 61 -63 -64
leaf_value=-0.0067203662450460158 0.01724231201296262 0.0079344014185613598 0.021662258401117261 -0.021391069765612863 0.0041850395954747995 0.019787836189728292 -0.0044415403973892759 -0.013155209298364638 0.01268652385917084 -0.0012412603197193969 0.020958524204228356 0.0080137420509909761 0.010390460821847565 -0.011929483495476404 -0.0067835052630066022 0.024777856663309183 0.011508302976833161 -0.0063483160283453743 0.0087394257842635971 -0.0070264083610586323 -0.0037609934515351255 -0.0025978397887407348 0.0091782173110807799 -0.0011301019806376318 -0.020177189504042112 -0.014193598752371767 0.011176761254953911 -0.011039026276987107 -0.0054018334963617017 -0.001091462146365195 0.0038694612277967613 -0.0013095433775049243 -0.015725489836700371 0.0065423425542459508 -0.00502948990889564 0.0095638600465912729 -0.0038063572668479103 -0.0011520066614039573 -0.00077458967102636306 0.020079985449896857 0.01323439621894263 -0.0056517297944311097 0.0077631358869380664 -0.004546484933326188 0.0082406733180981195 0.00079516823794962698 0.02099467665240743 0.0089190014714734048 0.0046921791028436645 -0.0062616533571400379 0.0041149728220697289 -0.0072905146045712053 0.0095011527158118132 0.00080162819207431227 0.0046977541124490008 -0.01083626247819274 0.014439532218632079 0.0018435595869813678 -0.00016574856712848999 -0.0023788017801072911 0.0091936755972543676 0.00080619959090351574 -0.013630888985096663
leaf_weight=27 29 34 27 26 23 37 30 37 20 41 20 20 87 30 32 21 28 21 29 32 63 39 21 29 28 32 50 25 32 221 267 23 21 39 27 25 832 35 29 30 46 26 38 28 269 20 21 29 96 463 93 28 31 122 57 26 24 119 101 785 49 85 20
leaf_count=27 29 34 27 26 23 37 30 37 20 41 20 20 87 30 32 21 28 21 29 32 63 39 21 29 28 32 50 25 32 221 267 23 21 39 27 25 832 35 29 30 46 26 38 28 269 20 21 29 96 463 93 28 31 122 57 26 24 119 101 785 49 85 20
internal_value=6.86613e-05 -0.00305753 0.00449507 -0.00491727 0.0027971 0.00758382 0.00694775 -0.00464608 -0.000886996 0.00636588 0.00686246 -0.00432379 0.0024821 -0.00492749 0.00278957 0.00303568 0.00973218 0.00384553 0.0154892 0.00245768 -0.00448791 -0.00108736 -0.00131947 0.00641667 -0.0135826 -0.0078324 0.00273013 0.0018194 -0.00109562 0.00305697 0.00502393 -0.000949966 -0.00426932 0.000173871 -0.00460098 0.00197742 -0.00486131 0.00579729 0.006947 0.00736321 0.00614544 0.00534663 0.0124409 0.00609468 0.00736167 0.00953153 0.0124839 0.0013526 0.000658566 -0.00667362 0.00715131 6.9562e-05 0.00118656 0.00256805 0.00164653 -0.00112308 0.000988859 0.00396193 -0.00235488 -0.00171636 0.00121875 0.00387745 -0.00705386
internal_weight=5095 2986 2109 1608 1361 748 711 1582 1378 684 654 1527 1332 53 1279 1247 99 49 50 1148 1507 1358 1324 634 55 71 1116 799 238 561 317 1253 1470 102 1368 52 1316 215 593 564 455 409 109 383 298 79 59 346 317 484 180 213 185 153 85 1232 270 143 127 962 177 134 43
internal_count=5095 2986 2109 1608 1361 748 711 1582 1378 684 654 1527 1332 53 1279 1247 99 49 50 1148 1507 1358 1324 634 55 71 1116 799 238 561 317 1253 1470 102 1368 52 1316 215 593 564 455 409 109 383 298 79 59 346 317 484 180 213 185 153 85 1232 270 143 127 962 177 134 43
is_linear=0
shrinkage=0.05


Tree=87
num_leaves=64
num_cat=0
split_feature=28 33 17 2 28 28 28 26 13 13 40 13 43 31 39 19 44 28 16 28 20 14 54 31 60 35 39 56 53 51 12 58 56 52 13 16 57 20 5 3 34 13 28 33 33 41 48 57 58 57 63 65 13 27 70 0 32 3 40 28 13 5 48
split_gain=25.9335 5.50764 4.47339 2.69732 2.51092 2.24289 2.20439 1.79541 1.77659 1.6075 2.65212 1.59357 1.44261 1.43001 1.70803 1.45312 2.12261 1.36679 1.27477 1.26724 1.24771 1.36313 1.20447 1.15048 1.14392 1.10938 1.09387 1.05602 1.32296 0.957344 0.93958 1.06068 0.928719 0.985812 0.940386 0.915141 1.59165 0.84214 0.823503 0.804081 0.801668 0.793962 0.841867 0.789287 1.10698 0.892022 0.794269 0.800659 0.788821 0.772399 1.13627 1.02882 0.781651 0.743938 0.739917 0.728629 0.72201 0.67223 0.666749 0.615325 1.0545 0.736586 0.906467
threshold=10.865885416666652 22.120312500000004 18.514583333333352 41.120675833333358 3.8375000000000004 15.014583333333352 26.731250000000003 43.86752125000001 0.95468750000000013 9.2927083333333371 1004.8298583333302 23.528385416666705 1007.2460000000001 11.300260416666651 1001.9817458333351 17.564583333333356 10.500000000000002 6.0854166666666716 11.278125000000001 24.185156250000002 67.502284416666669 15.171614583333353 0.0016905673649102841 9.0648437500000014 11.777949047038982 22.502617408192055 1009.0433041666701 9.0104499115082657 -9.4790922619032218e-05 -7.0509898088016876e-05 12.544791666666653 8.380990700157561 8.5522602123181866 0.0016226828665425659 13.001302083333302 -2.5283854166666644 3.6856339771181306 67.11393495833336 -0.0012581249999999496 1017.0262083333301 18.817187500000006 3.9138020833333358 5.1317708333333307 10.249739583333351 7.3729166666666659 1029.9155500000002 -0.70710678118654757 8.7178025115992011 3.8004082494416296 13.397518291170636 15.635861545138892 14.461126612103174 4.5984375000000011 47.987143875000008 5.6436890476793495 14.570659000000001 12.154166666666653 1010.0474041666652 1030.4075750000002 7.8466145833333307 5.8546875000000007 0.00015208333333330002 -0.60355339059327384
decision_type=2 2 2 2 2 2 2 2 2 2 2 2 2 2 2 2 2 2 2 2 2 2 2 2 2 2 2 2 2 2 2 2 2 2 2 2 2 2 2 2 2 2 2 2 2 2 2 2 2 2 2 2 2 2 2 2 2 2 2 2 2 2 2
left_child=3 5 -3 -1 35 12 20 -8 -6 17 -11 13 22 15 53 -7 -17 41 -13 27 21 -4 -2 24 29 56 -22 28 -16 -14 -30 38 34 -34 40 36 -5 -12 -32 -40 -25 42 -10 44 45 46 -37 -48 -46 51 -51 52 54 -15 -19 -27 -23 -9 -47 60 -54 -61 -63
right_child=1 2 6 4 8 11 7 57 9 10 37 18 23 14 19 16 -18 49 -20 -21 26 25 -24 32 -26 55 -28 -29 30 -31 31 -33 33 -35 -36 43 -38 -39 39 -41 -42 -43 -44 -45 48 58 47 -49 -50 50 -52 -53 59 -55 -56 -57 -58 -59 -60 61 -62 62 -64
leaf_value=0.012921820254977802 -0.0014321980193382484 0.03198430241113049 -0.0065055523654757516 -0.005680761819159795 0.012069835146886298 0.0033874275948364129 0.022204349090732857 0.012977406642958622 -0.0043036713835486349 -0.025341734431374743 -0.010215366924434373 0.0036730137538445689 0.010139679392305393 0.0031844569609020845 0.0061371761082258461 0.025149211652845584 0.0066526735028567515 -0.0013045553419201595 -0.012292775454129257 0.016280431828814061 0.022112400298831106 0.017569942668318628 -0.01423169312982828 0.0021773668302414446 0.018026978248168995 -0.0028511004938410632 0.005532134470829125 0.011978058744890385 0.010915034285193373 -0.0027255853470132137 0.012094498723596409 -0.0088259806165205349 -0.013530271318783255 0.00078296022185479438 -0.0038757328490772918 0.0051592326778005359 -0.023920056653925326 -6.680253208556139e-05 0.0025745357743709642 -0.0035125377510523987 0.012180369942121454 -0.0067135966303742169 0.0010649626683104606 0.0038266450236516553 -0.0079855310201741077 -0.015632435825806573 -0.0054996284416494188 0.0045757820919290829 -0.018208235009390089 -0.0078240334823060156 0.0037482318866643503 0.0054911603186454938 -0.0010637300856146394 -0.0085264183995216406 0.010182818601591329 0.0052677037909631278 0.0071546811495163346 0.0023360852250417486 -0.0048893885446375084 -0.0014556473262245639 -0.0060693311599582097 0.0092645702261126856 -0.0018773721942161492
leaf_weight=25 228 20 26 30 20 49 41 37 325 20 40 24 31 21 351 28 35 29 26 22 20 20 20 442 20 46 20 41 29 27 20 23 21 28 63 21 20 42 388 63 21 239 94 20 55 33 309 21 29 98 27 55 238 38 27 69 102 25 26 505 189 38 35
leaf_count=25 228 20 26 30 20 49 41 37 325 20 40 24 31 21 351 28 35 29 26 22 20 20 20 442 20 46 20 41 29 27 20 23 21 28 63 21 20 42 388 63 21 239 94 20 55 33 309 21 29 98 27 55 238 38 27 69 102 25 26 505 189 38 35
internal_value=6.5245e-05 0.00372116 0.00889663 -0.00341538 -0.00357363 0.00265009 0.00775731 0.0140794 -0.00274996 -0.0028984 -0.00901491 0.00410582 0.000778547 0.00450007 0.00389682 0.00985945 0.014884 -0.00256955 -0.00462 0.00441666 0.00560617 0.00435177 -0.00246696 0.00201193 0.00771098 0.0055452 0.0138382 0.00413069 0.00376186 0.00414262 0.00216667 0.00165188 0.00123785 -0.00534259 0.0018519 -0.00652411 -0.0129898 -0.00502406 0.00216478 0.00172307 0.0026324 -0.00441215 -0.00309806 -0.00589393 -0.00628856 -0.00521477 -0.00425603 -0.00485683 -0.0115225 -0.00159215 -0.00532032 -0.00117407 -0.00152011 -0.00434983 0.0042259 0.00201587 0.0088675 0.00869568 -0.0109083 -0.00184082 -0.00328059 -0.000776279 0.00391617
internal_weight=5095 2485 426 2610 2585 2059 406 103 2021 2001 102 1158 901 1108 996 112 63 1899 50 937 303 263 248 653 78 237 40 915 874 58 523 494 575 49 526 564 50 82 471 451 463 658 419 514 494 410 351 330 84 1241 125 1116 1061 59 56 115 122 62 59 1005 427 578 73
internal_count=5095 2485 426 2610 2585 2059 406 103 2021 2001 102 1158 901 1108 996 112 63 1899 50 937 303 263 248 653 78 237 40 915 874 58 523 494 575 49 526 564 50 82 471 451 463 658 419 514 494 410 351 330 84 1241 125 1116 1061 59 56 115 122 62 59 1005 427 578 73
is_linear=0
shrinkage=0.05


end of trees

feature_importances:
t_i_3_lag1=1026
t_o=957
t_o_lag2=229
t_o_lag3=227
weight_kg_noOutlier=154
t_o_lag1=150
t_i_3_lag2=148
t_i_3_lag3=110
t_o_lag6=86
t_i_3_roll168_std=83
weight_delta_noOutlier_lag1=79
t_i_3_roll24_std=78
p_roll168_std=75
t_i_3_lag24=74
weight_delta_noOutlier_roll24_std=73
weight_delta_noOutlier_roll24_mean=70
hour=66
t_i_3_roll24_mean=63
day_cos=62
h_roll168_mean=61
h_lag3=60
day_sin=58
weight_delta_noOutlier_roll168_std=58
p_lag168=57
t_o_roll168_std=55
t_i_3_lag6=53
weight_delta_noOutlier_roll168_mean=51
t_o_roll168_mean=51
hour_sin=50
hour_cos=47
p_roll168_mean=47
t_o_lag24=46
t_i_3_roll168_mean=44
h=42
t_i_3_lag12=41
p_lag24=38
t_o_roll24_std=38
p=37
h_lag48=36
h_roll168_std=36
h_lag1=35
h_lag168=35
h_roll24_std=35
t_o_lag12=33
p_roll24_std=33
weight_delta_noOutlier_lag2=32
weight_delta_noOutlier_lag24=32
weight_delta_noOutlier_lag168=31
weight_delta_noOutlier_lag12=30
t_i_3_lag48=30
month=29
weight_delta_noOutlier_lag48=27
h_lag6=26
p_lag48=25
weight_delta_noOutlier_lag6=24
h_lag12=24
h_lag2=23
t_i_3_lag168=23
t_o_lag168=22
t_o_lag48=20
h_lag24=20
p_lag12=20
h_roll24_mean=20
p_roll24_mean=20
t_o_roll24_mean=19
weight_delta_noOutlier_lag3=15
p_lag1=15
p_lag6=15
p_lag3=8
dayofweek=4
p_lag2=3

parameters:
[boosting: gbdt]
[objective: regression]
[metric: rmse]
[tree_learner: serial]
[device_type: cpu]
[data_sample_strategy: bagging]
[data: ]
[valid: ]
[num_iterations: 1000]
[learning_rate: 0.05]
[num_leaves: 64]
[num_threads: 0]
[seed: 42]
[deterministic: 0]
[force_col_wise: 0]
[force_row_wise: 0]
[histogram_pool_size: -1]
[max_depth: -1]
[min_data_in_leaf: 20]
[min_sum_hessian_in_leaf: 0.001]
[bagging_fraction: 0.8]
[pos_bagging_fraction: 1]
[neg_bagging_fraction: 1]
[bagging_freq: 5]
[bagging_seed: 400]
[bagging_by_query: 0]
[feature_fraction: 0.8]
[feature_fraction_bynode: 1]
[feature_fraction_seed: 30056]
[extra_trees: 0]
[extra_seed: 12879]
[early_stopping_round: 0]
[early_stopping_min_delta: 0]
[first_metric_only: 0]
[max_delta_step: 0]
[lambda_l1: 0.01]
[lambda_l2: 0.01]
[linear_lambda: 0]
[min_gain_to_split: 0]
[drop_rate: 0.1]
[max_drop: 50]
[skip_drop: 0.5]
[xgboost_dart_mode: 0]
[uniform_drop: 0]
[drop_seed: 17869]
[top_rate: 0.2]
[other_rate: 0.1]
[min_data_per_group: 100]
[max_cat_threshold: 32]
[cat_l2: 10]
[cat_smooth: 10]
[max_cat_to_onehot: 4]
[top_k: 20]
[monotone_constraints: ]
[monotone_constraints_method: basic]
[monotone_penalty: 0]
[feature_contri: ]
[forcedsplits_filename: ]
[refit_decay_rate: 0.9]
[cegb_tradeoff: 1]
[cegb_penalty_split: 0]
[cegb_penalty_feature_lazy: ]
[cegb_penalty_feature_coupled: ]
[path_smooth: 0]
[interaction_constraints: ]
[verbosity: -1]
[saved_feature_importance_type: 0]
[use_quantized_grad: 0]
[num_grad_quant_bins: 4]
[quant_train_renew_leaf: 0]
[stochastic_rounding: 1]
[linear_tree: 0]
[max_bin: 255]
[max_bin_by_feature: ]
[min_data_in_bin: 3]
[bin_construct_sample_cnt: 200000]
[data_random_seed: 175]
[is_enable_sparse: 1]
[enable_bundle: 1]
[use_missing: 1]
[zero_as_missing: 0]
[feature_pre_filter: 1]
[pre_partition: 0]
[two_round: 0]
[header: 0]
[label_column: ]
[weight_column: ]
[group_column: ]
[ignore_column: ]
[categorical_feature: ]
[forcedbins_filename: ]
[precise_float_parser: 0]
[parser_config_file: ]
[objective_seed: 16083]
[num_class: 1]
[is_unbalance: 0]
[scale_pos_weight: 1]
[sigmoid: 1]
[boost_from_average: 1]
[reg_sqrt: 0]
[alpha: 0.9]
[fair_c: 1]
[poisson_max_delta_step: 0.7]
[tweedie_variance_power: 1.5]
[lambdarank_truncation_level: 30]
[lambdarank_norm: 1]
[label_gain: ]
[lambdarank_position_bias_regularization: 0]
[eval_at: ]
[multi_error_top_k: 1]
[auc_mu_weights: ]
[num_machines: 1]
[local_listen_port: 12400]
[time_out: 120]
[machine_list_filename: ]
[machines: ]
[gpu_platform_id: -1]
[gpu_device_id: -1]
[gpu_use_dp: 0]
[num_gpu: 1]

end of parameters

pandas_categorical:[]
